estimate influence by Mente-Carlo is: 133.659
reachable node size: 4029
estimate influence by StopAlgorithm is: 135.504
166 __ 9937714
Sample num: 166
Sample num: 332
Sample num: 664
Sample num: 1328
Sample num: 2656
Sample num: 5312
RR_num of lower bound:5312 max_num:9937714
sample_num of upper bound:5312 max_num:9937714
upper's influence:112.447
lower's influence:113.468
orginal's influence:112.622
PhysicalMem(MB) 17.918
VirtualMem(MB) 27.9805
time:2.59895
tmp: 0.356213
Dsu_bu: 33.6061
Ds_bu20.5721
approximation ratio: 0.218057
estimate influence by Mente-Carlo is: 132.63
reachable node size: 4029
estimate influence by StopAlgorithm is: 132.548
255 __ 7727570
Sample num: 255
Sample num: 510
Sample num: 1020
Sample num: 2040
estimate influence by Mente-Carlo is: 215.122
reachable node size: 955
estimate influence by StopAlgorithm is: 217.03
136 __ 1336951
Sample num: 136
Sample num: 272
Sample num: 544
Sample num: 1088
Sample num: 2176
Sample num: 4080
Sample num: 4352
RR_num of lower bound:4352 max_num:1336951
sample_num of upper bound:4352 max_num:1336951
upper's influence:187.355
lower's influence:183.033
orginal's influence:178.465
PhysicalMem(MB) 7.60156
VirtualMem(MB) 17.5664
time:0.903307
tmp: 0.356213
Sample num: 8160
RR_num of lower bound:8160 max_num:7727570
sample_num of upper bound:8160 max_num:7727570
Dsu_bu: 47.6531
Ds_bu35.4886
approximation ratio: 0.265281
upper's influence:105.846
lower's influence:105.315
orginal's influence:107.814
PhysicalMem(MB) 19.168
VirtualMem(MB) 28.7773
time:3.53618
tmp: 0.356213
Dsu_bu: 45.7596
Ds_bu27.7606
approximation ratio: 0.216101
estimate influence by Mente-Carlo is: 2073.38
reachable node size: 52093
estimate influence by Mente-Carlo is: 216.174
reachable node size: 955
estimate influence by StopAlgorithm is: 217.162
203 __ 1134953
Sample num: 203
Sample num: 406
Sample num: 812
Sample num: 1624
Sample num: 3248
RR_num of lower bound:3248 max_num:1134953
Sample num: 6496
sample_num of upper bound:6496 max_num:1134953
upper's influence:158.104
lower's influence:164.246
orginal's influence:166.416
PhysicalMem(MB) 7.18359
VirtualMem(MB) 17.3008
time:1.01012
tmp: 0.356213
Dsu_bu: 74.4167
Ds_bu48.8601
approximation ratio: 0.23388
estimate influence by StopAlgorithm is: 2128.71
256 __ 131724550
estimate influence by Mente-Carlo is: 2069.73
reachable node size: 52093
Sample num: 256
Sample num: 512
estimate influence by StopAlgorithm is: 2072.8
409 __ 105441261
Sample num: 409
Sample num: 1024
Sample num: 818
Sample num: 2048
Sample num: 1636
Sample num: 3272
Sample num: 4096
Sample num: 6544
RR_num of lower bound:6544 max_num:105441261
Sample num: 8192
Sample num: 13088
sample_num of upper bound:13088 max_num:105441261
upper's influence:1875.73
lower's influence:1900.75
orginal's influence:1942.14
PhysicalMem(MB) 200.527
VirtualMem(MB) 215.117
time:118.619
tmp: 0.356213
Dsu_bu: 142.287
Ds_bu178.33
approximation ratio: 0.446446
estimate influence by Mente-Carlo is: 621.665
reachable node size: 317070
estimate influence by StopAlgorithm is: 626.834
415 __ 652163107
Sample num: 415
Sample num: 830
Sample num: 16384
RR_num of lower bound:16384 max_num:131724550
sample_num of upper bound:16384 max_num:131724550
upper's influence:1986.31
lower's influence:1990.18
Sample num: 1660
orginal's influence:1990.56
PhysicalMem(MB) 200.617
VirtualMem(MB) 215.129
time:223.893
tmp: 0.356213
Dsu_bu: 135.764
Sample num: 3320
Ds_bu259.448
approximation ratio: 0.68073
estimate influence by Mente-Carlo is: 623.537
reachable node size: 317070
estimate influence by StopAlgorithm is: 629.71
260 __ 813887461
Sample num: 260
Sample num: 520
Sample num: 1040
Sample num: 6640
Sample num: 2080
Sample num: 4160
Sample num: 8320
Sample num: 13280
RR_num of lower bound:13280 max_num:652163107
sample_num of upper bound:13280 max_num:652163107
upper's influence:584.474
lower's influence:578.26
orginal's influence:607.215
PhysicalMem(MB) 289.324
VirtualMem(MB) 300.75
time:379.228
tmp: 0.356213
Dsu_bu: 41.3809
Ds_bu29.7565
approximation ratio: 0.256148
estimate influence by Mente-Carlo is: 959.943
reachable node size: 47666
estimate influence by StopAlgorithm is: 985.054
363 __ 85540261
Sample num: 363
Sample num: 726
Sample num: 1452
Sample num: 2904
Sample num: 16640
RR_num of lower bound:16640 max_num:813887461
sample_num of upper bound:16640 max_num:813887461
Sample num: 5808
sample_num of upper bound:5808 max_num:85540261
upper's influence:604.74
Sample num: 11616
RR_num of lower bound:11616 max_num:85540261
upper's influence:788.88
lower's influence:780.035
orginal's influence:818.897
PhysicalMem(MB) 76.1875
VirtualMem(MB) 86.1367
time:65.3923
tmp: 0.356213
lower's influence:583.434
Dsu_bu: 174.085
Ds_bu199.223
approximation ratio: 0.40765
estimate influence by Mente-Carlo is: 1175.25
reachable node size: 218111
estimate influence by StopAlgorithm is: 1170.02
411 __ 443918016
orginal's influence:600.918
PhysicalMem(MB) 293.434
VirtualMem(MB) 304.918
time:444.061
tmp: 0.356213
Sample num: 411
Sample num: 822
Sample num: 1644
RR_num of lower bound:1644 max_num:443918016
sample_num of upper bound:1644 max_num:443918016
Dsu_bu: 26.5281
upper's influence:553.499
Ds_bu15.9599
approximation ratio: 0.214306
estimate influence by Mente-Carlo is: 963.484
reachable node size: 47666
estimate influence by StopAlgorithm is: 942.921
229 __ 107749516
Sample num: 229
Sample num: 458
lower's influence:530.584
Sample num: 916
Sample num: 1832
orginal's influence:754.229
PhysicalMem(MB) 277.441
VirtualMem(MB) 293.008
time:101.367
tmp: 0.356213
Sample num: 3664
Sample num: 7328
RR_num of lower bound:7328 max_num:107749516
Sample num: 14656
sample_num of upper bound:14656 max_num:107749516
upper's influence:852.37
lower's influence:865.924
Dsu_bu: 429.712
orginal's influence:885.333
PhysicalMem(MB) 80.0703
VirtualMem(MB) 90.2578
time:51.0607
tmp: 0.356213
Dsu_bu: 86.3716
Ds_bu115.976
approximation ratio: 0.478307
estimate influence by Mente-Carlo is: 1179.21
reachable node size: 218111
Ds_bu619.976
approximation ratio: 0.513934
estimate influence by Mente-Carlo is: 1606.8
reachable node size: 81294
estimate influence by StopAlgorithm is: 1634.09
365 __ 146918702
Sample num: 365
estimate influence by StopAlgorithm is: 1194.5
257 __ 554375779
Sample num: 730
Sample num: 257
Sample num: 1460
Sample num: 514
Sample num: 2920
sample_num of upper bound:2920 max_num:146918702
Sample num: 1028
Sample num: 5840
RR_num of lower bound:5840 max_num:146918702
upper's influence:1234.26
lower's influence:1246.19
orginal's influence:1419.52
PhysicalMem(MB) 148.488
VirtualMem(MB) 159.004
time:40.4673
tmp: 0.356213
Sample num: 2056
RR_num of lower bound:2056 max_num:554375779
sample_num of upper bound:2056 max_num:554375779
Dsu_bu: 244.173
Ds_bu425.751
approximation ratio: 0.621109
upper's influence:711.475
estimate influence by Mente-Carlo is: 66.3694
reachable node size: 2314
estimate influence by StopAlgorithm is: 66.6486
276 __ 4192068
Sample num: 276
Sample num: 552
Sample num: 1104
Sample num: 2208
RR_num of lower bound:2208 max_num:4192068
sample_num of upper bound:2208 max_num:4192068
upper's influence:54.2649
lower's influence:53.6921
orginal's influence:59.2398
PhysicalMem(MB) 14.0352
VirtualMem(MB) 23.957
time:1.63764
tmp: 0.356213
Dsu_bu: 27.4059
Ds_bu13.0514
approximation ratio: 0.169638
lower's influence:702.48
estimate influence by Mente-Carlo is: 8758.98
reachable node size: 1134880
orginal's influence:850.597
PhysicalMem(MB) 277.488
VirtualMem(MB) 293.004
time:99.9129
tmp: 0.356213
estimate influence by StopAlgorithm is: 8738.64
462 __ 2599486760
Dsu_bu: 343.489
Ds_bu476.357
approximation ratio: 0.494003
estimate influence by Mente-Carlo is: 1612.08
reachable node size: 81294
estimate influence by StopAlgorithm is: 1584.68
231 __ 184969613
Sample num: 231
Sample num: 462
Sample num: 462
Sample num: 924
Sample num: 1848
Sample num: 3696
RR_num of lower bound:3696 max_num:184969613
sample_num of upper bound:3696 max_num:184969613
upper's influence:1417.84
lower's influence:1362.63
orginal's influence:1459.14
PhysicalMem(MB) 153.652
VirtualMem(MB) 166.105
time:20.7247
tmp: 0.356213
Sample num: 924
Dsu_bu: 123.961
Ds_bu181.186
approximation ratio: 0.520653
estimate influence by Mente-Carlo is: 66.387
reachable node size: 2314
estimate influence by StopAlgorithm is: 65.9908
178 __ 4877487
Sample num: 178
Sample num: 356
Sample num: 712
Sample num: 1424
Sample num: 2848
RR_num of lower bound:2848 max_num:4877487
sample_num of upper bound:2848 max_num:4877487
upper's influence:58.6791
lower's influence:55.5515
orginal's influence:59.9846
PhysicalMem(MB) 14.5742
VirtualMem(MB) 24.1875
time:1.94234
tmp: 0.356213
Dsu_bu: 14.0668
Ds_bu8.59163
approximation ratio: 0.217566
estimate influence by Mente-Carlo is: 8782.32
reachable node size: 1134880
estimate influence by StopAlgorithm is: 8925.13
287 __ 3223023447
Sample num: 1848
Sample num: 287
Sample num: 574
Sample num: 1148
Sample num: 3696
Sample num: 2296
Sample num: 4592
Sample num: 7392
Sample num: 9184
Sample num: 14784
RR_num of lower bound:14784 max_num:2599486760
sample_num of upper bound:14784 max_num:2599486760
upper's influence:8135.41
lower's influence:8041.54
orginal's influence:7998.02
PhysicalMem(MB) 1002.55
VirtualMem(MB) 1020.53
time:1270.64
tmp: 0.356213
Dsu_bu: 590.813
Ds_bu588.197
approximation ratio: 0.354635
estimate influence by Mente-Carlo is: 6865.32
reachable node size: 1504285
Sample num: 18368
estimate influence by StopAlgorithm is: 6792.26
475 __ 3545878563
Sample num: 475
Sample num: 950
Sample num: 1900
Sample num: 3800
Sample num: 7600
RR_num of lower bound:7600 max_num:3545878563
sample_num of upper bound:7600 max_num:3545878563
upper's influence:6291.91
lower's influence:6156.89
orginal's influence:6431.48
PhysicalMem(MB) 2513.45
VirtualMem(MB) 2526
time:1189.4
tmp: 0.356213
Sample num: 36736
RR_num of lower bound:36736 max_num:3223023447
sample_num of upper bound:36736 max_num:3223023447
upper's influence:8441.42
lower's influence:8519.13
orginal's influence:8059.3
PhysicalMem(MB) 1004.16
VirtualMem(MB) 1020.59
time:2999.57
tmp: 0.356213
Dsu_bu: 314.122
Dsu_bu: 595.419
Ds_bu414.696
approximation ratio: 0.470263
Ds_bu577.768
approximation ratio: 0.345653
estimate influence by Mente-Carlo is: 6843
reachable node size: 1504285
estimate influence by StopAlgorithm is: 6927.15
295 __ 4389277066
estimate influence by Mente-Carlo is: 133.57
reachable node size: 4029
estimate influence by StopAlgorithm is: 139.352
255 __ 7727570
Sample num: 255
Sample num: 510
Sample num: 1020
Sample num: 2040
Sample num: 4080
Sample num: 8160
RR_num of lower bound:8160 max_num:7727570
sample_num of upper bound:8160 max_num:7727570
upper's influence:105.701
lower's influence:105.287
orginal's influence:106.67
PhysicalMem(MB) 18.9336
VirtualMem(MB) 28.7852
time:3.64382
tmp: 0.356213
Dsu_bu: 52.1858
Ds_bu34.1214
approximation ratio: 0.232907
estimate influence by Mente-Carlo is: 215.581
reachable node size: 955
estimate influence by StopAlgorithm is: 216.921
203 __ 1134953
Sample num: 203
Sample num: 406
Sample num: 812
Sample num: 1624
Sample num: 3248
sample_num of upper bound:3248 max_num:1134953
Sample num: 6496
RR_num of lower bound:6496 max_num:1134953
upper's influence:158.972
lower's influence:162.267
orginal's influence:156.565
PhysicalMem(MB) 7.57812
VirtualMem(MB) 17.3555
time:1.3961
tmp: 0.356213
Dsu_bu: 74.2072
Ds_bu57.9928
approximation ratio: 0.27838
estimate influence by Mente-Carlo is: 2073.01
reachable node size: 52093
Sample num: 295
estimate influence by StopAlgorithm is: 2092.09
409 __ 105441261
Sample num: 409
Sample num: 818
Sample num: 1636
Sample num: 590
Sample num: 3272
Sample num: 6544
Sample num: 1180
Sample num: 13088
RR_num of lower bound:13088 max_num:105441261
sample_num of upper bound:13088 max_num:105441261
upper's influence:1890.92
lower's influence:1892.79
orginal's influence:1945.72
PhysicalMem(MB) 193.793
VirtualMem(MB) 209.078
time:179.791
tmp: 0.356213
Dsu_bu: 165.712
Ds_bu142.575
approximation ratio: 0.306478
estimate influence by Mente-Carlo is: 623.772
reachable node size: 317070
estimate influence by StopAlgorithm is: 624.066
415 __ 652163107
Sample num: 415
Sample num: 830
Sample num: 1660
Sample num: 2360
Sample num: 3320
Sample num: 6640
Sample num: 13280
RR_num of lower bound:13280 max_num:652163107
sample_num of upper bound:13280 max_num:652163107
upper's influence:576.911
lower's influence:588.412
Sample num: 4720
orginal's influence:600.879
PhysicalMem(MB) 288.992
VirtualMem(MB) 300.75
time:386.472
tmp: 0.356213
Dsu_bu: 40.7687
Ds_bu50.9466
approximation ratio: 0.445141
estimate influence by Mente-Carlo is: 970.22
reachable node size: 47666
estimate influence by StopAlgorithm is: 959.448
363 __ 85540261
Sample num: 363
Sample num: 726
Sample num: 1452
Sample num: 2904
Sample num: 5808
RR_num of lower bound:5808 max_num:85540261
sample_num of upper bound:5808 max_num:85540261
upper's influence:788.245
lower's influence:778.766
orginal's influence:813.716
PhysicalMem(MB) 74.6992
VirtualMem(MB) 84.7109
time:34.8202
tmp: 0.356213
Dsu_bu: 150.916
Ds_bu187.929
approximation ratio: 0.443577
estimate influence by Mente-Carlo is: 1180.03
reachable node size: 218111
estimate influence by StopAlgorithm is: 1159.21
411 __ 443918016
Sample num: 411
Sample num: 822
Sample num: 1644
RR_num of lower bound:1644 max_num:443918016
sample_num of upper bound:1644 max_num:443918016
upper's influence:548.615
lower's influence:548.298
orginal's influence:781.445
PhysicalMem(MB) 277.578
VirtualMem(MB) 293.004
time:100.456
tmp: 0.356213
Dsu_bu: 416.615
Ds_bu614.523
approximation ratio: 0.525428
estimate influence by Mente-Carlo is: 1618.46
reachable node size: 81294
estimate influence by StopAlgorithm is: 1612.54
365 __ 146918702
Sample num: 365
Sample num: 730
Sample num: 1460
Sample num: 2920
RR_num of lower bound:2920 max_num:146918702
sample_num of upper bound:2920 max_num:146918702
upper's influence:1226.98
lower's influence:1302.6
orginal's influence:1439.64
PhysicalMem(MB) 155.266
VirtualMem(MB) 166.102
time:17.3172
tmp: 0.356213
Dsu_bu: 219.864
Ds_bu340.373
approximation ratio: 0.551458
estimate influence by Mente-Carlo is: 66.3381
reachable node size: 2314
estimate influence by StopAlgorithm is: 64.3174
276 __ 4192068
Sample num: 276
Sample num: 552
Sample num: 1104
Sample num: 2208
RR_num of lower bound:2208 max_num:4192068
sample_num of upper bound:2208 max_num:4192068
upper's influence:55.5174
lower's influence:54.2782
orginal's influence:61.4148
PhysicalMem(MB) 14.1328
VirtualMem(MB) 23.9414
time:1.67573
tmp: 0.356213
Dsu_bu: 25.0257
Ds_bu9.37522
approximation ratio: 0.133446
estimate influence by Mente-Carlo is: 8781.04
reachable node size: 1134880
estimate influence by StopAlgorithm is: 8855.66
462 __ 2599486760
Sample num: 462
Sample num: 924
Sample num: 1848
Sample num: 3696
Sample num: 9440
RR_num of lower bound:9440 max_num:4389277066
sample_num of upper bound:9440 max_num:4389277066
upper's influence:6563.51
lower's influence:6386.42
orginal's influence:6591.87
PhysicalMem(MB) 2516.88
VirtualMem(MB) 2529.43
time:1579.94
tmp: 0.356213
Sample num: 7392
Dsu_bu: 266.988
Sample num: 14784
RR_num of lower bound:14784 max_num:2599486760
Ds_bu516.201
approximation ratio: 0.688711
Sample num: 29568
sample_num of upper bound:29568 max_num:2599486760
estimate influence by Mente-Carlo is: 132.946
reachable node size: 4029
estimate influence by StopAlgorithm is: 130.536
166 __ 9937714
Sample num: 166
Sample num: 332
Sample num: 664
Sample num: 1328
Sample num: 2656
upper's influence:8291.37
Sample num: 5312
RR_num of lower bound:5312 max_num:9937714
sample_num of upper bound:5312 max_num:9937714
upper's influence:112.348
lower's influence:111.004
orginal's influence:109.306
PhysicalMem(MB) 18.207
VirtualMem(MB) 28.332
time:2.618
tmp: 0.356213
Dsu_bu: 28.5346
Ds_bu19.1337
approximation ratio: 0.238857
estimate influence by Mente-Carlo is: 216.057
reachable node size: 955
estimate influence by StopAlgorithm is: 216.113
136 __ 1336951
Sample num: 136
Sample num: 272
Sample num: 544
Sample num: 1088
Sample num: 2176
Sample num: 4352
RR_num of lower bound:4352 max_num:1336951
sample_num of upper bound:4352 max_num:1336951
upper's influence:176.544
lower's influence:171.508
orginal's influence:185.535
PhysicalMem(MB) 7.25781
VirtualMem(MB) 17.5859
time:0.900461
tmp: 0.356213
Dsu_bu: 46.158
Ds_bu37.7024
approximation ratio: 0.290959
estimate influence by Mente-Carlo is: 2066.41
reachable node size: 52093
estimate influence by StopAlgorithm is: 2050.54
256 __ 131724550
Sample num: 256
Sample num: 512
lower's influence:8036.78
Sample num: 1024
Sample num: 2048
orginal's influence:8198.74
PhysicalMem(MB) 1028.55
VirtualMem(MB) 1046.58
time:1553.73
tmp: 0.356213
Sample num: 4096
Sample num: 8192
Dsu_bu: 672.042
Ds_bu739.351
approximation ratio: 0.39189
Sample num: 16384
RR_num of lower bound:16384 max_num:131724550
sample_num of upper bound:16384 max_num:131724550
upper's influence:2003.11
lower's influence:2016.31
orginal's influence:1972.2
PhysicalMem(MB) 165.129
VirtualMem(MB) 175.648
time:333.738
tmp: 0.356213
Dsu_bu: 59.3841
Ds_bu93.4435
approximation ratio: 0.560517
estimate influence by Mente-Carlo is: 624.688
reachable node size: 317070
estimate influence by Mente-Carlo is: 6793.99
reachable node size: 1504285
estimate influence by StopAlgorithm is: 616.042
260 __ 813887461
Sample num: 260
Sample num: 520
Sample num: 1040
Sample num: 2080
estimate influence by StopAlgorithm is: 6942.71
475 __ 3545878563
Sample num: 4160
Sample num: 475
Sample num: 950
Sample num: 8320
Sample num: 1900
Sample num: 16640
RR_num of lower bound:16640 max_num:813887461
sample_num of upper bound:16640 max_num:813887461
upper's influence:604.699
lower's influence:606.255
orginal's influence:610.935
PhysicalMem(MB) 293.215
VirtualMem(MB) 304.918
time:463.897
tmp: 0.356213
Dsu_bu: 12.4157
Ds_bu2.49268
approximation ratio: 0.0715163
estimate influence by Mente-Carlo is: 960.491
reachable node size: 47666
estimate influence by StopAlgorithm is: 954.396
229 __ 107749516
Sample num: 229
Sample num: 3800
Sample num: 458
Sample num: 916
Sample num: 1832
Sample num: 3664
Sample num: 7328
RR_num of lower bound:7328 max_num:107749516
Sample num: 14656
sample_num of upper bound:14656 max_num:107749516
upper's influence:847.812
lower's influence:860.928
orginal's influence:856.101
PhysicalMem(MB) 80.2539
VirtualMem(MB) 90.3008
time:52.9924
tmp: 0.356213
Dsu_bu: 98.6838
Ds_bu136.527
approximation ratio: 0.492815
estimate influence by Mente-Carlo is: 1168.99
reachable node size: 218111
estimate influence by StopAlgorithm is: 1177.31
257 __ 554375779
Sample num: 257
Sample num: 514
Sample num: 1028
Sample num: 2056
RR_num of lower bound:2056 max_num:554375779
sample_num of upper bound:2056 max_num:554375779
upper's influence:691.502
lower's influence:702.215
orginal's influence:830.067
PhysicalMem(MB) 277.73
VirtualMem(MB) 293.004
time:98.7476
tmp: 0.356213
Dsu_bu: 327.542
Ds_bu473.022
approximation ratio: 0.514427
estimate influence by Mente-Carlo is: 1613.31
reachable node size: 81294
estimate influence by StopAlgorithm is: 1582.7
231 __ 184969613
Sample num: 231
Sample num: 462
Sample num: 924
Sample num: 1848
Sample num: 3696
RR_num of lower bound:3696 max_num:184969613
Sample num: 7392
sample_num of upper bound:7392 max_num:184969613
upper's influence:1331.69
lower's influence:1358.09
orginal's influence:1474.66
PhysicalMem(MB) 153.66
VirtualMem(MB) 166.137
time:26.2045
tmp: 0.356213
Dsu_bu: 117.036
Ds_bu173.608
approximation ratio: 0.528396
estimate influence by Mente-Carlo is: 66.3784
reachable node size: 2314
estimate influence by StopAlgorithm is: 65.7753
178 __ 4877487
Sample num: 178
Sample num: 356
Sample num: 712
Sample num: 1424
Sample num: 2848
RR_num of lower bound:2848 max_num:4877487
sample_num of upper bound:2848 max_num:4877487
upper's influence:57.8948
lower's influence:59.7406
orginal's influence:60.2575
PhysicalMem(MB) 14.0703
VirtualMem(MB) 24
time:1.87022
tmp: 0.356213
Dsu_bu: 13.8648
Ds_bu6.0637
approximation ratio: 0.155788
estimate influence by Mente-Carlo is: 8848.31
reachable node size: 1134880
estimate influence by StopAlgorithm is: 8880.2
287 __ 3223023447
Sample num: 287
Sample num: 574
Sample num: 1148
Sample num: 7600
RR_num of lower bound:7600 max_num:3545878563
Sample num: 2296
Sample num: 4592
Sample num: 15200
sample_num of upper bound:15200 max_num:3545878563
upper's influence:6460.33
lower's influence:6324.43
Sample num: 9184
orginal's influence:6329.45
PhysicalMem(MB) 2518.87
VirtualMem(MB) 2531.03
time:1552.11
tmp: 0.356213
Dsu_bu: 438.094
Ds_bu697.84
approximation ratio: 0.567412
Sample num: 18368
estimate influence by Mente-Carlo is: 132.026
reachable node size: 4029
estimate influence by StopAlgorithm is: 132.598
255 __ 7727570
Sample num: 255
Sample num: 510
Sample num: 1020
Sample num: 2040
Sample num: 4080
Sample num: 8160
RR_num of lower bound:8160 max_num:7727570
sample_num of upper bound:8160 max_num:7727570
upper's influence:105.956
lower's influence:106.447
orginal's influence:112.719
PhysicalMem(MB) 18.6836
VirtualMem(MB) 28.6367
time:3.53337
tmp: 0.356213
Dsu_bu: 44.9647
Ds_bu26.9243
approximation ratio: 0.213295
estimate influence by Mente-Carlo is: 214.969
reachable node size: 955
estimate influence by StopAlgorithm is: 220.326
203 __ 1134953
Sample num: 203
Sample num: 406
Sample num: 812
Sample num: 1624
Sample num: 3248
sample_num of upper bound:3248 max_num:1134953
Sample num: 6496
RR_num of lower bound:6496 max_num:1134953
upper's influence:162.525
lower's influence:159.908
orginal's influence:161.213
PhysicalMem(MB) 7.34375
VirtualMem(MB) 17.3359
time:1.27142
tmp: 0.356213
Dsu_bu: 77.7725
Ds_bu56.7611
approximation ratio: 0.259977
estimate influence by Mente-Carlo is: 2075.58
reachable node size: 52093
estimate influence by StopAlgorithm is: 2088.17
409 __ 105441261
Sample num: 409
Sample num: 818
Sample num: 1636
Sample num: 3272
Sample num: 6544
Sample num: 13088
RR_num of lower bound:13088 max_num:105441261
sample_num of upper bound:13088 max_num:105441261
upper's influence:1887.79
lower's influence:1956.95
orginal's influence:1972.92
PhysicalMem(MB) 200.141
VirtualMem(MB) 215.137
time:183.233
tmp: 0.356213
Dsu_bu: 155.962
Ds_bu169.451
approximation ratio: 0.387021
estimate influence by Mente-Carlo is: 622.351
reachable node size: 317070
estimate influence by StopAlgorithm is: 631.089
415 __ 652163107
Sample num: 415
Sample num: 830
Sample num: 1660
Sample num: 3320
Sample num: 6640
Sample num: 13280
RR_num of lower bound:13280 max_num:652163107
sample_num of upper bound:13280 max_num:652163107
upper's influence:578.12
lower's influence:585.117
orginal's influence:588.807
PhysicalMem(MB) 289.016
VirtualMem(MB) 300.75
time:385.696
tmp: 0.356213
Dsu_bu: 47.2202
Ds_bu36.4666
approximation ratio: 0.275091
estimate influence by Mente-Carlo is: 956.004
reachable node size: 47666
estimate influence by StopAlgorithm is: 973.056
363 __ 85540261
Sample num: 363
Sample num: 726
Sample num: 1452
Sample num: 2904
Sample num: 5808
RR_num of lower bound:5808 max_num:85540261
Sample num: 11616
sample_num of upper bound:11616 max_num:85540261
upper's influence:792.111
lower's influence:783.871
orginal's influence:838.209
PhysicalMem(MB) 79.3086
VirtualMem(MB) 89.7031
time:43.9432
tmp: 0.356213
Dsu_bu: 158.898
Ds_bu207.016
approximation ratio: 0.464082
estimate influence by Mente-Carlo is: 1178.26
reachable node size: 218111
estimate influence by StopAlgorithm is: 1183.94
411 __ 443918016
Sample num: 411
Sample num: 822
Sample num: 1644
RR_num of lower bound:1644 max_num:443918016
sample_num of upper bound:1644 max_num:443918016
upper's influence:571.616
lower's influence:554.178
orginal's influence:742.427
PhysicalMem(MB) 277.59
VirtualMem(MB) 293.008
time:119.495
tmp: 0.356213
Dsu_bu: 441.471
Ds_bu608.893
approximation ratio: 0.491302
estimate influence by Mente-Carlo is: 1610.83
reachable node size: 81294
estimate influence by StopAlgorithm is: 1635.95
365 __ 146918702
Sample num: 365
Sample num: 730
Sample num: 1460
Sample num: 2920
RR_num of lower bound:2920 max_num:146918702
sample_num of upper bound:2920 max_num:146918702
upper's influence:1236.63
lower's influence:1249.12
orginal's influence:1439.7
PhysicalMem(MB) 148.523
VirtualMem(MB) 158.961
time:31.1001
tmp: 0.356213
Dsu_bu: 245.731
Ds_bu400.134
approximation ratio: 0.580037
estimate influence by Mente-Carlo is: 66.6259
reachable node size: 2314
estimate influence by StopAlgorithm is: 66.5952
276 __ 4192068
Sample num: 276
Sample num: 552
Sample num: 1104
Sample num: 2208
RR_num of lower bound:2208 max_num:4192068
sample_num of upper bound:2208 max_num:4192068
upper's influence:55.9516
lower's influence:53.7268
orginal's influence:57.2098
PhysicalMem(MB) 13.9492
VirtualMem(MB) 23.9492
time:1.95907
tmp: 0.356213
Dsu_bu: 27.2748
Ds_bu12.8389
approximation ratio: 0.167679
estimate influence by Mente-Carlo is: 8792.3
reachable node size: 1134880
estimate influence by StopAlgorithm is: 8963.26
462 __ 2599486760
Sample num: 462
Sample num: 924
Sample num: 36736
RR_num of lower bound:36736 max_num:3223023447
sample_num of upper bound:36736 max_num:3223023447
upper's influence:8137.53
Sample num: 1848
lower's influence:8098.44
orginal's influence:8335.5
PhysicalMem(MB) 1003.57
VirtualMem(MB) 1020.54
time:2929.17
tmp: 0.356213
Sample num: 3696
Dsu_bu: 576.231
Ds_bu546.666
approximation ratio: 0.337937
estimate influence by Mente-Carlo is: 6842.87
reachable node size: 1504285
estimate influence by StopAlgorithm is: 6813.26
295 __ 4389277066
Sample num: 7392
Sample num: 295
Sample num: 590
Sample num: 1180
Sample num: 2360
Sample num: 4720
Sample num: 14784
RR_num of lower bound:14784 max_num:2599486760
sample_num of upper bound:14784 max_num:2599486760
upper's influence:7867.33
lower's influence:7824.91
orginal's influence:8255.46
PhysicalMem(MB) 1003.21
VirtualMem(MB) 1020.94
time:1538.56
tmp: 0.356213
Dsu_bu: 794.685
Ds_bu878.698
approximation ratio: 0.393871
estimate influence by Mente-Carlo is: 6835.2
reachable node size: 1504285
estimate influence by StopAlgorithm is: 6812.13
475 __ 3545878563
Sample num: 475
Sample num: 9440
RR_num of lower bound:9440 max_num:4389277066
sample_num of upper bound:9440 max_num:4389277066
Sample num: 950
upper's influence:6556.61
lower's influence:6615.9
Sample num: 1900
orginal's influence:6646.16
PhysicalMem(MB) 2516.85
VirtualMem(MB) 2529.27
time:1510.35
tmp: 0.356213
Sample num: 3800
Sample num: 7600
sample_num of upper bound:7600 max_num:3545878563
Dsu_bu: 159.275
Ds_bu409.337
approximation ratio: 0.915466
estimate influence by Mente-Carlo is: 134.693
reachable node size: 4029
estimate influence by StopAlgorithm is: 137.229
166 __ 9937714
Sample num: 166
Sample num: 332
Sample num: 664
Sample num: 1328
Sample num: 2656
Sample num: 5312
RR_num of lower bound:5312 max_num:9937714
sample_num of upper bound:5312 max_num:9937714
upper's influence:112.313
lower's influence:112.822
orginal's influence:112.177
PhysicalMem(MB) 17.8047
VirtualMem(MB) 28.4414
time:2.43924
tmp: 0.356213
Dsu_bu: 35.4397
Ds_bu26.5175
approximation ratio: 0.266534
estimate influence by Mente-Carlo is: 216.34
reachable node size: 955
estimate influence by StopAlgorithm is: 213.704
136 __ 1336951
Sample num: 136
Sample num: 272
Sample num: 544
Sample num: 1088
Sample num: 2176
Sample num: 4352
RR_num of lower bound:4352 max_num:1336951
sample_num of upper bound:4352 max_num:1336951
upper's influence:177.011
lower's influence:177.192
orginal's influence:175.191
PhysicalMem(MB) 7.375
VirtualMem(MB) 17.5781
time:0.902978
tmp: 0.356213
Dsu_bu: 44.0872
Ds_bu36.2226
approximation ratio: 0.292669
estimate influence by Mente-Carlo is: 2067.49
reachable node size: 52093
estimate influence by StopAlgorithm is: 2077.42
256 __ 131724550
Sample num: 256
Sample num: 512
Sample num: 1024
Sample num: 2048
Sample num: 4096
Sample num: 8192
Sample num: 16384
RR_num of lower bound:16384 max_num:131724550
sample_num of upper bound:16384 max_num:131724550
upper's influence:1957.72
lower's influence:2040.92
orginal's influence:2001.5
PhysicalMem(MB) 199.402
VirtualMem(MB) 215.133
time:223.878
tmp: 0.356213
Dsu_bu: 81.988
Ds_bu103.159
approximation ratio: 0.448194
estimate influence by Mente-Carlo is: 618.545
reachable node size: 317070
estimate influence by StopAlgorithm is: 640.032
260 __ 813887461
Sample num: 260
Sample num: 520
Sample num: 1040
Sample num: 2080
Sample num: 4160
Sample num: 8320
Sample num: 15200
RR_num of lower bound:15200 max_num:3545878563
upper's influence:6079.73
Sample num: 16640
sample_num of upper bound:16640 max_num:813887461
lower's influence:6228.54
orginal's influence:6493.05
PhysicalMem(MB) 2519.43
VirtualMem(MB) 2531.18
time:2234.84
tmp: 0.356213
Sample num: 33280
RR_num of lower bound:33280 max_num:813887461
upper's influence:613.584
lower's influence:611.256
orginal's influence:627.383
PhysicalMem(MB) 295.91
VirtualMem(MB) 307.652
time:802.342
tmp: 0.356213
Dsu_bu: 36.1933
Ds_bu53.5588
approximation ratio: 0.527123
estimate influence by Mente-Carlo is: 961.997
reachable node size: 47666
estimate influence by StopAlgorithm is: 950.567
229 __ 107749516
Sample num: 229
Sample num: 458
Sample num: 916
Sample num: 1832
Sample num: 3664
Sample num: 7328
RR_num of lower bound:7328 max_num:107749516
Sample num: 14656
sample_num of upper bound:14656 max_num:107749516
upper's influence:852.935
lower's influence:853.99
orginal's influence:841.489
PhysicalMem(MB) 80.4141
VirtualMem(MB) 90.2227
time:52.9755
tmp: 0.356213
Dsu_bu: 92.8834
Ds_bu88.3722
approximation ratio: 0.338912
estimate influence by Mente-Carlo is: 1177.6
reachable node size: 218111
estimate influence by StopAlgorithm is: 1175.55
257 __ 554375779
Sample num: 257
Sample num: 514
Sample num: 1028
Sample num: 2056
RR_num of lower bound:2056 max_num:554375779
sample_num of upper bound:2056 max_num:554375779
upper's influence:728.613
lower's influence:681.603
orginal's influence:858.23
PhysicalMem(MB) 277.66
VirtualMem(MB) 293.008
time:99.5818
tmp: 0.356213
Dsu_bu: 324.683
Ds_bu464.498
approximation ratio: 0.509606
estimate influence by Mente-Carlo is: 1607.61
reachable node size: 81294
estimate influence by StopAlgorithm is: 1577.34
231 __ 184969613
Sample num: 231
Sample num: 462
Sample num: 924
Sample num: 1848
Sample num: 3696
RR_num of lower bound:3696 max_num:184969613
sample_num of upper bound:3696 max_num:184969613
upper's influence:1384.75
lower's influence:1351.64
orginal's influence:1488.42
PhysicalMem(MB) 148.777
VirtualMem(MB) 159.199
time:30.9076
tmp: 0.356213
Dsu_bu: 115.407
Ds_bu193.26
approximation ratio: 0.596514
estimate influence by Mente-Carlo is: 66.5975
reachable node size: 2314
estimate influence by StopAlgorithm is: 66.723
178 __ 4877487
Sample num: 178
Sample num: 356
Sample num: 712
Sample num: 1424
Sample num: 2848
RR_num of lower bound:2848 max_num:4877487
sample_num of upper bound:2848 max_num:4877487
upper's influence:59.5019
lower's influence:58.3213
orginal's influence:62.4265
PhysicalMem(MB) 14.1602
VirtualMem(MB) 24.043
time:1.8553
tmp: 0.356213
Dsu_bu: 14.8778
Ds_bu9.27135
approximation ratio: 0.22198
estimate influence by Mente-Carlo is: 8778.33
reachable node size: 1134880
estimate influence by StopAlgorithm is: 8774.7
287 __ 3223023447
Sample num: 287
Sample num: 574
Sample num: 1148
Sample num: 2296
Sample num: 4592
Dsu_bu: 309.36
Ds_bu660.739
approximation ratio: 0.760809
Sample num: 9184
estimate influence by Mente-Carlo is: 134.132
reachable node size: 4029
estimate influence by StopAlgorithm is: 133.253
255 __ 7727570
Sample num: 255
Sample num: 510
Sample num: 1020
Sample num: 2040
Sample num: 4080
RR_num of lower bound:4080 max_num:7727570
Sample num: 8160
sample_num of upper bound:8160 max_num:7727570
upper's influence:102.1
lower's influence:105.672
orginal's influence:107.632
PhysicalMem(MB) 18.1484
VirtualMem(MB) 28.0352
time:2.65418
tmp: 0.356213
Dsu_bu: 46.3438
Ds_bu28.9057
approximation ratio: 0.222178
estimate influence by Mente-Carlo is: 215.107
reachable node size: 955
estimate influence by StopAlgorithm is: 208.353
203 __ 1134953
Sample num: 203
Sample num: 406
Sample num: 812
Sample num: 1624
Sample num: 3248
sample_num of upper bound:3248 max_num:1134953
Sample num: 6496
RR_num of lower bound:6496 max_num:1134953
upper's influence:170.064
lower's influence:157.616
orginal's influence:161.064
PhysicalMem(MB) 7.34375
VirtualMem(MB) 17.3359
time:1.26608
tmp: 0.356213
Dsu_bu: 65.82
Ds_bu45.737
approximation ratio: 0.247525
estimate influence by Mente-Carlo is: 2073
reachable node size: 52093
estimate influence by StopAlgorithm is: 2077.31
409 __ 105441261
Sample num: 409
Sample num: 818
Sample num: 1636
Sample num: 3272
Sample num: 6544
Sample num: 13088
RR_num of lower bound:13088 max_num:105441261
sample_num of upper bound:13088 max_num:105441261
upper's influence:1892.23
lower's influence:1904.43
orginal's influence:1998.63
PhysicalMem(MB) 164.109
VirtualMem(MB) 174.645
time:279.701
tmp: 0.356213
Dsu_bu: 148.262
Ds_bu196.694
approximation ratio: 0.472577
estimate influence by Mente-Carlo is: 625.119
reachable node size: 317070
estimate influence by StopAlgorithm is: 617.842
415 __ 652163107
Sample num: 415
Sample num: 830
Sample num: 1660
Sample num: 3320
Sample num: 6640
Sample num: 13280
RR_num of lower bound:13280 max_num:652163107
sample_num of upper bound:13280 max_num:652163107
upper's influence:597.746
lower's influence:591.325
orginal's influence:587.843
PhysicalMem(MB) 289.012
VirtualMem(MB) 300.75
time:392.566
tmp: 0.356213
Sample num: 18368
RR_num of lower bound:18368 max_num:3223023447
Dsu_bu: 34.2323
Ds_bu20.0895
approximation ratio: 0.209046
estimate influence by Mente-Carlo is: 961.926
reachable node size: 47666
estimate influence by StopAlgorithm is: 963.129
363 __ 85540261
Sample num: 363
Sample num: 726
Sample num: 1452
Sample num: 2904
Sample num: 5808
sample_num of upper bound:5808 max_num:85540261
Sample num: 11616
RR_num of lower bound:11616 max_num:85540261
upper's influence:777.354
lower's influence:795.513
orginal's influence:863.475
PhysicalMem(MB) 78.1133
VirtualMem(MB) 87.9883
time:64.1505
tmp: 0.356213
Dsu_bu: 151.337
Ds_bu168.489
approximation ratio: 0.396586
estimate influence by Mente-Carlo is: 1177.71
reachable node size: 218111
estimate influence by StopAlgorithm is: 1174.19
411 __ 443918016
Sample num: 411
Sample num: 822
Sample num: 1644
RR_num of lower bound:1644 max_num:443918016
sample_num of upper bound:1644 max_num:443918016
upper's influence:547.435
lower's influence:543.354
orginal's influence:772.279
PhysicalMem(MB) 277.617
VirtualMem(MB) 293.008
time:103.187
tmp: 0.356213
Dsu_bu: 430.833
Ds_bu611.986
approximation ratio: 0.505991
estimate influence by Mente-Carlo is: 1619.98
reachable node size: 81294
estimate influence by StopAlgorithm is: 1592.3
365 __ 146918702
Sample num: 365
Sample num: 730
Sample num: 1460
Sample num: 2920
RR_num of lower bound:2920 max_num:146918702
sample_num of upper bound:2920 max_num:146918702
upper's influence:1270.3
lower's influence:1232.3
orginal's influence:1407.13
PhysicalMem(MB) 148.645
VirtualMem(MB) 158.938
time:25.7079
tmp: 0.356213
Dsu_bu: 200.598
Ds_bu372.947
approximation ratio: 0.662263
estimate influence by Mente-Carlo is: 66.3672
reachable node size: 2314
estimate influence by StopAlgorithm is: 67.863
276 __ 4192068
Sample num: 276
Sample num: 552
Sample num: 1104
Sample num: 2208
RR_num of lower bound:2208 max_num:4192068
sample_num of upper bound:2208 max_num:4192068
upper's influence:54.1591
lower's influence:53.5164
orginal's influence:58.0959
PhysicalMem(MB) 14.3086
VirtualMem(MB) 23.9453
time:1.66108
tmp: 0.356213
Dsu_bu: 28.5664
Ds_bu12.1395
approximation ratio: 0.151376
estimate influence by Mente-Carlo is: 8854.66
reachable node size: 1134880
estimate influence by StopAlgorithm is: 8723.89
462 __ 2599486760
Sample num: 462
Sample num: 924
Sample num: 36736
sample_num of upper bound:36736 max_num:3223023447
upper's influence:8203.21
Sample num: 1848
lower's influence:8363.49
orginal's influence:8411.73
PhysicalMem(MB) 977.316
VirtualMem(MB) 994.469
time:2102.23
tmp: 0.356213
Sample num: 3696
Dsu_bu: 449.158
Ds_bu490.662
approximation ratio: 0.389128
Sample num: 7392
estimate influence by Mente-Carlo is: 6873.43
reachable node size: 1504285
estimate influence by StopAlgorithm is: 6760.71
295 __ 4389277066
Sample num: 295
Sample num: 590
Sample num: 1180
Sample num: 2360
Sample num: 14784
Sample num: 4720
Sample num: 9440
Sample num: 29568
RR_num of lower bound:29568 max_num:2599486760
sample_num of upper bound:29568 max_num:2599486760
upper's influence:8479.16
lower's influence:8213.06
orginal's influence:8059.56
PhysicalMem(MB) 1002.86
VirtualMem(MB) 1020.49
time:2637.64
tmp: 0.356213
Dsu_bu: 560.237
Ds_bu959.767
approximation ratio: 0.610245
estimate influence by Mente-Carlo is: 6854.6
reachable node size: 1504285
estimate influence by StopAlgorithm is: 6826.35
475 __ 3545878563
Sample num: 18880
RR_num of lower bound:18880 max_num:4389277066
sample_num of upper bound:18880 max_num:4389277066
Sample num: 475
upper's influence:6647.63
Sample num: 950
lower's influence:6575.91
orginal's influence:6671.35
PhysicalMem(MB) 2533.15
VirtualMem(MB) 2545.31
time:2576.17
tmp: 0.356213
Sample num: 1900
Sample num: 3800
Dsu_bu: 110.501
Ds_bu245.343
approximation ratio: 0.790892
Sample num: 7600
RR_num of lower bound:7600 max_num:3545878563
sample_num of upper bound:7600 max_num:3545878563
upper's influence:6247.18
lower's influence:6302.96
estimate influence by Mente-Carlo is: 135.264
reachable node size: 4029
estimate influence by StopAlgorithm is: 136.027
166 __ 9937714
Sample num: 166
Sample num: 332
Sample num: 664
Sample num: 1328
Sample num: 2656
RR_num of lower bound:2656 max_num:9937714
Sample num: 5312
sample_num of upper bound:5312 max_num:9937714
upper's influence:113.759
lower's influence:118.352
orginal's influence:118.291
PhysicalMem(MB) 17.4648
VirtualMem(MB) 27.5352
time:1.95214
tmp: 0.356213
Dsu_bu: 34.5683
Ds_bu23.6435
approximation ratio: 0.243637
estimate influence by Mente-Carlo is: 215.611
reachable node size: 955
estimate influence by StopAlgorithm is: 213.004
136 __ 1336951
Sample num: 136
Sample num: 272
Sample num: 544
Sample num: 1088
Sample num: 2176
Sample num: 4352
RR_num of lower bound:4352 max_num:1336951
sample_num of upper bound:4352 max_num:1336951
upper's influence:173.668
lower's influence:184.667
orginal's influence:183.091
PhysicalMem(MB) 7.16797
VirtualMem(MB) 17.5742
time:0.892065
tmp: 0.356213
Dsu_bu: 43.3806
Ds_bu27.1718
approximation ratio: 0.223117
estimate influence by Mente-Carlo is: 2080.02
reachable node size: 52093
estimate influence by StopAlgorithm is: 2075.84
256 __ 131724550
Sample num: 256
Sample num: 512
Sample num: 1024
Sample num: 2048
orginal's influence:6630.51
PhysicalMem(MB) 2514.83
VirtualMem(MB) 2526.37
time:1271.79
tmp: 0.356213
Sample num: 4096
Sample num: 8192
Sample num: 16384
RR_num of lower bound:16384 max_num:131724550
sample_num of upper bound:16384 max_num:131724550
upper's influence:2000.26
lower's influence:1978.89
orginal's influence:1971.05
PhysicalMem(MB) 199.035
VirtualMem(MB) 215.133
time:224.367
tmp: 0.356213
Dsu_bu: 86.4378
Ds_bu74.6981
approximation ratio: 0.307834
estimate influence by Mente-Carlo is: 621.077
reachable node size: 317070
estimate influence by StopAlgorithm is: 607.298
260 __ 813887461
Sample num: 260
Sample num: 520
Sample num: 1040
Sample num: 2080
Sample num: 4160
Sample num: 8320
Dsu_bu: 330.781
Sample num: 16640
RR_num of lower bound:16640 max_num:813887461
sample_num of upper bound:16640 max_num:813887461
upper's influence:613.472
Ds_bu516.631
approximation ratio: 0.556351
lower's influence:585.908
orginal's influence:619.226
PhysicalMem(MB) 293.273
VirtualMem(MB) 304.918
time:473.48
tmp: 0.356213
Dsu_bu: 4.65318
Ds_bu8.504
approximation ratio: 0.651003
estimate influence by Mente-Carlo is: 967.719
reachable node size: 47666
estimate influence by StopAlgorithm is: 973.904
229 __ 107749516
Sample num: 229
Sample num: 458
Sample num: 916
Sample num: 1832
Sample num: 3664
Sample num: 7328
RR_num of lower bound:7328 max_num:107749516
sample_num of upper bound:7328 max_num:107749516
upper's influence:831.684
lower's influence:890.281
orginal's influence:878.777
PhysicalMem(MB) 76.5117
VirtualMem(MB) 86.5391
time:43.2398
tmp: 0.356213
Dsu_bu: 112.738
Ds_bu120.169
approximation ratio: 0.379693
estimate influence by Mente-Carlo is: 1177.27
reachable node size: 218111
estimate influence by StopAlgorithm is: 1159.8
257 __ 554375779
Sample num: 257
Sample num: 514
Sample num: 1028
RR_num of lower bound:1028 max_num:554375779
Sample num: 2056
sample_num of upper bound:2056 max_num:554375779
estimate influence by Mente-Carlo is: 132.6
reachable node size: 4029
estimate influence by StopAlgorithm is: 131.099
255 __ 7727570
Sample num: 255
Sample num: 510
Sample num: 1020
Sample num: 2040
Sample num: 4080
Sample num: 8160
RR_num of lower bound:8160 max_num:7727570
sample_num of upper bound:8160 max_num:7727570
upper's influence:103.111
lower's influence:104.818
orginal's influence:107.501
PhysicalMem(MB) 19.0469
VirtualMem(MB) 28.8438
time:3.58832
tmp: 0.356213
Dsu_bu: 45.0329
Ds_bu25.427
approximation ratio: 0.201129
estimate influence by Mente-Carlo is: 216.36
reachable node size: 955
estimate influence by StopAlgorithm is: 212.099
203 __ 1134953
Sample num: 203
Sample num: 406
Sample num: 812
Sample num: 1624
Sample num: 3248
Sample num: 6496
RR_num of lower bound:6496 max_num:1134953
sample_num of upper bound:6496 max_num:1134953
upper's influence:163.565
lower's influence:160.721
orginal's influence:163.105
PhysicalMem(MB) 7.86328
VirtualMem(MB) 17.8672
time:1.34027
tmp: 0.356213
Dsu_bu: 69.5439
Ds_bu46.2074
approximation ratio: 0.23668
estimate influence by Mente-Carlo is: 2063.16
reachable node size: 52093
upper's influence:680.075
estimate influence by StopAlgorithm is: 2071.58
409 __ 105441261
Sample num: 409
Sample num: 818
lower's influence:676.756
Sample num: 1636
orginal's influence:865.91
PhysicalMem(MB) 290.668
VirtualMem(MB) 306.039
time:91.1958
tmp: 0.356213
Sample num: 3272
Dsu_bu: 310.7
Ds_bu474.298
approximation ratio: 0.543775
Sample num: 6544
sample_num of upper bound:6544 max_num:105441261
estimate influence by Mente-Carlo is: 1604.09
reachable node size: 81294
estimate influence by StopAlgorithm is: 1601.98
231 __ 184969613
Sample num: 231
Sample num: 462
Sample num: 924
Sample num: 1848
Sample num: 3696
sample_num of upper bound:3696 max_num:184969613
Sample num: 7392
RR_num of lower bound:7392 max_num:184969613
upper's influence:1338.04
lower's influence:1348.13
orginal's influence:1492.91
PhysicalMem(MB) 148.379
VirtualMem(MB) 158.742
time:49.7421
tmp: 0.356213
Dsu_bu: 133.073
Ds_bu250.139
approximation ratio: 0.66958
Sample num: 13088
RR_num of lower bound:13088 max_num:105441261
upper's influence:1899.77
lower's influence:1901.01
estimate influence by Mente-Carlo is: 66.3117
reachable node size: 2314
estimate influence by StopAlgorithm is: 67.5975
178 __ 4877487
Sample num: 178
Sample num: 356
Sample num: 712
Sample num: 1424
orginal's influence:1921.94
PhysicalMem(MB) 186.645
VirtualMem(MB) 209.078
time:174.307
tmp: 0.356213
Sample num: 2848
RR_num of lower bound:2848 max_num:4877487
sample_num of upper bound:2848 max_num:4877487
upper's influence:60.0862
lower's influence:58.7368
orginal's influence:61.5496
PhysicalMem(MB) 14.3086
VirtualMem(MB) 24.1875
time:1.84683
tmp: 0.356213
Dsu_bu: 15.5928
Ds_bu9.73861
approximation ratio: 0.222476
estimate influence by Mente-Carlo is: 8792.51
reachable node size: 1134880
Dsu_bu: 144.292
Ds_bu92.2546
approximation ratio: 0.227749
estimate influence by Mente-Carlo is: 623.1
reachable node size: 317070
estimate influence by StopAlgorithm is: 8840.94
287 __ 3223023447
estimate influence by StopAlgorithm is: 631.541
415 __ 652163107
Sample num: 287
Sample num: 415
Sample num: 830
Sample num: 574
Sample num: 1660
Sample num: 3320
Sample num: 1148
Sample num: 6640
Sample num: 2296
Sample num: 13280
RR_num of lower bound:13280 max_num:652163107
sample_num of upper bound:13280 max_num:652163107
upper's influence:570.079
lower's influence:610.634
Sample num: 4592
orginal's influence:586.062
PhysicalMem(MB) 290.109
VirtualMem(MB) 300.75
time:394.226
tmp: 0.356213
Dsu_bu: 48.7733
Ds_bu38.6908
approximation ratio: 0.282576
estimate influence by Mente-Carlo is: 969.446
reachable node size: 47666
estimate influence by StopAlgorithm is: 952.077
363 __ 85540261
Sample num: 363
Sample num: 726
Sample num: 1452
Sample num: 2904
Sample num: 5808
RR_num of lower bound:5808 max_num:85540261
sample_num of upper bound:5808 max_num:85540261
upper's influence:782.964
lower's influence:781.489
orginal's influence:848.557
PhysicalMem(MB) 76.2539
VirtualMem(MB) 86.3477
time:37.7961
tmp: 0.356213
Dsu_bu: 139.51
Ds_bu194.299
approximation ratio: 0.496109
estimate influence by Mente-Carlo is: 1177.38
reachable node size: 218111
estimate influence by StopAlgorithm is: 1194.2
411 __ 443918016
Sample num: 411
Sample num: 822
Sample num: 1644
RR_num of lower bound:1644 max_num:443918016
sample_num of upper bound:1644 max_num:443918016
upper's influence:565.092
lower's influence:569.728
orginal's influence:773.416
PhysicalMem(MB) 277.656
VirtualMem(MB) 293.008
time:101.438
tmp: 0.356213
Dsu_bu: 453.112
Ds_bu632.563
approximation ratio: 0.497289
estimate influence by Mente-Carlo is: 1605.03
reachable node size: 81294
estimate influence by StopAlgorithm is: 1584.91
365 __ 146918702
Sample num: 365
Sample num: 730
Sample num: 1460
Sample num: 2920
RR_num of lower bound:2920 max_num:146918702
Sample num: 5840
sample_num of upper bound:5840 max_num:146918702
upper's influence:1256.84
lower's influence:1242.6
orginal's influence:1380.09
PhysicalMem(MB) 149.797
VirtualMem(MB) 160.602
time:28.591
tmp: 0.356213
Dsu_bu: 195.263
Ds_bu322.509
approximation ratio: 0.588344
estimate influence by Mente-Carlo is: 66.12
reachable node size: 2314
estimate influence by StopAlgorithm is: 67.6338
276 __ 4192068
Sample num: 276
Sample num: 552
Sample num: 1104
Sample num: 2208
RR_num of lower bound:2208 max_num:4192068
sample_num of upper bound:2208 max_num:4192068
upper's influence:51.747
lower's influence:55.2066
orginal's influence:59.9892
PhysicalMem(MB) 13.9922
VirtualMem(MB) 23.9375
time:1.63961
tmp: 0.356213
Dsu_bu: 28.2304
Ds_bu14.8393
approximation ratio: 0.187243
estimate influence by Mente-Carlo is: 8789.91
reachable node size: 1134880
Sample num: 9184
estimate influence by StopAlgorithm is: 8581.77
462 __ 2599486760
Sample num: 462
Sample num: 924
Sample num: 1848
Sample num: 3696
Sample num: 7392
Sample num: 18368
RR_num of lower bound:18368 max_num:3223023447
sample_num of upper bound:18368 max_num:3223023447
upper's influence:8449.18
lower's influence:8539.92
orginal's influence:8121.29
PhysicalMem(MB) 1002.39
VirtualMem(MB) 1020.46
time:1563.56
tmp: 0.356213
Dsu_bu: 531.444
Ds_bu830.42
approximation ratio: 0.556609
estimate influence by Mente-Carlo is: 6820.79
reachable node size: 1504285
estimate influence by StopAlgorithm is: 6968.92
295 __ 4389277066
Sample num: 295
Sample num: 590
Sample num: 14784
RR_num of lower bound:14784 max_num:2599486760
Sample num: 1180
Sample num: 2360
Sample num: 4720
Sample num: 29568
sample_num of upper bound:29568 max_num:2599486760
upper's influence:8056.93
lower's influence:8204.03
orginal's influence:8143.89
PhysicalMem(MB) 976.887
VirtualMem(MB) 994.473
time:1830.53
tmp: 0.356213
Dsu_bu: 445.43
Ds_bu588.33
approximation ratio: 0.470491
estimate influence by Mente-Carlo is: 6868.22
reachable node size: 1504285
Sample num: 9440
RR_num of lower bound:9440 max_num:4389277066
sample_num of upper bound:9440 max_num:4389277066
upper's influence:6560.22
estimate influence by StopAlgorithm is: 6764.65
475 __ 3545878563
Sample num: 475
lower's influence:6483.77
Sample num: 950
orginal's influence:6708.6
PhysicalMem(MB) 2517.63
VirtualMem(MB) 2529.38
time:1401.97
tmp: 0.356213
Sample num: 1900
Sample num: 3800
Dsu_bu: 319.941
Ds_bu420.979
approximation ratio: 0.468705
Sample num: 7600
RR_num of lower bound:7600 max_num:3545878563
sample_num of upper bound:7600 max_num:3545878563
upper's influence:6208.83
estimate influence by Mente-Carlo is: 133.912
reachable node size: 4029
estimate influence by StopAlgorithm is: 135.367
166 __ 9937714
Sample num: 166
Sample num: 332
Sample num: 664
Sample num: 1328
Sample num: 2656
Sample num: 5312
RR_num of lower bound:5312 max_num:9937714
sample_num of upper bound:5312 max_num:9937714
upper's influence:108.522
lower's influence:111.092
orginal's influence:112.677
PhysicalMem(MB) 18.0078
VirtualMem(MB) 28.0938
time:2.48189
tmp: 0.356213
Dsu_bu: 33.9962
Ds_bu24.9765
approximation ratio: 0.261704
estimate influence by Mente-Carlo is: 216.248
reachable node size: 955
estimate influence by StopAlgorithm is: 223.189
136 __ 1336951
Sample num: 136
Sample num: 272
Sample num: 544
Sample num: 1088
Sample num: 2176
Sample num: 4352
RR_num of lower bound:4352 max_num:1336951
sample_num of upper bound:4352 max_num:1336951
upper's influence:189.645
lower's influence:182.61
orginal's influence:182.399
PhysicalMem(MB) 7.03125
VirtualMem(MB) 17.5742
time:0.896063
tmp: 0.356213
Dsu_bu: 53.3187
Ds_bu45.4722
approximation ratio: 0.303792
estimate influence by Mente-Carlo is: 2062.68
reachable node size: 52093
estimate influence by StopAlgorithm is: 2048.97
256 __ 131724550
Sample num: 256
lower's influence:6576.84
Sample num: 512
Sample num: 1024
Sample num: 2048
Sample num: 4096
orginal's influence:6457.23
PhysicalMem(MB) 2513.99
VirtualMem(MB) 2525.47
time:1254.31
tmp: 0.356213
Sample num: 8192
Sample num: 16384
RR_num of lower bound:16384 max_num:131724550
sample_num of upper bound:16384 max_num:131724550
upper's influence:1967.42
lower's influence:2009.24
orginal's influence:1979.61
PhysicalMem(MB) 194.695
VirtualMem(MB) 209.051
time:225.559
tmp: 0.356213
Dsu_bu: 61.0146
Ds_bu63.5315
approximation ratio: 0.370907
estimate influence by Mente-Carlo is: 626.033
reachable node size: 317070
estimate influence by StopAlgorithm is: 645.858
260 __ 813887461
Sample num: 260
Sample num: 520
Sample num: 1040
Sample num: 2080
Sample num: 4160
Sample num: 8320
Sample num: 16640
RR_num of lower bound:16640 max_num:813887461
sample_num of upper bound:16640 max_num:813887461
upper's influence:609.942
lower's influence:587.154
Dsu_bu: 287.259
orginal's influence:602.845
PhysicalMem(MB) 293.488
VirtualMem(MB) 304.918
time:490.349
tmp: 0.356213
Dsu_bu: 43.2995
Ds_bu548.546
approximation ratio: 0.68022
Ds_bu49.6811
approximation ratio: 0.408713
estimate influence by Mente-Carlo is: 958.807
reachable node size: 47666
estimate influence by StopAlgorithm is: 952.755
229 __ 107749516
Sample num: 229
Sample num: 458
Sample num: 916
Sample num: 1832
Sample num: 3664
Sample num: 7328
Sample num: 14656
RR_num of lower bound:14656 max_num:107749516
sample_num of upper bound:14656 max_num:107749516
upper's influence:844.413
lower's influence:833.46
orginal's influence:853.126
PhysicalMem(MB) 82.2383
VirtualMem(MB) 92.0898
time:90.9339
tmp: 0.356213
Dsu_bu: 92.9053
Ds_bu80.925
approximation ratio: 0.310279
estimate influence by Mente-Carlo is: 1176.83
reachable node size: 218111
estimate influence by StopAlgorithm is: 1164.6
257 __ 554375779
Sample num: 257
Sample num: 514
Sample num: 1028
RR_num of lower bound:1028 max_num:554375779
Sample num: 2056
sample_num of upper bound:2056 max_num:554375779
upper's influence:679.183
lower's influence:707.621
orginal's influence:836.789
PhysicalMem(MB) 290.324
VirtualMem(MB) 306.098
time:81.1501
tmp: 0.356213
estimate influence by Mente-Carlo is: 134.25
reachable node size: 4029
estimate influence by StopAlgorithm is: 130.109
255 __ 7727570
Sample num: 255
Sample num: 510
Sample num: 1020
Sample num: 2040
Sample num: 4080
Sample num: 8160
RR_num of lower bound:8160 max_num:7727570
sample_num of upper bound:8160 max_num:7727570
upper's influence:99.8181
lower's influence:107.225
orginal's influence:104.197
PhysicalMem(MB) 18.7578
VirtualMem(MB) 28.6602
time:3.59507
tmp: 0.356213
Dsu_bu: 43.3991
Ds_bu26.1262
approximation ratio: 0.21444
estimate influence by Mente-Carlo is: 216.371
reachable node size: 955
estimate influence by StopAlgorithm is: 213.619
203 __ 1134953
Sample num: 203
Sample num: 406
Sample num: 812
Sample num: 1624
Sample num: 3248
RR_num of lower bound:3248 max_num:1134953
Sample num: 6496
sample_num of upper bound:6496 max_num:1134953
upper's influence:164.152
lower's influence:161.995
orginal's influence:157.416
PhysicalMem(MB) 7.47656
VirtualMem(MB) 17.2852
time:1.00546
tmp: 0.356213
Dsu_bu: 71.152
Ds_bu46.8031
approximation ratio: 0.234313
estimate influence by Mente-Carlo is: 2069.69
reachable node size: 52093
estimate influence by StopAlgorithm is: 2099.05
409 __ 105441261
Sample num: 409
Dsu_bu: 313.301
Sample num: 818
Sample num: 1636
Ds_bu457.914
approximation ratio: 0.520633
estimate influence by Mente-Carlo is: 1618.23
reachable node size: 81294
estimate influence by StopAlgorithm is: 1599.65
231 __ 184969613
Sample num: 231
Sample num: 462
Sample num: 924
Sample num: 3272
Sample num: 1848
Sample num: 3696
RR_num of lower bound:3696 max_num:184969613
sample_num of upper bound:3696 max_num:184969613
upper's influence:1326.64
lower's influence:1336.85
orginal's influence:1456.59
PhysicalMem(MB) 148.836
VirtualMem(MB) 159.121
time:30.6752
tmp: 0.356213
Dsu_bu: 143.943
Ds_bu241.923
approximation ratio: 0.59868
Sample num: 6544
estimate influence by Mente-Carlo is: 66.5108
reachable node size: 2314
estimate influence by StopAlgorithm is: 67.1931
178 __ 4877487
Sample num: 178
Sample num: 356
Sample num: 712
Sample num: 1424
Sample num: 2848
RR_num of lower bound:2848 max_num:4877487
sample_num of upper bound:2848 max_num:4877487
upper's influence:55.4532
lower's influence:58.3147
orginal's influence:62.3689
PhysicalMem(MB) 14.2148
VirtualMem(MB) 24.1875
time:1.89163
tmp: 0.356213
Dsu_bu: 15.4416
Ds_bu8.95676
approximation ratio: 0.206618
estimate influence by Mente-Carlo is: 8819.94
reachable node size: 1134880
estimate influence by StopAlgorithm is: 8863.3
287 __ 3223023447
Sample num: 287
Sample num: 13088
RR_num of lower bound:13088 max_num:105441261
sample_num of upper bound:13088 max_num:105441261
upper's influence:1907.96
lower's influence:1860.57
Sample num: 574
orginal's influence:1914.73
PhysicalMem(MB) 199.309
VirtualMem(MB) 215.168
time:183.218
tmp: 0.356213
Dsu_bu: 169.041
Ds_bu231.414
approximation ratio: 0.48765
estimate influence by Mente-Carlo is: 624.125
reachable node size: 317070
Sample num: 1148
estimate influence by StopAlgorithm is: 632.207
415 __ 652163107
Sample num: 415
Sample num: 830
Sample num: 1660
Sample num: 2296
Sample num: 3320
Sample num: 6640
Sample num: 4592
Sample num: 13280
RR_num of lower bound:13280 max_num:652163107
sample_num of upper bound:13280 max_num:652163107
upper's influence:606.345
lower's influence:593.512
orginal's influence:589.731
PhysicalMem(MB) 289.039
VirtualMem(MB) 300.75
time:422.665
tmp: 0.356213
Dsu_bu: 49.6238
Ds_bu54.4266
approximation ratio: 0.390689
estimate influence by Mente-Carlo is: 960.239
reachable node size: 47666
estimate influence by StopAlgorithm is: 974.474
363 __ 85540261
Sample num: 363
Sample num: 726
Sample num: 1452
Sample num: 2904
Sample num: 5808
RR_num of lower bound:5808 max_num:85540261
sample_num of upper bound:5808 max_num:85540261
upper's influence:759.338
lower's influence:782.544
orginal's influence:829.897
PhysicalMem(MB) 76.3359
VirtualMem(MB) 86.2852
time:37.6991
tmp: 0.356213
Dsu_bu: 163.247
Ds_bu197.865
approximation ratio: 0.431751
estimate influence by Mente-Carlo is: 1175.73
reachable node size: 218111
estimate influence by StopAlgorithm is: 1196
411 __ 443918016
Sample num: 411
Sample num: 822
Sample num: 1644
RR_num of lower bound:1644 max_num:443918016
sample_num of upper bound:1644 max_num:443918016
upper's influence:531.738
Sample num: 9184
lower's influence:550.065
orginal's influence:762.598
PhysicalMem(MB) 277.453
VirtualMem(MB) 293.008
time:105.688
tmp: 0.356213
Dsu_bu: 453.42
Ds_bu643.592
approximation ratio: 0.505615
estimate influence by Mente-Carlo is: 1618.31
reachable node size: 81294
estimate influence by StopAlgorithm is: 1605.27
365 __ 146918702
Sample num: 365
Sample num: 730
Sample num: 1460
Sample num: 2920
RR_num of lower bound:2920 max_num:146918702
Sample num: 5840
sample_num of upper bound:5840 max_num:146918702
upper's influence:1294.42
lower's influence:1232.43
orginal's influence:1447.52
PhysicalMem(MB) 150.02
VirtualMem(MB) 160.68
time:37.5749
tmp: 0.356213
Dsu_bu: 220.217
Ds_bu386.941
approximation ratio: 0.625899
estimate influence by Mente-Carlo is: 66.3729
reachable node size: 2314
estimate influence by StopAlgorithm is: 67.2261
276 __ 4192068
Sample num: 276
Sample num: 552
Sample num: 1104
Sample num: 2208
RR_num of lower bound:2208 max_num:4192068
sample_num of upper bound:2208 max_num:4192068
upper's influence:55.478
lower's influence:54.3513
orginal's influence:59.5041
PhysicalMem(MB) 14.3555
VirtualMem(MB) 24.207
time:1.77436
tmp: 0.356213
Dsu_bu: 27.7083
Ds_bu12.7996
approximation ratio: 0.16455
estimate influence by Mente-Carlo is: 8793.36
reachable node size: 1134880
estimate influence by StopAlgorithm is: 8815.18
462 __ 2599486760
Sample num: 462
Sample num: 924
Sample num: 1848
Sample num: 3696
Sample num: 18368
Sample num: 7392
Sample num: 14784
RR_num of lower bound:14784 max_num:2599486760
sample_num of upper bound:14784 max_num:2599486760
upper's influence:8085.91
lower's influence:7854.55
orginal's influence:8028.42
PhysicalMem(MB) 955.309
VirtualMem(MB) 976.496
time:1613.86
tmp: 0.356213
Sample num: 36736
RR_num of lower bound:36736 max_num:3223023447
sample_num of upper bound:36736 max_num:3223023447
Dsu_bu: 660.38
upper's influence:8079.96
Ds_bu692.404
approximation ratio: 0.373487
lower's influence:8272.55
orginal's influence:8192.78
PhysicalMem(MB) 1003.45
VirtualMem(MB) 1020.77
time:2922.97
tmp: 0.356213
estimate influence by Mente-Carlo is: 6826.2
reachable node size: 1504285
estimate influence by StopAlgorithm is: 6672.3
475 __ 3545878563
Dsu_bu: 555.229
Sample num: 475
Ds_bu605.312
approximation ratio: 0.388344
Sample num: 950
estimate influence by Mente-Carlo is: 6819.34
reachable node size: 1504285
estimate influence by StopAlgorithm is: 6937.65
295 __ 4389277066
Sample num: 295
Sample num: 590
Sample num: 1900
Sample num: 1180
Sample num: 2360
Sample num: 3800
Sample num: 4720
Sample num: 9440
RR_num of lower bound:9440 max_num:4389277066
Sample num: 7600
RR_num of lower bound:7600 max_num:3545878563
Sample num: 18880
sample_num of upper bound:18880 max_num:4389277066
upper's influence:6262.13
lower's influence:6307
orginal's influence:6518.65
PhysicalMem(MB) 2523.89
VirtualMem(MB) 2536.3
time:1860.08
tmp: 0.356213
Sample num: 15200
sample_num of upper bound:15200 max_num:3545878563
upper's influence:6231.09
lower's influence:6224.78
orginal's influence:6500.77
PhysicalMem(MB) 2520.17
VirtualMem(MB) 2531.18
time:2452.55
tmp: 0.356213
Dsu_bu: 289.918
Ds_bu414.031
approximation ratio: 0.508706
estimate influence by Mente-Carlo is: 133.319
reachable node size: 4029
estimate influence by StopAlgorithm is: 134.319
166 __ 9937714
Sample num: 166
Sample num: 332
Sample num: 664
Sample num: 1328
Sample num: 2656
Sample num: 5312
RR_num of lower bound:5312 max_num:9937714
sample_num of upper bound:5312 max_num:9937714
upper's influence:111.118
lower's influence:112.788
orginal's influence:114.027
PhysicalMem(MB) 17.8086
VirtualMem(MB) 28.0156
time:2.53924
tmp: 0.356213
Dsu_bu: 33.6124
Ds_bu21.6996
approximation ratio: 0.229965
estimate influence by Mente-Carlo is: 215.122
reachable node size: 955
estimate influence by StopAlgorithm is: 213.428
136 __ 1336951
Sample num: 136
Sample num: 272
Sample num: 544
Sample num: 1088
Sample num: 2176
sample_num of upper bound:2176 max_num:1336951
Sample num: 4352
RR_num of lower bound:4352 max_num:1336951
upper's influence:175.633
lower's influence:172.65
orginal's influence:179.461
PhysicalMem(MB) 6.75391
VirtualMem(MB) 16.9727
time:0.849483
tmp: 0.356213
Dsu_bu: 43.6819
Ds_bu35.4192
approximation ratio: 0.288833
estimate influence by Mente-Carlo is: 2068.66
reachable node size: 52093
estimate influence by StopAlgorithm is: 2018.13
256 __ 131724550
Sample num: 256
Sample num: 512
Sample num: 1024
Sample num: 2048
Sample num: 4096
Dsu_bu: 188.816
Sample num: 8192
Ds_bu405.272
approximation ratio: 0.764569
Sample num: 16384
RR_num of lower bound:16384 max_num:131724550
sample_num of upper bound:16384 max_num:131724550
upper's influence:1916.78
lower's influence:2016.35
orginal's influence:2023.58
PhysicalMem(MB) 200.223
VirtualMem(MB) 215.117
time:223.416
tmp: 0.356213
Dsu_bu: 26.1381
Ds_bu53.8754
approximation ratio: 0.734222
estimate influence by Mente-Carlo is: 621.519
reachable node size: 317070
estimate influence by StopAlgorithm is: 624.883
260 __ 813887461
Sample num: 260
Sample num: 520
Sample num: 1040
Sample num: 2080
estimate influence by Mente-Carlo is: 131.86
reachable node size: 4029
estimate influence by StopAlgorithm is: 133.746
255 __ 7727570
Sample num: 255
Sample num: 510
Sample num: 1020
Sample num: 2040
Sample num: 4080
sample_num of upper bound:4080 max_num:7727570
Sample num: 8160
RR_num of lower bound:8160 max_num:7727570
upper's influence:102.772
lower's influence:104.348
orginal's influence:107.793
PhysicalMem(MB) 18.0469
VirtualMem(MB) 27.8516
time:3.77361
tmp: 0.356213
Dsu_bu: 46.5975
Ds_bu28.3482
approximation ratio: 0.216707
estimate influence by Mente-Carlo is: 216.101
reachable node size: 955
estimate influence by StopAlgorithm is: 212.898
203 __ 1134953
Sample num: 203
Sample num: 406
Sample num: 812
Sample num: 1624
Sample num: 3248
RR_num of lower bound:3248 max_num:1134953
sample_num of upper bound:3248 max_num:1134953
upper's influence:167.96
lower's influence:170.951
orginal's influence:166.4
PhysicalMem(MB) 6.66016
VirtualMem(MB) 16.7734
time:0.676775
tmp: 0.356213
Dsu_bu: 70.5427
Ds_bu46.8639
approximation ratio: 0.236644
estimate influence by Mente-Carlo is: 2075.92
reachable node size: 52093
estimate influence by StopAlgorithm is: 2121.02
409 __ 105441261
Sample num: 4160
Sample num: 409
Sample num: 818
Sample num: 1636
Sample num: 3272
Sample num: 6544
Sample num: 8320
Sample num: 13088
RR_num of lower bound:13088 max_num:105441261
sample_num of upper bound:13088 max_num:105441261
upper's influence:1892.96
lower's influence:1934.62
orginal's influence:1918.96
PhysicalMem(MB) 189.531
VirtualMem(MB) 209.113
time:184.004
tmp: 0.356213
Dsu_bu: 193.44
Ds_bu144.378
approximation ratio: 0.265867
estimate influence by Mente-Carlo is: 623.283
reachable node size: 317070
estimate influence by StopAlgorithm is: 634.668
415 __ 652163107
Sample num: 415
Sample num: 830
Sample num: 16640
sample_num of upper bound:16640 max_num:813887461
Sample num: 1660
Sample num: 3320
Sample num: 6640
Sample num: 13280
RR_num of lower bound:13280 max_num:652163107
sample_num of upper bound:13280 max_num:652163107
upper's influence:574.331
lower's influence:594.854
orginal's influence:600.941
PhysicalMem(MB) 289.242
VirtualMem(MB) 300.75
time:388.296
tmp: 0.356213
Sample num: 33280
RR_num of lower bound:33280 max_num:813887461
upper's influence:611.483
Dsu_bu: 49.9415
lower's influence:618.52
Ds_bu55.0069
approximation ratio: 0.392342
estimate influence by Mente-Carlo is: 956.557
reachable node size: 47666
estimate influence by StopAlgorithm is: 945.63
363 __ 85540261
Sample num: 363
Sample num: 726
Sample num: 1452
orginal's influence:605.112
PhysicalMem(MB) 312.391
VirtualMem(MB) 322.824
time:794.896
tmp: 0.356213
Sample num: 2904
Sample num: 5808
RR_num of lower bound:5808 max_num:85540261
sample_num of upper bound:5808 max_num:85540261
upper's influence:766.339
lower's influence:797.359
orginal's influence:830.369
PhysicalMem(MB) 74.7695
VirtualMem(MB) 84.6914
time:36.5599
tmp: 0.356213
Dsu_bu: 22.8215
Dsu_bu: 137.624
Ds_bu178.334
approximation ratio: 0.461583
estimate influence by Mente-Carlo is: 1180.13
reachable node size: 218111
estimate influence by StopAlgorithm is: 1203.25
411 __ 443918016
Ds_bu21.5342
approximation ratio: 0.336119
Sample num: 411
estimate influence by Mente-Carlo is: 964.428
reachable node size: 47666
estimate influence by StopAlgorithm is: 973.668
229 __ 107749516
Sample num: 229
Sample num: 822
Sample num: 458
Sample num: 916
Sample num: 1832
Sample num: 1644
RR_num of lower bound:1644 max_num:443918016
sample_num of upper bound:1644 max_num:443918016
Sample num: 3664
upper's influence:568.348
Sample num: 7328
RR_num of lower bound:7328 max_num:107749516
sample_num of upper bound:7328 max_num:107749516
upper's influence:844.58
lower's influence:849.973
orginal's influence:852.667
PhysicalMem(MB) 76.6914
VirtualMem(MB) 86.5586
time:45.6706
tmp: 0.356213
Dsu_bu: 119.506
Ds_bu100.491
approximation ratio: 0.299536
lower's influence:549.838
estimate influence by Mente-Carlo is: 1178.94
reachable node size: 218111
estimate influence by StopAlgorithm is: 1170.6
257 __ 554375779
orginal's influence:759.851
PhysicalMem(MB) 277.371
VirtualMem(MB) 293.004
time:102.479
tmp: 0.356213
Sample num: 257
Sample num: 514
Sample num: 1028
Dsu_bu: 460.856
Sample num: 2056
RR_num of lower bound:2056 max_num:554375779
sample_num of upper bound:2056 max_num:554375779
Ds_bu653.485
approximation ratio: 0.505104
estimate influence by Mente-Carlo is: 1607.77
reachable node size: 81294
estimate influence by StopAlgorithm is: 1605.63
365 __ 146918702
upper's influence:706.8
Sample num: 365
Sample num: 730
Sample num: 1460
lower's influence:663.538
Sample num: 2920
RR_num of lower bound:2920 max_num:146918702
sample_num of upper bound:2920 max_num:146918702
upper's influence:1186.75
lower's influence:1246.17
orginal's influence:1400.37
PhysicalMem(MB) 148.543
VirtualMem(MB) 158.922
time:30.3434
tmp: 0.356213
orginal's influence:875.046
PhysicalMem(MB) 277.492
VirtualMem(MB) 293.004
time:101.725
tmp: 0.356213
Dsu_bu: 213.505
Ds_bu339.961
approximation ratio: 0.567194
Dsu_bu: 319.805
estimate influence by Mente-Carlo is: 66.0934
reachable node size: 2314
estimate influence by StopAlgorithm is: 64.9999
276 __ 4192068
Sample num: 276
Sample num: 552
Sample num: 1104
Sample num: 2208
RR_num of lower bound:2208 max_num:4192068
sample_num of upper bound:2208 max_num:4192068
upper's influence:53.5386
lower's influence:53.2683
orginal's influence:60.5951
PhysicalMem(MB) 14.4805
VirtualMem(MB) 24.1406
time:1.62463
tmp: 0.356213
Dsu_bu: 25.7195
Ds_bu10.6982
approximation ratio: 0.148169
estimate influence by Mente-Carlo is: 8772.84
reachable node size: 1134880
Ds_bu475.228
approximation ratio: 0.529329
estimate influence by Mente-Carlo is: 1611.69
reachable node size: 81294
estimate influence by StopAlgorithm is: 1631.48
231 __ 184969613
Sample num: 231
Sample num: 462
Sample num: 924
Sample num: 1848
estimate influence by StopAlgorithm is: 9089.62
462 __ 2599486760
Sample num: 3696
RR_num of lower bound:3696 max_num:184969613
Sample num: 7392
sample_num of upper bound:7392 max_num:184969613
upper's influence:1357.24
lower's influence:1351.74
orginal's influence:1465.6
PhysicalMem(MB) 150.234
VirtualMem(MB) 161.051
time:37.2087
tmp: 0.356213
Dsu_bu: 168.387
Ds_bu271.914
approximation ratio: 0.575219
Sample num: 462
estimate influence by Mente-Carlo is: 66.2678
reachable node size: 2314
estimate influence by StopAlgorithm is: 67.4726
178 __ 4877487
Sample num: 178
Sample num: 356
Sample num: 712
Sample num: 1424
sample_num of upper bound:1424 max_num:4877487
Sample num: 2848
RR_num of lower bound:2848 max_num:4877487
upper's influence:56.2769
lower's influence:59.7921
orginal's influence:61.3979
PhysicalMem(MB) 13.9688
VirtualMem(MB) 23.6484
time:1.82867
tmp: 0.356213
Dsu_bu: 15.7624
Ds_bu9.06224
approximation ratio: 0.204797
estimate influence by Mente-Carlo is: 8805.16
reachable node size: 1134880
Sample num: 924
estimate influence by StopAlgorithm is: 8557.96
287 __ 3223023447
Sample num: 287
Sample num: 574
Sample num: 1848
Sample num: 1148
Sample num: 2296
Sample num: 3696
Sample num: 4592
Sample num: 7392
Sample num: 9184
Sample num: 14784
RR_num of lower bound:14784 max_num:2599486760
sample_num of upper bound:14784 max_num:2599486760
upper's influence:8054.93
lower's influence:8063.85
orginal's influence:7968.02
PhysicalMem(MB) 956.633
VirtualMem(MB) 976.496
time:1362.84
tmp: 0.356213
Sample num: 18368
RR_num of lower bound:18368 max_num:3223023447
sample_num of upper bound:18368 max_num:3223023447
upper's influence:8302.03
lower's influence:8222.27
orginal's influence:8391.57
PhysicalMem(MB) 1004.16
VirtualMem(MB) 1020.5
time:1587.01
tmp: 0.356213
Dsu_bu: 944.947
Ds_bu1033.12
approximation ratio: 0.389452
estimate influence by Mente-Carlo is: 6849.09
reachable node size: 1504285
Dsu_bu: 236.848
estimate influence by StopAlgorithm is: 6906.85
475 __ 3545878563
Ds_bu266.67
approximation ratio: 0.401064
Sample num: 475
estimate influence by Mente-Carlo is: 6803.02
reachable node size: 1504285
Sample num: 950
estimate influence by StopAlgorithm is: 6874.5
295 __ 4389277066
Sample num: 295
Sample num: 590
Sample num: 1180
Sample num: 1900
Sample num: 2360
Sample num: 4720
Sample num: 3800
Sample num: 7600
Sample num: 9440
Sample num: 15200
RR_num of lower bound:15200 max_num:3545878563
sample_num of upper bound:15200 max_num:3545878563
upper's influence:6376.58
lower's influence:6325.87
Sample num: 18880
RR_num of lower bound:18880 max_num:4389277066
sample_num of upper bound:18880 max_num:4389277066
orginal's influence:6260.84
PhysicalMem(MB) 2525.81
VirtualMem(MB) 2538.55
time:2544.92
tmp: 0.356213
upper's influence:6498.14
lower's influence:6555.76
orginal's influence:6602.08
PhysicalMem(MB) 2532.05
VirtualMem(MB) 2545.14
time:2548.03
tmp: 0.356213
Dsu_bu: 440.673
Ds_bu506.34
approximation ratio: 0.409294
Dsu_bu: 248.701
Ds_bu417.81
approximation ratio: 0.598425
estimate influence by Mente-Carlo is: 134.798
reachable node size: 4029
estimate influence by StopAlgorithm is: 136.214
255 __ 7727570
Sample num: 255
Sample num: 510
Sample num: 1020
Sample num: 2040
Sample num: 4080
Sample num: 8160
RR_num of lower bound:8160 max_num:7727570
sample_num of upper bound:8160 max_num:7727570
upper's influence:104.513
lower's influence:106.609
orginal's influence:110.15
PhysicalMem(MB) 19.0742
VirtualMem(MB) 28.8125
time:3.55215
tmp: 0.356213
Dsu_bu: 48.9513
Ds_bu29.7266
approximation ratio: 0.216317
estimate influence by Mente-Carlo is: 216.732
reachable node size: 955
estimate influence by StopAlgorithm is: 210.189
203 __ 1134953
Sample num: 203
Sample num: 406
Sample num: 812
Sample num: 1624
Sample num: 3248
RR_num of lower bound:3248 max_num:1134953
sample_num of upper bound:3248 max_num:1134953
upper's influence:161.844
lower's influence:167.539
orginal's influence:165.418
PhysicalMem(MB) 6.79297
VirtualMem(MB) 16.7773
time:0.682552
tmp: 0.356213
Dsu_bu: 67.8457
Ds_bu49.1998
approximation ratio: 0.258316
estimate influence by Mente-Carlo is: 2073.58
reachable node size: 52093
estimate influence by StopAlgorithm is: 2095.48
409 __ 105441261
Sample num: 409
Sample num: 818
Sample num: 1636
estimate influence by Mente-Carlo is: 134.956
reachable node size: 4029
estimate influence by StopAlgorithm is: 129.323
166 __ 9937714
Sample num: 166
Sample num: 332
Sample num: 664
Sample num: 1328
Sample num: 2656
Sample num: 5312
sample_num of upper bound:5312 max_num:9937714
Sample num: 10624
RR_num of lower bound:10624 max_num:9937714
Sample num: 3272
upper's influence:114.068
lower's influence:113.535
orginal's influence:109.463
PhysicalMem(MB) 18.5703
VirtualMem(MB) 28.8945
time:4.62909
tmp: 0.356213
Dsu_bu: 27.9305
Ds_bu24.454
approximation ratio: 0.311875
estimate influence by Mente-Carlo is: 216.325
reachable node size: 955
estimate influence by StopAlgorithm is: 211.41
136 __ 1336951
Sample num: 136
Sample num: 272
Sample num: 544
Sample num: 1088
Sample num: 2176
sample_num of upper bound:2176 max_num:1336951
Sample num: 4352
RR_num of lower bound:4352 max_num:1336951
upper's influence:180.673
lower's influence:178.154
orginal's influence:178.337
PhysicalMem(MB) 6.875
VirtualMem(MB) 16.9727
time:0.842494
tmp: 0.356213
Dsu_bu: 41.863
Ds_bu32.853
approximation ratio: 0.279546
estimate influence by Mente-Carlo is: 2075.66
reachable node size: 52093
estimate influence by StopAlgorithm is: 2164.62
256 __ 131724550
Sample num: 256
Sample num: 512
Sample num: 1024
Sample num: 2048
Sample num: 6544
Sample num: 4096
Sample num: 8192
RR_num of lower bound:8192 max_num:131724550
Sample num: 13088
RR_num of lower bound:13088 max_num:105441261
sample_num of upper bound:13088 max_num:105441261
upper's influence:1928.36
lower's influence:1931.91
orginal's influence:1913.08
PhysicalMem(MB) 193.82
VirtualMem(MB) 209.078
time:181.738
tmp: 0.356213
Sample num: 16384
sample_num of upper bound:16384 max_num:131724550
upper's influence:1997.46
lower's influence:1951.07
orginal's influence:2006.85
PhysicalMem(MB) 199.809
VirtualMem(MB) 215.125
time:143.07
tmp: 0.356213
Dsu_bu: 170.41
Ds_bu224.321
approximation ratio: 0.468906
estimate influence by Mente-Carlo is: 625.309
reachable node size: 317070
Dsu_bu: 172.136
Ds_bu133.666
approximation ratio: 0.276604
estimate influence by Mente-Carlo is: 628.654
reachable node size: 317070
estimate influence by StopAlgorithm is: 616.701
415 __ 652163107
Sample num: 415
estimate influence by StopAlgorithm is: 614.094
260 __ 813887461
Sample num: 830
Sample num: 260
Sample num: 520
Sample num: 1040
Sample num: 1660
Sample num: 2080
Sample num: 3320
Sample num: 4160
Sample num: 6640
Sample num: 8320
Sample num: 13280
RR_num of lower bound:13280 max_num:652163107
sample_num of upper bound:13280 max_num:652163107
upper's influence:604.649
Sample num: 16640
RR_num of lower bound:16640 max_num:813887461
sample_num of upper bound:16640 max_num:813887461
lower's influence:576.823
upper's influence:622.957
orginal's influence:611.608
PhysicalMem(MB) 289.02
VirtualMem(MB) 300.75
time:435.39
tmp: 0.356213
lower's influence:610.811
Dsu_bu: 34.7175
orginal's influence:607.647
PhysicalMem(MB) 293.359
VirtualMem(MB) 304.918
time:457.671
tmp: 0.356213
Ds_bu17.3356
approximation ratio: 0.177869
estimate influence by Mente-Carlo is: 956.874
reachable node size: 47666
estimate influence by StopAlgorithm is: 968.81
363 __ 85540261
Sample num: 363
Dsu_bu: 10.1967
Sample num: 726
Sample num: 1452
Sample num: 2904
Ds_bu-3.55523
approximation ratio: -0.124199
estimate influence by Mente-Carlo is: 955.284
reachable node size: 47666
Sample num: 5808
sample_num of upper bound:5808 max_num:85540261
estimate influence by StopAlgorithm is: 961.264
229 __ 107749516
Sample num: 229
Sample num: 458
Sample num: 916
Sample num: 1832
Sample num: 3664
Sample num: 11616
RR_num of lower bound:11616 max_num:85540261
upper's influence:775.964
lower's influence:776.553
orginal's influence:817.819
PhysicalMem(MB) 76.2305
VirtualMem(MB) 86.1797
time:74.9058
tmp: 0.356213
Sample num: 7328
RR_num of lower bound:7328 max_num:107749516
sample_num of upper bound:7328 max_num:107749516
upper's influence:867.472
lower's influence:810.741
orginal's influence:846.042
PhysicalMem(MB) 76.5469
VirtualMem(MB) 86.5859
time:46.6439
tmp: 0.356213
Dsu_bu: 159.397
Ds_bu188.772
approximation ratio: 0.421858
estimate influence by Mente-Carlo is: 1176.75
reachable node size: 218111
Dsu_bu: 99.6323
Ds_bu116.181
approximation ratio: 0.415379
estimate influence by Mente-Carlo is: 1180.68
reachable node size: 218111
estimate influence by StopAlgorithm is: 1204.23
411 __ 443918016
Sample num: 411
estimate influence by StopAlgorithm is: 1180.89
257 __ 554375779
Sample num: 257
Sample num: 822
sample_num of upper bound:822 max_num:443918016
Sample num: 514
Sample num: 1644
RR_num of lower bound:1644 max_num:443918016
Sample num: 1028
upper's influence:558.421
Sample num: 2056
RR_num of lower bound:2056 max_num:554375779
sample_num of upper bound:2056 max_num:554375779
lower's influence:556.937
upper's influence:713.539
orginal's influence:783.619
PhysicalMem(MB) 277.598
VirtualMem(MB) 293.004
time:100.656
tmp: 0.356213
lower's influence:685.881
orginal's influence:859.882
PhysicalMem(MB) 277.543
VirtualMem(MB) 293.004
time:108.143
tmp: 0.356213
Dsu_bu: 461.917
Dsu_bu: 330.678
Ds_bu652.484
approximation ratio: 0.503171
estimate influence by Mente-Carlo is: 1611.58
reachable node size: 81294
estimate influence by StopAlgorithm is: 1565.84
365 __ 146918702
Sample num: 365
Sample num: 730
Ds_bu499.611
approximation ratio: 0.538191
Sample num: 1460
estimate influence by Mente-Carlo is: 1607.73
reachable node size: 81294
estimate influence by StopAlgorithm is: 1601.67
231 __ 184969613
Sample num: 231
Sample num: 462
Sample num: 2920
RR_num of lower bound:2920 max_num:146918702
sample_num of upper bound:2920 max_num:146918702
Sample num: 924
upper's influence:1236.83
lower's influence:1243.85
orginal's influence:1444.8
PhysicalMem(MB) 148.812
VirtualMem(MB) 158.973
time:25.8971
tmp: 0.356213
Sample num: 1848
Dsu_bu: 172.301
Ds_bu311.164
approximation ratio: 0.643295
Sample num: 3696
RR_num of lower bound:3696 max_num:184969613
sample_num of upper bound:3696 max_num:184969613
upper's influence:1322.46
lower's influence:1343.44
orginal's influence:1478.81
PhysicalMem(MB) 148.578
VirtualMem(MB) 158.926
time:34.5035
tmp: 0.356213
estimate influence by Mente-Carlo is: 67.0739
reachable node size: 2314
estimate influence by StopAlgorithm is: 66.533
276 __ 4192068
Sample num: 276
Sample num: 552
Sample num: 1104
Sample num: 2208
sample_num of upper bound:2208 max_num:4192068
Sample num: 4416
RR_num of lower bound:4416 max_num:4192068
upper's influence:53.5403
lower's influence:54.6094
orginal's influence:59.9251
PhysicalMem(MB) 14.9258
VirtualMem(MB) 25.1055
time:2.63358
tmp: 0.356213
Dsu_bu: 27.1467
Ds_bu11.7532
approximation ratio: 0.154224
Dsu_bu: 145.114
Ds_bu250.519
approximation ratio: 0.614953
estimate influence by Mente-Carlo is: 8792.85
reachable node size: 1134880
estimate influence by Mente-Carlo is: 66.4618
reachable node size: 2314
estimate influence by StopAlgorithm is: 64.2167
178 __ 4877487
Sample num: 178
Sample num: 356
Sample num: 712
Sample num: 1424
Sample num: 2848
Sample num: 5696
RR_num of lower bound:5696 max_num:4877487
sample_num of upper bound:5696 max_num:4877487
upper's influence:58.0794
lower's influence:57.6559
orginal's influence:57.2475
PhysicalMem(MB) 15.7891
VirtualMem(MB) 25.8945
time:2.93036
tmp: 0.356213
Dsu_bu: 12.3283
Ds_bu5.6012
approximation ratio: 0.16184
estimate influence by Mente-Carlo is: 8807.7
reachable node size: 1134880
estimate influence by StopAlgorithm is: 8404.91
462 __ 2599486760
estimate influence by StopAlgorithm is: 8815.44
287 __ 3223023447
Sample num: 462
Sample num: 287
Sample num: 574
Sample num: 924
Sample num: 1148
Sample num: 1848
Sample num: 2296
Sample num: 3696
Sample num: 4592
Sample num: 7392
Sample num: 9184
Sample num: 14784
estimate influence by Mente-Carlo is: 132.848
reachable node size: 4029
estimate influence by StopAlgorithm is: 135.361
166 __ 9937714
Sample num: 166
Sample num: 332
Sample num: 664
Sample num: 1328
Sample num: 2656
Sample num: 5312
RR_num of lower bound:5312 max_num:9937714
sample_num of upper bound:5312 max_num:9937714
upper's influence:111.194
lower's influence:112.156
orginal's influence:113.499
PhysicalMem(MB) 17.7539
VirtualMem(MB) 27.9609
time:2.5873
approximation: 0.247771
estimate influence by Mente-Carlo is: 134.524
reachable node size: 4029
estimate influence by StopAlgorithm is: 134.574
255 __ 7727570
Sample num: 255
Sample num: 510
Sample num: 1020
Sample num: 2040
Sample num: 4080
RR_num of lower bound:4080 max_num:7727570
Sample num: 8160
sample_num of upper bound:8160 max_num:7727570
upper's influence:101.113
lower's influence:104.921
estimate influence by Mente-Carlo is: 214.461
reachable node size: 955
estimate influence by StopAlgorithm is: 218
136 __ 1336951
Sample num: 136
Sample num: 272
Sample num: 544
orginal's influence:104.709
PhysicalMem(MB) 18.0586
VirtualMem(MB) 28.0625
time:2.67977
Sample num: 1088
Sample num: 2176
Sample num: 4352
RR_num of lower bound:4352 max_num:1336951
sample_num of upper bound:4352 max_num:1336951
upper's influence:178.027
lower's influence:184.412
orginal's influence:187.476
PhysicalMem(MB) 7.03125
VirtualMem(MB) 17.5234
time:0.892141
approximation: 0.214127
approximation: 0.270677
estimate influence by Mente-Carlo is: 216.123
reachable node size: 955
estimate influence by StopAlgorithm is: 208.05
203 __ 1134953
Sample num: 203
Sample num: 406
Sample num: 812
Sample num: 1624
estimate influence by Mente-Carlo is: 2076.6
reachable node size: 52093
Sample num: 3248
sample_num of upper bound:3248 max_num:1134953
Sample num: 6496
RR_num of lower bound:6496 max_num:1134953
upper's influence:165.797
lower's influence:165.86
orginal's influence:165.513
PhysicalMem(MB) 7.10938
VirtualMem(MB) 17.3477
time:1.24607
approximation: 0.260615
estimate influence by StopAlgorithm is: 2075.34
256 __ 131724550
estimate influence by Mente-Carlo is: 2068.35
reachable node size: 52093
Sample num: 256
estimate influence by StopAlgorithm is: 2072.28
409 __ 105441261
Sample num: 512
Sample num: 409
Sample num: 1024
Sample num: 818
Sample num: 2048
Sample num: 1636
Sample num: 3272
Sample num: 4096
Sample num: 6544
sample_num of upper bound:6544 max_num:105441261
Sample num: 8192
Sample num: 13088
RR_num of lower bound:13088 max_num:105441261
upper's influence:1917.33
lower's influence:1943.46
orginal's influence:2000.23
PhysicalMem(MB) 199.098
VirtualMem(MB) 215.145
time:171.107
Sample num: 16384
RR_num of lower bound:16384 max_num:131724550
sample_num of upper bound:16384 max_num:131724550
upper's influence:1970.51
lower's influence:1954.4
estimate influence by Mente-Carlo is: 132.956
reachable node size: 4029
estimate influence by StopAlgorithm is: 133.986
166 __ 9937714
Sample num: 166
Sample num: 332
Sample num: 664
Sample num: 1328
Sample num: 2656
Sample num: 5312
RR_num of lower bound:5312 max_num:9937714
sample_num of upper bound:5312 max_num:9937714
upper's influence:113.778
lower's influence:109.952
orginal's influence:109.846
PhysicalMem(MB) 18.2383
VirtualMem(MB) 28.0938
time:2.50921
approximation: 0.242546
estimate influence by Mente-Carlo is: 132.872
reachable node size: 4029
estimate influence by StopAlgorithm is: 133.822
255 __ 7727570
Sample num: 255
Sample num: 510
Sample num: 1020
Sample num: 2040
Sample num: 4080
estimate influence by Mente-Carlo is: 215.605
reachable node size: 955
estimate influence by StopAlgorithm is: 214.536
136 __ 1336951
Sample num: 136
Sample num: 272
Sample num: 544
Sample num: 1088
Sample num: 2176
Sample num: 8160
RR_num of lower bound:8160 max_num:7727570
sample_num of upper bound:8160 max_num:7727570
upper's influence:104.956
Sample num: 4352
RR_num of lower bound:4352 max_num:1336951
sample_num of upper bound:4352 max_num:1336951
upper's influence:185.416
lower's influence:172.684
orginal's influence:180.862
PhysicalMem(MB) 7.19531
VirtualMem(MB) 17.5273
time:0.932074
lower's influence:104.826
orginal's influence:105.675
PhysicalMem(MB) 18.7695
VirtualMem(MB) 28.6523
time:3.58202
approximation: 0.269326
approximation: 0.213032
estimate influence by Mente-Carlo is: 2072.03
reachable node size: 52093
estimate influence by Mente-Carlo is: 215.728
reachable node size: 955
estimate influence by StopAlgorithm is: 211.493
203 __ 1134953
Sample num: 203
Sample num: 406
Sample num: 812
Sample num: 1624
Sample num: 3248
RR_num of lower bound:3248 max_num:1134953
sample_num of upper bound:3248 max_num:1134953
upper's influence:164.494
lower's influence:161.919
orginal's influence:166.784
PhysicalMem(MB) 6.64844
VirtualMem(MB) 16.7773
time:0.716213
approximation: 0.262406
estimate influence by StopAlgorithm is: 2078.34
256 __ 131724550
estimate influence by Mente-Carlo is: 2064.64
reachable node size: 52093
Sample num: 256
Sample num: 512
estimate influence by StopAlgorithm is: 2084.47
409 __ 105441261
Sample num: 1024
Sample num: 409
Sample num: 818
Sample num: 2048
Sample num: 1636
Sample num: 3272
Sample num: 4096
Sample num: 6544
RR_num of lower bound:6544 max_num:105441261
Sample num: 8192
Sample num: 13088
sample_num of upper bound:13088 max_num:105441261
upper's influence:1957.08
lower's influence:1883.2
orginal's influence:1965.14
PhysicalMem(MB) 199.879
VirtualMem(MB) 215.148
time:114.567
approximation: 0.324936
estimate influence by Mente-Carlo is: 624.48
reachable node size: 317070
Sample num: 16384
RR_num of lower bound:16384 max_num:131724550
estimate influence by StopAlgorithm is: 619.98
415 __ 652163107
Sample num: 415
Sample num: 830
Sample num: 1660
Sample num: 32768
sample_num of upper bound:32768 max_num:131724550
upper's influence:1956.04
lower's influence:1937.36
orginal's influence:2086.32
PhysicalMem(MB) 200.242
VirtualMem(MB) 215.121
time:257.563
Sample num: 3320
approximation: 0.329045
estimate influence by Mente-Carlo is: 623.19
reachable node size: 317070
Sample num: 6640
estimate influence by StopAlgorithm is: 627.996
260 __ 813887461
Sample num: 260
Sample num: 520
Sample num: 1040
Sample num: 2080
Sample num: 4160
Sample num: 13280
RR_num of lower bound:13280 max_num:652163107
sample_num of upper bound:13280 max_num:652163107
upper's influence:584.27
Sample num: 8320
lower's influence:574.735
orginal's influence:585.332
PhysicalMem(MB) 289.32
VirtualMem(MB) 300.75
time:360.404
approximation: 0.240768
estimate influence by Mente-Carlo is: 952.13
reachable node size: 47666
estimate influence by StopAlgorithm is: 948.134
363 __ 85540261
Sample num: 363
Sample num: 726
Sample num: 1452
Sample num: 2904
Sample num: 5808
RR_num of lower bound:5808 max_num:85540261
sample_num of upper bound:5808 max_num:85540261
upper's influence:794.969
lower's influence:796.566
orginal's influence:823.81
PhysicalMem(MB) 74.7422
VirtualMem(MB) 84.6914
time:34.8401
Sample num: 16640
RR_num of lower bound:16640 max_num:813887461
sample_num of upper bound:16640 max_num:813887461
approximation: 0.314467
estimate influence by Mente-Carlo is: 1175.99
reachable node size: 218111
estimate influence by StopAlgorithm is: 1165.41
411 __ 443918016
upper's influence:605.816
Sample num: 411
Sample num: 822
lower's influence:595
Sample num: 1644
RR_num of lower bound:1644 max_num:443918016
sample_num of upper bound:1644 max_num:443918016
orginal's influence:609.538
PhysicalMem(MB) 293.145
VirtualMem(MB) 304.918
time:428.618
upper's influence:557.126
lower's influence:560.02
orginal's influence:773.085
PhysicalMem(MB) 277.406
VirtualMem(MB) 293.008
time:100.823
approximation: 0.247796
estimate influence by Mente-Carlo is: 966.308
reachable node size: 47666
estimate influence by StopAlgorithm is: 973.884
229 __ 107749516
Sample num: 229
Sample num: 458
Sample num: 916
Sample num: 1832
Sample num: 3664
approximation: 0.346692
estimate influence by Mente-Carlo is: 1593.11
reachable node size: 81294
estimate influence by StopAlgorithm is: 1628.24
365 __ 146918702
Sample num: 365
Sample num: 730
Sample num: 7328
RR_num of lower bound:7328 max_num:107749516
Sample num: 1460
Sample num: 14656
sample_num of upper bound:14656 max_num:107749516
upper's influence:832.387
lower's influence:821.02
orginal's influence:881.661
PhysicalMem(MB) 80.4102
VirtualMem(MB) 90.3867
time:49.3562
Sample num: 2920
RR_num of lower bound:2920 max_num:146918702
sample_num of upper bound:2920 max_num:146918702
upper's influence:1231.52
lower's influence:1251.65
orginal's influence:1399.98
PhysicalMem(MB) 148.457
VirtualMem(MB) 158.973
time:25.2127
approximation: 0.32336
estimate influence by Mente-Carlo is: 1180.11
reachable node size: 218111
approximation: 0.331575
estimate influence by StopAlgorithm is: 1199.02
257 __ 554375779
Sample num: 257
Sample num: 514
estimate influence by Mente-Carlo is: 65.9887
reachable node size: 2314
estimate influence by StopAlgorithm is: 65.2198
276 __ 4192068
Sample num: 276
Sample num: 552
Sample num: 1104
Sample num: 2208
RR_num of lower bound:2208 max_num:4192068
sample_num of upper bound:2208 max_num:4192068
upper's influence:54.9698
lower's influence:52.1672
orginal's influence:59.479
PhysicalMem(MB) 14.3047
VirtualMem(MB) 23.9453
time:1.60843
approximation: 0.172741
Sample num: 1028
sample_num of upper bound:1028 max_num:554375779
estimate influence by Mente-Carlo is: 8854.83
reachable node size: 1134880
Sample num: 2056
RR_num of lower bound:2056 max_num:554375779
upper's influence:683.959
estimate influence by StopAlgorithm is: 8514.48
462 __ 2599486760
lower's influence:712.921
orginal's influence:864.399
PhysicalMem(MB) 277.453
VirtualMem(MB) 293.008
time:96.9652
Sample num: 462
Sample num: 924
approximation: 0.344319
estimate influence by Mente-Carlo is: 1610.56
reachable node size: 81294
estimate influence by StopAlgorithm is: 1514.96
231 __ 184969613
Sample num: 231
Sample num: 462
Sample num: 924
Sample num: 1848
Sample num: 3696
RR_num of lower bound:3696 max_num:184969613
sample_num of upper bound:3696 max_num:184969613
upper's influence:1361.92
lower's influence:1370.51
orginal's influence:1444.25
PhysicalMem(MB) 155.23
VirtualMem(MB) 166.09
time:20.1962
Sample num: 1848
approximation: 0.337945
estimate influence by Mente-Carlo is: 66.5375
reachable node size: 2314
estimate influence by StopAlgorithm is: 67.8793
178 __ 4877487
Sample num: 178
Sample num: 356
Sample num: 712
Sample num: 1424
Sample num: 2848
RR_num of lower bound:2848 max_num:4877487
sample_num of upper bound:2848 max_num:4877487
upper's influence:57.3213
lower's influence:57.6723
orginal's influence:63.1001
PhysicalMem(MB) 14.3203
VirtualMem(MB) 24.0391
time:1.82566
approximation: 0.23444
estimate influence by Mente-Carlo is: 8821.8
reachable node size: 1134880
estimate influence by StopAlgorithm is: 8849.45
287 __ 3223023447
Sample num: 287
Sample num: 574
Sample num: 3696
Sample num: 1148
Sample num: 2296
Sample num: 7392
Sample num: 4592
Sample num: 9184
Sample num: 14784
RR_num of lower bound:14784 max_num:2599486760
Sample num: 29568
sample_num of upper bound:29568 max_num:2599486760
upper's influence:8125.66
lower's influence:8041.91
orginal's influence:8249.95
PhysicalMem(MB) 1030.08
VirtualMem(MB) 1046.68
time:1541.54
Sample num: 18368
RR_num of lower bound:18368 max_num:3223023447
approximation: 0.345566
estimate influence by Mente-Carlo is: 6856.22
reachable node size: 1504285
estimate influence by StopAlgorithm is: 6680.45
475 __ 3545878563
Sample num: 475
Sample num: 36736
sample_num of upper bound:36736 max_num:3223023447
upper's influence:8275.32
Sample num: 950
lower's influence:8537.1
orginal's influence:8334.49
PhysicalMem(MB) 977.07
VirtualMem(MB) 994.473
time:2061.64
Sample num: 1900
Sample num: 3800
approximation: 0.34767
estimate influence by Mente-Carlo is: 6808.82
reachable node size: 1504285
estimate influence by StopAlgorithm is: 6822.17
295 __ 4389277066
Sample num: 295
Sample num: 590
Sample num: 1180
Sample num: 7600
RR_num of lower bound:7600 max_num:3545878563
sample_num of upper bound:7600 max_num:3545878563
Sample num: 2360
upper's influence:6121.07
lower's influence:6428.85
orginal's influence:6260.89
PhysicalMem(MB) 2513.33
VirtualMem(MB) 2525.55
time:1482.51
Sample num: 4720
Sample num: 9440
sample_num of upper bound:9440 max_num:4389277066
approximation: 0.337405
estimate influence by Mente-Carlo is: 132.787
reachable node size: 4029
estimate influence by StopAlgorithm is: 129.842
255 __ 7727570
Sample num: 255
Sample num: 510
Sample num: 1020
Sample num: 2040
Sample num: 4080
Sample num: 8160
RR_num of lower bound:8160 max_num:7727570
sample_num of upper bound:8160 max_num:7727570
upper's influence:105.509
lower's influence:99.986
orginal's influence:106.168
PhysicalMem(MB) 18.8594
VirtualMem(MB) 28.8164
time:3.582
approximation: 0.21575
estimate influence by Mente-Carlo is: 215.19
reachable node size: 955
estimate influence by StopAlgorithm is: 219.135
203 __ 1134953
Sample num: 203
Sample num: 406
Sample num: 812
Sample num: 1624
Sample num: 3248
sample_num of upper bound:3248 max_num:1134953
Sample num: 6496
RR_num of lower bound:6496 max_num:1134953
upper's influence:161.213
lower's influence:166.944
orginal's influence:160.81
PhysicalMem(MB) 7.15625
VirtualMem(MB) 17.3281
time:1.25287
approximation: 0.263063
estimate influence by Mente-Carlo is: 2075.58
reachable node size: 52093
estimate influence by StopAlgorithm is: 2005.27
409 __ 105441261
Sample num: 409
Sample num: 818
Sample num: 1636
Sample num: 3272
Sample num: 6544
Sample num: 13088
RR_num of lower bound:13088 max_num:105441261
sample_num of upper bound:13088 max_num:105441261
upper's influence:1891.6
lower's influence:1912.88
orginal's influence:1958.99
PhysicalMem(MB) 200.297
VirtualMem(MB) 215.137
time:181.412
approximation: 0.322708
estimate influence by Mente-Carlo is: 621.864
reachable node size: 317070
estimate influence by StopAlgorithm is: 627.865
415 __ 652163107
Sample num: 415
Sample num: 830
Sample num: 18880
RR_num of lower bound:18880 max_num:4389277066
Sample num: 1660
Sample num: 3320
upper's influence:6447.61
Sample num: 6640
lower's influence:6537.86
orginal's influence:6668.57
PhysicalMem(MB) 2525.25
VirtualMem(MB) 2537.15
time:2567.52
Sample num: 13280
RR_num of lower bound:13280 max_num:652163107
sample_num of upper bound:13280 max_num:652163107
upper's influence:580.356
lower's influence:594.642
orginal's influence:590.304
PhysicalMem(MB) 289.035
VirtualMem(MB) 300.75
time:389.219
approximation: 0.239551
estimate influence by Mente-Carlo is: 960.405
reachable node size: 47666
estimate influence by StopAlgorithm is: 946.435
363 __ 85540261
Sample num: 363
Sample num: 726
Sample num: 1452
Sample num: 2904
Sample num: 5808
RR_num of lower bound:5808 max_num:85540261
sample_num of upper bound:5808 max_num:85540261
upper's influence:776.553
lower's influence:818.939
orginal's influence:855.919
PhysicalMem(MB) 81.5078
VirtualMem(MB) 93.3164
time:36.3881
approximation: 0.318044
estimate influence by Mente-Carlo is: 1180.68
reachable node size: 218111
estimate influence by StopAlgorithm is: 1184.58
411 __ 443918016
Sample num: 411
Sample num: 822
Sample num: 1644
RR_num of lower bound:1644 max_num:443918016
sample_num of upper bound:1644 max_num:443918016
upper's influence:541.46
lower's influence:560.891
orginal's influence:758.897
PhysicalMem(MB) 277.453
VirtualMem(MB) 293.008
time:101.734
approximation: 0.348898
estimate influence by Mente-Carlo is: 1608.06
reachable node size: 81294
estimate influence by StopAlgorithm is: 1616.07
365 __ 146918702
Sample num: 365
Sample num: 730
Sample num: 1460
Sample num: 2920
RR_num of lower bound:2920 max_num:146918702
Sample num: 5840
sample_num of upper bound:5840 max_num:146918702
upper's influence:1240.07
lower's influence:1292.01
orginal's influence:1426.59
PhysicalMem(MB) 153.844
VirtualMem(MB) 166.133
time:21.2424
approximation: 0.332198
estimate influence by Mente-Carlo is: 66.7402
reachable node size: 2314
estimate influence by StopAlgorithm is: 67.0288
276 __ 4192068
Sample num: 276
Sample num: 552
Sample num: 1104
Sample num: 2208
Sample num: 4416
RR_num of lower bound:4416 max_num:4192068
sample_num of upper bound:4416 max_num:4192068
upper's influence:51.6894
lower's influence:52.5292
orginal's influence:58.9268
PhysicalMem(MB) 15.4375
VirtualMem(MB) 25.668
time:2.43271
approximation: 0.169479
estimate influence by Mente-Carlo is: 8732.7
reachable node size: 1134880
estimate influence by StopAlgorithm is: 8639.65
462 __ 2599486760
Sample num: 462
Sample num: 924
Sample num: 1848
Sample num: 3696
approximation: 0.338357
estimate influence by Mente-Carlo is: 134.069
reachable node size: 4029
estimate influence by StopAlgorithm is: 135.108
166 __ 9937714
Sample num: 166
Sample num: 332
Sample num: 664
Sample num: 1328
Sample num: 2656
Sample num: 5312
RR_num of lower bound:5312 max_num:9937714
sample_num of upper bound:5312 max_num:9937714
upper's influence:110.575
lower's influence:110.747
orginal's influence:112.443
PhysicalMem(MB) 17.9531
VirtualMem(MB) 28
time:2.65851
approximation: 0.24579
estimate influence by Mente-Carlo is: 216.024
reachable node size: 955
estimate influence by StopAlgorithm is: 211.285
136 __ 1336951
Sample num: 136
Sample num: 272
Sample num: 544
Sample num: 1088
Sample num: 2176
Sample num: 4352
RR_num of lower bound:4352 max_num:1336951
sample_num of upper bound:4352 max_num:1336951
upper's influence:182.036
lower's influence:186.831
orginal's influence:177.644
PhysicalMem(MB) 7.23047
VirtualMem(MB) 17.5469
time:0.891026
approximation: 0.271171
estimate influence by Mente-Carlo is: 2068.27
reachable node size: 52093
Sample num: 7392
estimate influence by StopAlgorithm is: 2119.2
256 __ 131724550
Sample num: 256
Sample num: 512
Sample num: 1024
Sample num: 2048
Sample num: 4096
Sample num: 8192
Sample num: 16384
RR_num of lower bound:16384 max_num:131724550
sample_num of upper bound:16384 max_num:131724550
upper's influence:1959.11
lower's influence:1969.18
orginal's influence:1995.9
PhysicalMem(MB) 200.164
VirtualMem(MB) 215.125
time:212.347
approximation: 0.328283
estimate influence by Mente-Carlo is: 620.333
reachable node size: 317070
estimate influence by StopAlgorithm is: 616.893
260 __ 813887461
Sample num: 260
Sample num: 520
Sample num: 1040
Sample num: 2080
Sample num: 4160
Sample num: 8320
Sample num: 16640
RR_num of lower bound:16640 max_num:813887461
sample_num of upper bound:16640 max_num:813887461
upper's influence:606.288
lower's influence:594.052
orginal's influence:622.425
PhysicalMem(MB) 293.492
VirtualMem(MB) 304.918
time:464.091
approximation: 0.247763
estimate influence by Mente-Carlo is: 956.563
reachable node size: 47666
estimate influence by StopAlgorithm is: 936.253
229 __ 107749516
Sample num: 229
Sample num: 458
Sample num: 916
Sample num: 1832
Sample num: 3664
Sample num: 7328
Sample num: 14656
RR_num of lower bound:14656 max_num:107749516
sample_num of upper bound:14656 max_num:107749516
upper's influence:866.449
lower's influence:844.174
orginal's influence:903.861
PhysicalMem(MB) 77.7891
VirtualMem(MB) 87.9688
time:110.854
approximation: 0.321531
estimate influence by Mente-Carlo is: 1180.11
reachable node size: 218111
estimate influence by StopAlgorithm is: 1201.52
257 __ 554375779
Sample num: 257
Sample num: 514
Sample num: 1028
Sample num: 2056
RR_num of lower bound:2056 max_num:554375779
sample_num of upper bound:2056 max_num:554375779
upper's influence:702.043
lower's influence:669.976
orginal's influence:856.248
PhysicalMem(MB) 277.598
VirtualMem(MB) 293.004
time:98.6137
Sample num: 14784
RR_num of lower bound:14784 max_num:2599486760
approximation: 0.346495
estimate influence by Mente-Carlo is: 1607.49
reachable node size: 81294
estimate influence by StopAlgorithm is: 1578.31
231 __ 184969613
Sample num: 231
Sample num: 462
Sample num: 924
Sample num: 1848
Sample num: 3696
RR_num of lower bound:3696 max_num:184969613
sample_num of upper bound:3696 max_num:184969613
upper's influence:1356.24
lower's influence:1387.85
orginal's influence:1463.92
PhysicalMem(MB) 149.137
VirtualMem(MB) 159.219
time:39.2285
approximation: 0.337794
estimate influence by Mente-Carlo is: 66.2119
reachable node size: 2314
estimate influence by StopAlgorithm is: 66.7421
178 __ 4877487
Sample num: 178
Sample num: 356
Sample num: 712
Sample num: 1424
Sample num: 2848
RR_num of lower bound:2848 max_num:4877487
sample_num of upper bound:2848 max_num:4877487
upper's influence:57.1836
lower's influence:57.5829
orginal's influence:60.8798
PhysicalMem(MB) 14.1055
VirtualMem(MB) 24.0312
time:2.22328
approximation: 0.235156
estimate influence by Mente-Carlo is: 8767.33
reachable node size: 1134880
estimate influence by StopAlgorithm is: 8920.47
287 __ 3223023447
Sample num: 287
Sample num: 574
Sample num: 1148
Sample num: 2296
Sample num: 4592
Sample num: 29568
sample_num of upper bound:29568 max_num:2599486760
upper's influence:8147.05
lower's influence:8287.31
orginal's influence:8240.14
PhysicalMem(MB) 977.617
VirtualMem(MB) 994.469
time:2734.6
Sample num: 9184
Sample num: 18368
RR_num of lower bound:18368 max_num:3223023447
sample_num of upper bound:18368 max_num:3223023447
upper's influence:8183.65
lower's influence:8363.77
orginal's influence:8384.73
PhysicalMem(MB) 958.602
VirtualMem(MB) 976.496
time:1558.65
approximation: 0.345191
estimate influence by Mente-Carlo is: 6842.58
reachable node size: 1504285
estimate influence by StopAlgorithm is: 6862.9
475 __ 3545878563
Sample num: 475
Sample num: 950
approximation: 0.347577
Sample num: 1900
estimate influence by Mente-Carlo is: 6796.53
reachable node size: 1504285
estimate influence by StopAlgorithm is: 6873.87
295 __ 4389277066
Sample num: 295
Sample num: 590
Sample num: 3800
Sample num: 1180
Sample num: 2360
Sample num: 7600
RR_num of lower bound:7600 max_num:3545878563
sample_num of upper bound:7600 max_num:3545878563
upper's influence:6380.73
lower's influence:6184.7
Sample num: 4720
orginal's influence:6521.89
PhysicalMem(MB) 2513.56
VirtualMem(MB) 2525.95
time:1573.19
Sample num: 9440
approximation: 0.337377
estimate influence by Mente-Carlo is: 132.682
reachable node size: 4029
estimate influence by StopAlgorithm is: 129.441
255 __ 7727570
Sample num: 255
Sample num: 510
Sample num: 1020
Sample num: 2040
Sample num: 4080
Sample num: 8160
RR_num of lower bound:8160 max_num:7727570
sample_num of upper bound:8160 max_num:7727570
upper's influence:102.769
lower's influence:106.549
orginal's influence:108.926
PhysicalMem(MB) 18.7305
VirtualMem(MB) 28.6875
time:3.52528
approximation: 0.214044
estimate influence by Mente-Carlo is: 215.707
reachable node size: 955
estimate influence by StopAlgorithm is: 213.576
203 __ 1134953
Sample num: 203
Sample num: 406
Sample num: 812
Sample num: 1624
Sample num: 3248
RR_num of lower bound:3248 max_num:1134953
sample_num of upper bound:3248 max_num:1134953
upper's influence:163.889
lower's influence:171.677
orginal's influence:163.105
PhysicalMem(MB) 6.95703
VirtualMem(MB) 16.7852
time:0.676137
approximation: 0.258471
estimate influence by Mente-Carlo is: 2074.32
reachable node size: 52093
estimate influence by StopAlgorithm is: 2123.4
409 __ 105441261
Sample num: 409
Sample num: 818
Sample num: 18880
RR_num of lower bound:18880 max_num:4389277066
sample_num of upper bound:18880 max_num:4389277066
Sample num: 1636
Sample num: 3272
upper's influence:6543.13
Sample num: 6544
lower's influence:6334.78
orginal's influence:6501.09
PhysicalMem(MB) 2532.09
VirtualMem(MB) 2545.32
time:4069.41
Sample num: 13088
RR_num of lower bound:13088 max_num:105441261
sample_num of upper bound:13088 max_num:105441261
upper's influence:1945.42
lower's influence:1844.12
orginal's influence:2006.44
PhysicalMem(MB) 164.238
VirtualMem(MB) 174.637
time:267.953
approximation: 0.324248
estimate influence by Mente-Carlo is: 627.759
reachable node size: 317070
estimate influence by StopAlgorithm is: 626.094
415 __ 652163107
Sample num: 415
Sample num: 830
Sample num: 1660
Sample num: 3320
Sample num: 6640
Sample num: 13280
RR_num of lower bound:13280 max_num:652163107
sample_num of upper bound:13280 max_num:652163107
upper's influence:589.881
lower's influence:575.017
orginal's influence:606.167
PhysicalMem(MB) 289.027
VirtualMem(MB) 300.75
time:384.016
approximation: 0.241109
estimate influence by Mente-Carlo is: 956.858
reachable node size: 47666
estimate influence by StopAlgorithm is: 947.352
363 __ 85540261
Sample num: 363
Sample num: 726
Sample num: 1452
Sample num: 2904
Sample num: 5808
RR_num of lower bound:5808 max_num:85540261
sample_num of upper bound:5808 max_num:85540261
upper's influence:808.121
lower's influence:790.295
orginal's influence:835.887
PhysicalMem(MB) 76.332
VirtualMem(MB) 86.3594
time:36.6996
approximation: 0.313983
estimate influence by Mente-Carlo is: 1179.81
reachable node size: 218111
estimate influence by StopAlgorithm is: 1173.35
411 __ 443918016
Sample num: 411
Sample num: 822
Sample num: 1644
RR_num of lower bound:1644 max_num:443918016
sample_num of upper bound:1644 max_num:443918016
upper's influence:551.154
lower's influence:556.016
orginal's influence:750.443
PhysicalMem(MB) 290.379
VirtualMem(MB) 305.957
time:101.303
approximation: 0.348145
estimate influence by Mente-Carlo is: 1598.95
reachable node size: 81294
estimate influence by StopAlgorithm is: 1632.38
365 __ 146918702
Sample num: 365
Sample num: 730
Sample num: 1460
Sample num: 2920
RR_num of lower bound:2920 max_num:146918702
sample_num of upper bound:2920 max_num:146918702
upper's influence:1261.38
lower's influence:1235.7
orginal's influence:1360.94
PhysicalMem(MB) 148.508
VirtualMem(MB) 158.969
time:27.5013
approximation: 0.331432
estimate influence by Mente-Carlo is: 66.1347
reachable node size: 2314
estimate influence by StopAlgorithm is: 64.845
276 __ 4192068
Sample num: 276
Sample num: 552
Sample num: 1104
Sample num: 2208
RR_num of lower bound:2208 max_num:4192068
sample_num of upper bound:2208 max_num:4192068
upper's influence:53.4055
lower's influence:53.4212
orginal's influence:60.5225
PhysicalMem(MB) 13.9531
VirtualMem(MB) 23.9492
time:1.62094
approximation: 0.173188
estimate influence by Mente-Carlo is: 8834.88
reachable node size: 1134880
estimate influence by StopAlgorithm is: 8822.34
462 __ 2599486760
Sample num: 462
Sample num: 924
Sample num: 1848
Sample num: 3696
approximation: 0.337735
Sample num: 7392
estimate influence by Mente-Carlo is: 133.788
reachable node size: 4029
estimate influence by StopAlgorithm is: 136.778
166 __ 9937714
Sample num: 166
Sample num: 332
Sample num: 664
Sample num: 1328
Sample num: 2656
Sample num: 5312
RR_num of lower bound:5312 max_num:9937714
sample_num of upper bound:5312 max_num:9937714
upper's influence:115.984
lower's influence:110.622
orginal's influence:110.694
PhysicalMem(MB) 18.207
VirtualMem(MB) 28.0625
time:2.46987
approximation: 0.243944
estimate influence by Mente-Carlo is: 215.312
reachable node size: 955
estimate influence by StopAlgorithm is: 222.196
136 __ 1336951
Sample num: 136
Sample num: 272
Sample num: 544
Sample num: 1088
Sample num: 2176
Sample num: 4352
RR_num of lower bound:4352 max_num:1336951
sample_num of upper bound:4352 max_num:1336951
upper's influence:177.011
lower's influence:178.118
orginal's influence:177.246
PhysicalMem(MB) 7.22266
VirtualMem(MB) 17.5938
time:0.888756
approximation: 0.27003
estimate influence by Mente-Carlo is: 2073.07
reachable node size: 52093
estimate influence by StopAlgorithm is: 2117.17
256 __ 131724550
Sample num: 256
Sample num: 512
Sample num: 1024
Sample num: 2048
Sample num: 4096
Sample num: 8192
sample_num of upper bound:8192 max_num:131724550
Sample num: 16384
RR_num of lower bound:16384 max_num:131724550
upper's influence:1950.94
lower's influence:1921.23
orginal's influence:2005.65
PhysicalMem(MB) 199.598
VirtualMem(MB) 215.156
time:210.473
approximation: 0.331531
estimate influence by Mente-Carlo is: 619.47
reachable node size: 317070
estimate influence by StopAlgorithm is: 609.469
260 __ 813887461
Sample num: 260
Sample num: 520
Sample num: 1040
Sample num: 2080
Sample num: 4160
Sample num: 8320
Sample num: 14784
RR_num of lower bound:14784 max_num:2599486760
sample_num of upper bound:14784 max_num:2599486760
upper's influence:8458.7
lower's influence:8037.09
orginal's influence:7934.77
PhysicalMem(MB) 1005.92
VirtualMem(MB) 1021.8
time:1231.1
Sample num: 16640
RR_num of lower bound:16640 max_num:813887461
Sample num: 33280
sample_num of upper bound:33280 max_num:813887461
upper's influence:601.164
lower's influence:591.926
orginal's influence:608.322
PhysicalMem(MB) 312.215
VirtualMem(MB) 324.668
time:524.896
approximation: 0.251888
estimate influence by Mente-Carlo is: 958.796
reachable node size: 47666
estimate influence by StopAlgorithm is: 992.056
229 __ 107749516
Sample num: 229
Sample num: 458
Sample num: 916
Sample num: 1832
Sample num: 3664
Sample num: 7328
RR_num of lower bound:7328 max_num:107749516
sample_num of upper bound:7328 max_num:107749516
upper's influence:851.989
lower's influence:873.455
orginal's influence:854.15
PhysicalMem(MB) 76.5742
VirtualMem(MB) 86.5273
time:44.6608
approximation: 0.322647
estimate influence by Mente-Carlo is: 1179.44
reachable node size: 218111
estimate influence by StopAlgorithm is: 1159.58
257 __ 554375779
Sample num: 257
Sample num: 514
Sample num: 1028
Sample num: 2056
RR_num of lower bound:2056 max_num:554375779
sample_num of upper bound:2056 max_num:554375779
upper's influence:687.097
lower's influence:703.521
approximation: 0.345021
orginal's influence:846.253
PhysicalMem(MB) 277.543
VirtualMem(MB) 293.004
time:98.0705
approximation: 0.346306
estimate influence by Mente-Carlo is: 1631.1
reachable node size: 81294
estimate influence by StopAlgorithm is: 1607.77
231 __ 184969613
Sample num: 231
Sample num: 462
Sample num: 924
Sample num: 1848
estimate influence by Mente-Carlo is: 6822.96
reachable node size: 1504285
Sample num: 3696
RR_num of lower bound:3696 max_num:184969613
sample_num of upper bound:3696 max_num:184969613
upper's influence:1393.52
lower's influence:1340.85
orginal's influence:1462.14
PhysicalMem(MB) 148.734
VirtualMem(MB) 159.164
time:29.5546
approximation: 0.337483
estimate influence by Mente-Carlo is: 66.2946
reachable node size: 2314
estimate influence by StopAlgorithm is: 65.3535
178 __ 4877487
Sample num: 178
Sample num: 356
Sample num: 712
Sample num: 1424
Sample num: 2848
RR_num of lower bound:2848 max_num:4877487
sample_num of upper bound:2848 max_num:4877487
upper's influence:55.4657
lower's influence:58.3561
orginal's influence:61.6829
PhysicalMem(MB) 14.3477
VirtualMem(MB) 24.1875
time:1.81576
approximation: 0.222496
estimate influence by Mente-Carlo is: 8785.64
reachable node size: 1134880
estimate influence by StopAlgorithm is: 6695.48
475 __ 3545878563
estimate influence by StopAlgorithm is: 8759.5
287 __ 3223023447
Sample num: 287
Sample num: 475
Sample num: 574
Sample num: 1148
Sample num: 950
Sample num: 2296
Sample num: 1900
Sample num: 4592
Sample num: 3800
Sample num: 9184
Sample num: 18368
Sample num: 7600
RR_num of lower bound:7600 max_num:3545878563
sample_num of upper bound:7600 max_num:3545878563
upper's influence:6127.37
lower's influence:6176.54
orginal's influence:6417.54
PhysicalMem(MB) 2512.77
VirtualMem(MB) 2525.41
time:1788.52
Sample num: 36736
RR_num of lower bound:36736 max_num:3223023447
sample_num of upper bound:36736 max_num:3223023447
upper's influence:7960.97
lower's influence:8149.28
orginal's influence:8343.23
PhysicalMem(MB) 967.871
VirtualMem(MB) 988.324
time:3030.53
approximation: 0.33781
estimate influence by Mente-Carlo is: 133.018
reachable node size: 4029
estimate influence by StopAlgorithm is: 136.855
255 __ 7727570
Sample num: 255
Sample num: 510
Sample num: 1020
Sample num: 2040
Sample num: 4080
RR_num of lower bound:4080 max_num:7727570
sample_num of upper bound:4080 max_num:7727570
upper's influence:104.848
lower's influence:99.6604
orginal's influence:107.803
PhysicalMem(MB) 17.4609
VirtualMem(MB) 27.6523
time:2.14909
approximation: 0.20999
estimate influence by Mente-Carlo is: 216.566
reachable node size: 955
estimate influence by StopAlgorithm is: 220.326
203 __ 1134953
Sample num: 203
Sample num: 406
Sample num: 812
Sample num: 1624
Sample num: 3248
RR_num of lower bound:3248 max_num:1134953
Sample num: 6496
sample_num of upper bound:6496 max_num:1134953
upper's influence:157.231
lower's influence:166.162
orginal's influence:159.643
PhysicalMem(MB) 7.26172
VirtualMem(MB) 17.2852
time:0.999091
approximation: 0.261657
estimate influence by Mente-Carlo is: 2079.14
reachable node size: 52093
estimate influence by StopAlgorithm is: 2053.28
409 __ 105441261
Sample num: 409
Sample num: 818
Sample num: 1636
Sample num: 3272
Sample num: 6544
sample_num of upper bound:6544 max_num:105441261
Sample num: 13088
RR_num of lower bound:13088 max_num:105441261
upper's influence:1943.6
lower's influence:1959.46
orginal's influence:2001.83
PhysicalMem(MB) 200.672
VirtualMem(MB) 215.125
time:171.809
approximation: 0.348316
approximation: 0.324149
estimate influence by Mente-Carlo is: 620.349
reachable node size: 317070
estimate influence by StopAlgorithm is: 619.328
415 __ 652163107
Sample num: 415
Sample num: 830
Sample num: 1660
estimate influence by Mente-Carlo is: 6801.78
reachable node size: 1504285
Sample num: 3320
estimate influence by StopAlgorithm is: 6843.72
295 __ 4389277066
Sample num: 6640
Sample num: 295
Sample num: 590
Sample num: 1180
Sample num: 13280
RR_num of lower bound:13280 max_num:652163107
sample_num of upper bound:13280 max_num:652163107
upper's influence:580.443
lower's influence:585.357
orginal's influence:609.428
PhysicalMem(MB) 289.039
VirtualMem(MB) 300.75
time:389.754
Sample num: 2360
approximation: 0.236718
estimate influence by Mente-Carlo is: 967.669
reachable node size: 47666
estimate influence by StopAlgorithm is: 938.134
363 __ 85540261
Sample num: 363
Sample num: 726
Sample num: 1452
Sample num: 2904
Sample num: 5808
Sample num: 11616
RR_num of lower bound:11616 max_num:85540261
sample_num of upper bound:11616 max_num:85540261
upper's influence:750.695
lower's influence:768.738
orginal's influence:794.837
PhysicalMem(MB) 79.4219
VirtualMem(MB) 89.4062
time:67.4901
approximation: 0.318896
estimate influence by Mente-Carlo is: 1175.88
reachable node size: 218111
estimate influence by StopAlgorithm is: 1154.27
411 __ 443918016
Sample num: 411
Sample num: 822
Sample num: 1644
sample_num of upper bound:1644 max_num:443918016
Sample num: 3288
RR_num of lower bound:3288 max_num:443918016
upper's influence:569.752
lower's influence:568.179
orginal's influence:743.551
PhysicalMem(MB) 277.371
VirtualMem(MB) 293.004
time:136.833
Sample num: 4720
approximation: 0.348175
estimate influence by Mente-Carlo is: 1591.86
reachable node size: 81294
estimate influence by StopAlgorithm is: 1589.78
365 __ 146918702
Sample num: 365
Sample num: 730
Sample num: 1460
Sample num: 2920
sample_num of upper bound:2920 max_num:146918702
Sample num: 5840
RR_num of lower bound:5840 max_num:146918702
upper's influence:1253.92
lower's influence:1243.07
orginal's influence:1460.76
PhysicalMem(MB) 148.684
VirtualMem(MB) 158.988
time:57.4228
approximation: 0.332451
estimate influence by Mente-Carlo is: 66.4476
reachable node size: 2314
estimate influence by StopAlgorithm is: 68.0493
276 __ 4192068
Sample num: 276
Sample num: 552
Sample num: 1104
Sample num: 2208
sample_num of upper bound:2208 max_num:4192068
Sample num: 4416
RR_num of lower bound:4416 max_num:4192068
upper's influence:55.4369
lower's influence:54.1235
orginal's influence:60.8626
PhysicalMem(MB) 14.9375
VirtualMem(MB) 25.1055
time:3.10428
approximation: 0.167205
estimate influence by Mente-Carlo is: 8807.32
reachable node size: 1134880
estimate influence by StopAlgorithm is: 8853.13
462 __ 2599486760
Sample num: 462
Sample num: 924
Sample num: 1848
Sample num: 9440
Sample num: 3696
Sample num: 7392
Sample num: 18880
RR_num of lower bound:18880 max_num:4389277066
sample_num of upper bound:18880 max_num:4389277066
upper's influence:6554.75
lower's influence:6510.79
orginal's influence:6641.83
PhysicalMem(MB) 2533.43
VirtualMem(MB) 2545.79
time:2495.51
Sample num: 14784
RR_num of lower bound:14784 max_num:2599486760
Sample num: 29568
sample_num of upper bound:29568 max_num:2599486760
upper's influence:7895.73
lower's influence:8313.79
orginal's influence:8058.29
PhysicalMem(MB) 1028.64
VirtualMem(MB) 1046.5
time:2489.74
approximation: 0.34534
approximation: 0.338074
estimate influence by Mente-Carlo is: 6811.3
reachable node size: 1504285
estimate influence by StopAlgorithm is: 6959.87
475 __ 3545878563
estimate influence by Mente-Carlo is: 134.442
reachable node size: 4029
estimate influence by StopAlgorithm is: 131.895
166 __ 9937714
Sample num: 166
Sample num: 332
Sample num: 664
Sample num: 1328
Sample num: 2656
Sample num: 5312
RR_num of lower bound:5312 max_num:9937714
sample_num of upper bound:5312 max_num:9937714
upper's influence:110.361
lower's influence:113.972
orginal's influence:111.961
PhysicalMem(MB) 17.957
VirtualMem(MB) 28.0078
time:2.60884
approximation: 0.245229
estimate influence by Mente-Carlo is: 214.898
reachable node size: 955
estimate influence by StopAlgorithm is: 217.934
136 __ 1336951
Sample num: 136
Sample num: 272
Sample num: 544
Sample num: 1088
Sample num: 2176
Sample num: 475
Sample num: 4352
RR_num of lower bound:4352 max_num:1336951
sample_num of upper bound:4352 max_num:1336951
upper's influence:176.257
lower's influence:180.636
orginal's influence:185.317
PhysicalMem(MB) 7.04297
VirtualMem(MB) 17.5469
time:0.898226
approximation: 0.270017
estimate influence by Mente-Carlo is: 2074.44
reachable node size: 52093
estimate influence by StopAlgorithm is: 2049.73
256 __ 131724550
Sample num: 256
Sample num: 512
Sample num: 1024
Sample num: 2048
Sample num: 950
Sample num: 4096
Sample num: 8192
Sample num: 1900
Sample num: 16384
RR_num of lower bound:16384 max_num:131724550
sample_num of upper bound:16384 max_num:131724550
upper's influence:2050.2
lower's influence:2027.2
orginal's influence:2008.65
PhysicalMem(MB) 199.652
VirtualMem(MB) 215.129
time:213.727
approximation: 0.330592
estimate influence by Mente-Carlo is: 623.363
reachable node size: 317070
estimate influence by StopAlgorithm is: 640.988
260 __ 813887461
Sample num: 260
Sample num: 520
Sample num: 1040
Sample num: 2080
Sample num: 3800
Sample num: 4160
Sample num: 8320
Sample num: 7600
sample_num of upper bound:7600 max_num:3545878563
Sample num: 16640
RR_num of lower bound:16640 max_num:813887461
sample_num of upper bound:16640 max_num:813887461
upper's influence:598.791
lower's influence:614.138
orginal's influence:608.216
PhysicalMem(MB) 293.398
VirtualMem(MB) 304.918
time:923.48
approximation: 0.250317
estimate influence by Mente-Carlo is: 959.168
reachable node size: 47666
estimate influence by StopAlgorithm is: 970.964
229 __ 107749516
Sample num: 229
Sample num: 458
Sample num: 916
Sample num: 1832
Sample num: 3664
Sample num: 7328
RR_num of lower bound:7328 max_num:107749516
sample_num of upper bound:7328 max_num:107749516
upper's influence:834.795
lower's influence:845.034
orginal's influence:905.611
PhysicalMem(MB) 74.6836
VirtualMem(MB) 84.6953
time:53.9116
approximation: 0.323979
estimate influence by Mente-Carlo is: 1181.25
reachable node size: 218111
estimate influence by StopAlgorithm is: 1146.99
257 __ 554375779
Sample num: 257
Sample num: 514
Sample num: 1028
Sample num: 2056
RR_num of lower bound:2056 max_num:554375779
sample_num of upper bound:2056 max_num:554375779
upper's influence:680.038
lower's influence:684.382
orginal's influence:835.907
PhysicalMem(MB) 277.426
VirtualMem(MB) 293.004
time:101.717
approximation: 0.344336
estimate influence by Mente-Carlo is: 1620.63
reachable node size: 81294
estimate influence by StopAlgorithm is: 1602.97
231 __ 184969613
Sample num: 231
Sample num: 462
Sample num: 924
Sample num: 1848
Sample num: 3696
RR_num of lower bound:3696 max_num:184969613
sample_num of upper bound:3696 max_num:184969613
upper's influence:1360.37
lower's influence:1419.92
orginal's influence:1478.37
PhysicalMem(MB) 155.691
VirtualMem(MB) 166.234
time:20.5862
approximation: 0.337492
estimate influence by Mente-Carlo is: 66.1434
reachable node size: 2314
estimate influence by StopAlgorithm is: 65.3426
178 __ 4877487
Sample num: 178
Sample num: 356
Sample num: 712
Sample num: 1424
Sample num: 2848
RR_num of lower bound:2848 max_num:4877487
sample_num of upper bound:2848 max_num:4877487
upper's influence:58.1154
lower's influence:56.8279
orginal's influence:62.5702
PhysicalMem(MB) 14.2422
VirtualMem(MB) 24.2109
time:2.13877
approximation: 0.224411
estimate influence by Mente-Carlo is: 8818.02
reachable node size: 1134880
estimate influence by StopAlgorithm is: 8767.91
287 __ 3223023447
Sample num: 287
Sample num: 574
Sample num: 1148
Sample num: 15200
RR_num of lower bound:15200 max_num:3545878563
Sample num: 2296
upper's influence:6193.73
lower's influence:6146.18
orginal's influence:6480.19
PhysicalMem(MB) 2518.86
VirtualMem(MB) 2531.36
time:2121.74
Sample num: 4592
Sample num: 9184
Sample num: 18368
sample_num of upper bound:18368 max_num:3223023447
approximation: 0.336045
estimate influence by Mente-Carlo is: 132.739
reachable node size: 4029
estimate influence by StopAlgorithm is: 131.729
255 __ 7727570
Sample num: 255
Sample num: 510
Sample num: 1020
Sample num: 2040
Sample num: 4080
RR_num of lower bound:4080 max_num:7727570
sample_num of upper bound:4080 max_num:7727570
upper's influence:104.146
lower's influence:106.475
orginal's influence:106.543
PhysicalMem(MB) 17.6133
VirtualMem(MB) 27.6328
time:2.35069
approximation: 0.213038
estimate influence by Mente-Carlo is: 216.501
reachable node size: 955
estimate influence by StopAlgorithm is: 217.14
203 __ 1134953
Sample num: 203
Sample num: 406
Sample num: 812
Sample num: 1624
Sample num: 3248
sample_num of upper bound:3248 max_num:1134953
Sample num: 6496
RR_num of lower bound:6496 max_num:1134953
upper's influence:161.603
lower's influence:158.479
orginal's influence:156.763
PhysicalMem(MB) 7.37109
VirtualMem(MB) 17.2852
time:1.26459
approximation: 0.262339
estimate influence by Mente-Carlo is: 2077.5
reachable node size: 52093
estimate influence by StopAlgorithm is: 2031.65
409 __ 105441261
Sample num: 409
Sample num: 818
Sample num: 1636
Sample num: 3272
Sample num: 6544
Sample num: 13088
RR_num of lower bound:13088 max_num:105441261
sample_num of upper bound:13088 max_num:105441261
upper's influence:1877.68
lower's influence:1954.8
orginal's influence:1915.69
PhysicalMem(MB) 200.211
VirtualMem(MB) 215.125
time:175.429
approximation: 0.322272
estimate influence by Mente-Carlo is: 621.889
reachable node size: 317070
estimate influence by StopAlgorithm is: 648.477
415 __ 652163107
Sample num: 415
Sample num: 830
Sample num: 1660
Sample num: 3320
Sample num: 6640
Sample num: 13280
RR_num of lower bound:13280 max_num:652163107
sample_num of upper bound:13280 max_num:652163107
upper's influence:585.716
lower's influence:563.311
orginal's influence:626.035
PhysicalMem(MB) 289.102
VirtualMem(MB) 300.75
time:424.474
approximation: 0.240737
estimate influence by Mente-Carlo is: 968.65
reachable node size: 47666
estimate influence by StopAlgorithm is: 966.101
363 __ 85540261
Sample num: 363
Sample num: 726
Sample num: 1452
Sample num: 2904
Sample num: 5808
RR_num of lower bound:5808 max_num:85540261
Sample num: 11616
sample_num of upper bound:11616 max_num:85540261
upper's influence:765.148
lower's influence:759.761
orginal's influence:827.9
PhysicalMem(MB) 79.8555
VirtualMem(MB) 89.8594
time:53.5372
approximation: 0.319148
estimate influence by Mente-Carlo is: 1179.79
reachable node size: 218111
estimate influence by StopAlgorithm is: 1158.42
411 __ 443918016
Sample num: 411
Sample num: 822
Sample num: 1644
RR_num of lower bound:1644 max_num:443918016
sample_num of upper bound:1644 max_num:443918016
upper's influence:551.681
lower's influence:558.515
orginal's influence:752.278
PhysicalMem(MB) 290.406
VirtualMem(MB) 305.922
time:99.9676
approximation: 0.345213
estimate influence by Mente-Carlo is: 1600.34
reachable node size: 81294
estimate influence by StopAlgorithm is: 1579.4
365 __ 146918702
Sample num: 365
Sample num: 730
Sample num: 1460
Sample num: 2920
RR_num of lower bound:2920 max_num:146918702
sample_num of upper bound:2920 max_num:146918702
upper's influence:1260.22
lower's influence:1224.1
orginal's influence:1411.87
PhysicalMem(MB) 148.613
VirtualMem(MB) 159.062
time:24.2649
approximation: 0.331846
estimate influence by Mente-Carlo is: 66.4169
reachable node size: 2314
estimate influence by StopAlgorithm is: 67.5972
276 __ 4192068
Sample num: 276
Sample num: 552
Sample num: 1104
Sample num: 2208
RR_num of lower bound:2208 max_num:4192068
sample_num of upper bound:2208 max_num:4192068
upper's influence:54.806
lower's influence:54.2246
orginal's influence:59.5906
PhysicalMem(MB) 14.0625
VirtualMem(MB) 23.9492
time:1.57785
approximation: 0.165749
estimate influence by Mente-Carlo is: 8799.16
reachable node size: 1134880
estimate influence by StopAlgorithm is: 8737.83
462 __ 2599486760
Sample num: 462
Sample num: 924
Sample num: 1848
Sample num: 3696
Sample num: 7392
Sample num: 36736
RR_num of lower bound:36736 max_num:3223023447
upper's influence:8373.63
Sample num: 14784
RR_num of lower bound:14784 max_num:2599486760
sample_num of upper bound:14784 max_num:2599486760
lower's influence:8332.13
upper's influence:8162
orginal's influence:8318.03
PhysicalMem(MB) 964.414
VirtualMem(MB) 984.824
time:4217.27
lower's influence:8039.96
orginal's influence:8163.29
PhysicalMem(MB) 955.336
VirtualMem(MB) 976.496
time:1284.24
approximation: 0.344896
estimate influence by Mente-Carlo is: 6834.43
reachable node size: 1504285
estimate influence by StopAlgorithm is: 6890.98
475 __ 3545878563
Sample num: 475
Sample num: 950
Sample num: 1900
approximation: 0.347591
estimate influence by Mente-Carlo is: 6841.69
reachable node size: 1504285
Sample num: 3800
estimate influence by StopAlgorithm is: 6866.04
295 __ 4389277066
Sample num: 295
Sample num: 590
Sample num: 1180
Sample num: 2360
Sample num: 7600
RR_num of lower bound:7600 max_num:3545878563
Sample num: 4720
Sample num: 15200
sample_num of upper bound:15200 max_num:3545878563
upper's influence:6370.4
lower's influence:6358.94
orginal's influence:6384.79
PhysicalMem(MB) 2519.59
VirtualMem(MB) 2531.68
time:1536.46
Sample num: 9440
RR_num of lower bound:9440 max_num:4389277066
Sample num: 18880
sample_num of upper bound:18880 max_num:4389277066
upper's influence:6752.3
lower's influence:6665.04
orginal's influence:6687.3
PhysicalMem(MB) 2522
VirtualMem(MB) 2536.61
time:2098.7
approximation: 0.337041
estimate influence by Mente-Carlo is: 133.597
reachable node size: 4029
estimate influence by StopAlgorithm is: 134.691
255 __ 7727570
Sample num: 255
Sample num: 510
Sample num: 1020
Sample num: 2040
Sample num: 4080
sample_num of upper bound:4080 max_num:7727570
Sample num: 8160
RR_num of lower bound:8160 max_num:7727570
upper's influence:105.172
lower's influence:103.311
orginal's influence:110.578
PhysicalMem(MB) 18.1641
VirtualMem(MB) 28.1133
time:3.48708
approximation: 0.21334
estimate influence by Mente-Carlo is: 216.058
reachable node size: 955
estimate influence by StopAlgorithm is: 224.52
203 __ 1134953
Sample num: 203
Sample num: 406
Sample num: 812
Sample num: 1624
Sample num: 3248
Sample num: 6496
RR_num of lower bound:6496 max_num:1134953
sample_num of upper bound:6496 max_num:1134953
upper's influence:166.289
lower's influence:160.424
orginal's influence:160.055
PhysicalMem(MB) 7.76953
VirtualMem(MB) 17.8672
time:1.3194
approximation: 0.261779
estimate influence by Mente-Carlo is: 2072.82
reachable node size: 52093
estimate influence by StopAlgorithm is: 2039.41
409 __ 105441261
Sample num: 409
Sample num: 818
Sample num: 1636
Sample num: 3272
Sample num: 6544
sample_num of upper bound:6544 max_num:105441261
Sample num: 13088
RR_num of lower bound:13088 max_num:105441261
upper's influence:1880.89
lower's influence:1946.4
orginal's influence:1964.85
PhysicalMem(MB) 198.801
VirtualMem(MB) 215.129
time:171.232
approximation: 0.324673
estimate influence by Mente-Carlo is: 623.805
reachable node size: 317070
estimate influence by StopAlgorithm is: 622.171
415 __ 652163107
Sample num: 415
Sample num: 830
Sample num: 1660
Sample num: 3320
Sample num: 6640
Sample num: 13280
RR_num of lower bound:13280 max_num:652163107
sample_num of upper bound:13280 max_num:652163107
upper's influence:582.543
lower's influence:582.265
orginal's influence:627.695
PhysicalMem(MB) 289.184
VirtualMem(MB) 300.75
time:593.961
approximation: 0.236614
estimate influence by Mente-Carlo is: 959.069
reachable node size: 47666
estimate influence by StopAlgorithm is: 924.669
363 __ 85540261
Sample num: 363
Sample num: 726
Sample num: 1452
Sample num: 2904
approximation: 0.338107
Sample num: 5808
RR_num of lower bound:5808 max_num:85540261
sample_num of upper bound:5808 max_num:85540261
upper's influence:789.703
lower's influence:766.599
orginal's influence:825.066
PhysicalMem(MB) 74.8398
VirtualMem(MB) 84.7031
time:38.8036
approximation: 0.317216
estimate influence by Mente-Carlo is: 1177.54
reachable node size: 218111
estimate influence by StopAlgorithm is: 1200.92
411 __ 443918016
Sample num: 411
Sample num: 822
Sample num: 1644
RR_num of lower bound:1644 max_num:443918016
sample_num of upper bound:1644 max_num:443918016
upper's influence:546.195
lower's influence:534.475
orginal's influence:769.061
PhysicalMem(MB) 277.52
VirtualMem(MB) 293.004
time:114.593
approximation: 0.348494
estimate influence by Mente-Carlo is: 1612.24
reachable node size: 81294
estimate influence by StopAlgorithm is: 1603.8
365 __ 146918702
Sample num: 365
Sample num: 730
estimate influence by Mente-Carlo is: 132.879
reachable node size: 4029
estimate influence by StopAlgorithm is: 128.403
166 __ 9937714
Sample num: 166
Sample num: 332
Sample num: 664
Sample num: 1328
Sample num: 2656
Sample num: 5312
RR_num of lower bound:5312 max_num:9937714
sample_num of upper bound:5312 max_num:9937714
upper's influence:110.876
lower's influence:112.762
orginal's influence:110.628
PhysicalMem(MB) 18.082
VirtualMem(MB) 27.9961
time:2.5977
Sample num: 1460
approximation: 0.246187
estimate influence by Mente-Carlo is: 215.263
reachable node size: 955
estimate influence by StopAlgorithm is: 222.035
136 __ 1336951
Sample num: 136
Sample num: 272
Sample num: 544
Sample num: 1088
Sample num: 2176
Sample num: 4352
RR_num of lower bound:4352 max_num:1336951
sample_num of upper bound:4352 max_num:1336951
upper's influence:185.021
lower's influence:185.376
orginal's influence:189.852
PhysicalMem(MB) 7.22266
VirtualMem(MB) 17.5352
time:0.89098
approximation: 0.271751
estimate influence by Mente-Carlo is: 2067.26
reachable node size: 52093
Sample num: 2920
RR_num of lower bound:2920 max_num:146918702
sample_num of upper bound:2920 max_num:146918702
upper's influence:1272.4
lower's influence:1215.32
orginal's influence:1405.08
PhysicalMem(MB) 148.438
VirtualMem(MB) 158.742
time:28.035
estimate influence by StopAlgorithm is: 2042.01
256 __ 131724550
Sample num: 256
Sample num: 512
Sample num: 1024
Sample num: 2048
approximation: 0.331127
estimate influence by Mente-Carlo is: 66.5959
reachable node size: 2314
estimate influence by StopAlgorithm is: 67.2554
276 __ 4192068
Sample num: 276
Sample num: 552
Sample num: 1104
Sample num: 4096
Sample num: 2208
RR_num of lower bound:2208 max_num:4192068
sample_num of upper bound:2208 max_num:4192068
upper's influence:55.5414
lower's influence:52.6368
orginal's influence:59.0187
PhysicalMem(MB) 14.3125
VirtualMem(MB) 23.9492
time:1.66599
approximation: 0.16894
estimate influence by Mente-Carlo is: 8827.21
reachable node size: 1134880
estimate influence by StopAlgorithm is: 8719.99
462 __ 2599486760
Sample num: 8192
Sample num: 462
Sample num: 16384
RR_num of lower bound:16384 max_num:131724550
sample_num of upper bound:16384 max_num:131724550
upper's influence:1894.65
lower's influence:1951.75
orginal's influence:1977.08
PhysicalMem(MB) 199.75
VirtualMem(MB) 215.121
time:217.994
Sample num: 924
approximation: 0.329388
estimate influence by Mente-Carlo is: 626.285
reachable node size: 317070
estimate influence by StopAlgorithm is: 606.195
260 __ 813887461
Sample num: 260
Sample num: 520
Sample num: 1040
Sample num: 1848
Sample num: 2080
Sample num: 4160
Sample num: 8320
Sample num: 3696
Sample num: 16640
RR_num of lower bound:16640 max_num:813887461
sample_num of upper bound:16640 max_num:813887461
upper's influence:588.817
lower's influence:605.397
orginal's influence:610.85
PhysicalMem(MB) 293.133
VirtualMem(MB) 304.918
time:483.147
approximation: 0.25024
estimate influence by Mente-Carlo is: 966.637
reachable node size: 47666
estimate influence by StopAlgorithm is: 950.261
229 __ 107749516
Sample num: 229
Sample num: 458
Sample num: 916
Sample num: 1832
Sample num: 3664
Sample num: 7328
sample_num of upper bound:7328 max_num:107749516
Sample num: 14656
RR_num of lower bound:14656 max_num:107749516
upper's influence:839.943
lower's influence:836.495
orginal's influence:898.224
PhysicalMem(MB) 78.25
VirtualMem(MB) 88.3555
time:80.8216
approximation: 0.322144
estimate influence by Mente-Carlo is: 1179.12
reachable node size: 218111
estimate influence by StopAlgorithm is: 1197.5
257 __ 554375779
Sample num: 257
Sample num: 514
Sample num: 1028
Sample num: 2056
RR_num of lower bound:2056 max_num:554375779
sample_num of upper bound:2056 max_num:554375779
upper's influence:689.646
Sample num: 7392
lower's influence:691.368
orginal's influence:857.176
PhysicalMem(MB) 277.434
VirtualMem(MB) 293.004
time:105.832
approximation: 0.344349
estimate influence by Mente-Carlo is: 1615.02
reachable node size: 81294
estimate influence by StopAlgorithm is: 1611.17
231 __ 184969613
Sample num: 231
Sample num: 462
Sample num: 924
Sample num: 1848
Sample num: 3696
RR_num of lower bound:3696 max_num:184969613
sample_num of upper bound:3696 max_num:184969613
upper's influence:1334.99
lower's influence:1363.65
orginal's influence:1449.28
PhysicalMem(MB) 148.852
VirtualMem(MB) 159.133
time:33.92
approximation: 0.337929
estimate influence by Mente-Carlo is: 66.3769
reachable node size: 2314
estimate influence by StopAlgorithm is: 67.7511
178 __ 4877487
Sample num: 178
Sample num: 356
Sample num: 712
Sample num: 1424
Sample num: 2848
RR_num of lower bound:2848 max_num:4877487
sample_num of upper bound:2848 max_num:4877487
upper's influence:56.7479
lower's influence:57.2107
orginal's influence:61.535
PhysicalMem(MB) 14.1836
VirtualMem(MB) 24.0352
time:1.85049
approximation: 0.237393
estimate influence by Mente-Carlo is: 8863.35
reachable node size: 1134880
estimate influence by StopAlgorithm is: 8868.06
287 __ 3223023447
Sample num: 287
Sample num: 574
Sample num: 1148
Sample num: 2296
Sample num: 4592
Sample num: 14784
RR_num of lower bound:14784 max_num:2599486760
sample_num of upper bound:14784 max_num:2599486760
upper's influence:8139.58
lower's influence:8146.84
Sample num: 9184
orginal's influence:8183.72
PhysicalMem(MB) 955.078
VirtualMem(MB) 976.496
time:1973.78
Sample num: 18368
approximation: 0.345347
estimate influence by Mente-Carlo is: 6804.13
reachable node size: 1504285
estimate influence by StopAlgorithm is: 6873.42
475 __ 3545878563
Sample num: 475
Sample num: 950
Sample num: 1900
Sample num: 3800
Sample num: 7600
RR_num of lower bound:7600 max_num:3545878563
sample_num of upper bound:7600 max_num:3545878563
upper's influence:6320.9
lower's influence:6348.83
orginal's influence:6743.13
PhysicalMem(MB) 2513.17
VirtualMem(MB) 2525.78
time:1349.8
Sample num: 36736
RR_num of lower bound:36736 max_num:3223023447
sample_num of upper bound:36736 max_num:3223023447
upper's influence:8325.92
lower's influence:8220.62
orginal's influence:8274.74
PhysicalMem(MB) 1005.53
VirtualMem(MB) 1021.64
time:3292.3
approximation: 0.34805
estimate influence by Mente-Carlo is: 6834.13
reachable node size: 1504285
estimate influence by StopAlgorithm is: 6887.53
295 __ 4389277066
Sample num: 295
Sample num: 590
Sample num: 1180
Sample num: 2360
Sample num: 4720
approximation: 0.335914
estimate influence by Mente-Carlo is: 133.488
reachable node size: 4029
estimate influence by StopAlgorithm is: 136.39
255 __ 7727570
Sample num: 255
Sample num: 510
Sample num: 1020
Sample num: 2040
Sample num: 4080
RR_num of lower bound:4080 max_num:7727570
sample_num of upper bound:4080 max_num:7727570
upper's influence:106.724
lower's influence:108.258
orginal's influence:106.227
PhysicalMem(MB) 17.4883
VirtualMem(MB) 27.6211
time:2.11365
approximation: 0.211491
estimate influence by Mente-Carlo is: 215.52
reachable node size: 955
estimate influence by StopAlgorithm is: 217.978
203 __ 1134953
Sample num: 203
Sample num: 406
Sample num: 812
Sample num: 1624
Sample num: 3248
sample_num of upper bound:3248 max_num:1134953
Sample num: 6496
RR_num of lower bound:6496 max_num:1134953
upper's influence:159.805
lower's influence:169.088
orginal's influence:165.892
PhysicalMem(MB) 7.25391
VirtualMem(MB) 17.3438
time:1.23904
approximation: 0.260759
estimate influence by Mente-Carlo is: 2072.61
reachable node size: 52093
estimate influence by StopAlgorithm is: 2065.36
409 __ 105441261
Sample num: 409
Sample num: 818
Sample num: 1636
Sample num: 3272
Sample num: 6544
Sample num: 9440
RR_num of lower bound:9440 max_num:4389277066
sample_num of upper bound:9440 max_num:4389277066
Sample num: 13088
RR_num of lower bound:13088 max_num:105441261
sample_num of upper bound:13088 max_num:105441261
upper's influence:1900.94
lower's influence:1857.75
orginal's influence:1945.05
PhysicalMem(MB) 198.801
VirtualMem(MB) 215.145
time:177.215
upper's influence:6435.5
approximation: 0.32533
estimate influence by Mente-Carlo is: 624.87
reachable node size: 317070
lower's influence:6365.65
estimate influence by StopAlgorithm is: 600.879
415 __ 652163107
Sample num: 415
Sample num: 830
Sample num: 1660
orginal's influence:6513.95
PhysicalMem(MB) 2518.35
VirtualMem(MB) 2529.77
time:1615.58
Sample num: 3320
Sample num: 6640
Sample num: 13280
RR_num of lower bound:13280 max_num:652163107
sample_num of upper bound:13280 max_num:652163107
upper's influence:575.391
lower's influence:583.637
orginal's influence:632.287
PhysicalMem(MB) 289.109
VirtualMem(MB) 300.75
time:376.512
approximation: 0.238309
estimate influence by Mente-Carlo is: 958.418
reachable node size: 47666
estimate influence by StopAlgorithm is: 959.184
363 __ 85540261
Sample num: 363
Sample num: 726
Sample num: 1452
Sample num: 2904
Sample num: 5808
RR_num of lower bound:5808 max_num:85540261
Sample num: 11616
sample_num of upper bound:11616 max_num:85540261
upper's influence:760.497
lower's influence:790.064
orginal's influence:841.334
PhysicalMem(MB) 79.75
VirtualMem(MB) 89.9102
time:41.3977
approximation: 0.316169
estimate influence by Mente-Carlo is: 1180.67
reachable node size: 218111
estimate influence by StopAlgorithm is: 1184.19
411 __ 443918016
Sample num: 411
Sample num: 822
Sample num: 1644
RR_num of lower bound:1644 max_num:443918016
sample_num of upper bound:1644 max_num:443918016
upper's influence:561.075
lower's influence:550.932
orginal's influence:777.401
PhysicalMem(MB) 290.742
VirtualMem(MB) 305.957
time:98.8136
approximation: 0.34585
estimate influence by Mente-Carlo is: 1624.65
reachable node size: 81294
estimate influence by StopAlgorithm is: 1643.58
365 __ 146918702
Sample num: 365
Sample num: 730
Sample num: 1460
Sample num: 2920
RR_num of lower bound:2920 max_num:146918702
sample_num of upper bound:2920 max_num:146918702
upper's influence:1270.51
lower's influence:1255.98
orginal's influence:1366.88
PhysicalMem(MB) 148.652
VirtualMem(MB) 159.027
time:27.1662
approximation: 0.331504
estimate influence by Mente-Carlo is: 66.4615
reachable node size: 2314
estimate influence by StopAlgorithm is: 65.6746
276 __ 4192068
Sample num: 276
Sample num: 552
Sample num: 1104
Sample num: 2208
RR_num of lower bound:2208 max_num:4192068
sample_num of upper bound:2208 max_num:4192068
upper's influence:55.4647
lower's influence:54.6391
orginal's influence:56.876
PhysicalMem(MB) 14.2109
VirtualMem(MB) 24.1445
time:1.54265
approximation: 0.169001
estimate influence by Mente-Carlo is: 8801.13
reachable node size: 1134880
estimate influence by StopAlgorithm is: 8780.62
462 __ 2599486760
Sample num: 462
Sample num: 924
Sample num: 1848
Sample num: 3696
Sample num: 7392
approximation: 0.337053
estimate influence by Mente-Carlo is: 134.342
reachable node size: 4029
estimate influence by StopAlgorithm is: 131.78
166 __ 9937714
Sample num: 166
Sample num: 332
Sample num: 664
Sample num: 1328
Sample num: 2656
Sample num: 5312
sample_num of upper bound:5312 max_num:9937714
Sample num: 10624
RR_num of lower bound:10624 max_num:9937714
upper's influence:112.08
lower's influence:110.438
orginal's influence:105.942
PhysicalMem(MB) 18.5898
VirtualMem(MB) 28.9258
time:4.55189
approximation: 0.247765
estimate influence by Mente-Carlo is: 216.995
reachable node size: 955
estimate influence by StopAlgorithm is: 210.066
136 __ 1336951
Sample num: 136
Sample num: 272
Sample num: 544
Sample num: 1088
Sample num: 2176
Sample num: 4352
RR_num of lower bound:4352 max_num:1336951
sample_num of upper bound:4352 max_num:1336951
upper's influence:182.668
lower's influence:179.553
orginal's influence:179.646
PhysicalMem(MB) 7.21484
VirtualMem(MB) 17.5391
time:0.894229
approximation: 0.271929
estimate influence by Mente-Carlo is: 2068.75
reachable node size: 52093
estimate influence by StopAlgorithm is: 2112.05
256 __ 131724550
Sample num: 256
Sample num: 512
Sample num: 1024
Sample num: 2048
Sample num: 4096
Sample num: 8192
Sample num: 16384
RR_num of lower bound:16384 max_num:131724550
sample_num of upper bound:16384 max_num:131724550
upper's influence:1886.37
lower's influence:1974.31
Sample num: 14784
RR_num of lower bound:14784 max_num:2599486760
sample_num of upper bound:14784 max_num:2599486760
orginal's influence:2015.91
PhysicalMem(MB) 194.324
VirtualMem(MB) 209.07
time:217.355
upper's influence:8059.25
lower's influence:8014.33
approximation: 0.328728
estimate influence by Mente-Carlo is: 623.762
reachable node size: 317070
orginal's influence:8352.13
PhysicalMem(MB) 956.785
VirtualMem(MB) 976.496
time:1312.34
estimate influence by StopAlgorithm is: 626.692
260 __ 813887461
Sample num: 260
Sample num: 520
Sample num: 1040
Sample num: 2080
Sample num: 4160
Sample num: 8320
Sample num: 16640
RR_num of lower bound:16640 max_num:813887461
sample_num of upper bound:16640 max_num:813887461
upper's influence:626.568
lower's influence:572.32
orginal's influence:613.71
PhysicalMem(MB) 293.156
VirtualMem(MB) 304.918
time:531.993
approximation: 0.248797
estimate influence by Mente-Carlo is: 967.179
reachable node size: 47666
estimate influence by StopAlgorithm is: 941.036
229 __ 107749516
Sample num: 229
Sample num: 458
Sample num: 916
Sample num: 1832
Sample num: 3664
Sample num: 7328
RR_num of lower bound:7328 max_num:107749516
Sample num: 14656
sample_num of upper bound:14656 max_num:107749516
upper's influence:838.656
lower's influence:847.18
orginal's influence:867.051
PhysicalMem(MB) 80.1484
VirtualMem(MB) 90.293
time:60.5152
approximation: 0.322709
estimate influence by Mente-Carlo is: 1179.68
reachable node size: 218111
estimate influence by StopAlgorithm is: 1213.65
257 __ 554375779
Sample num: 257
Sample num: 514
approximation: 0.345411
Sample num: 1028
sample_num of upper bound:1028 max_num:554375779
Sample num: 2056
RR_num of lower bound:2056 max_num:554375779
upper's influence:716.125
lower's influence:685.211
orginal's influence:836.668
PhysicalMem(MB) 277.547
VirtualMem(MB) 293.004
time:107.394
estimate influence by Mente-Carlo is: 6865.81
reachable node size: 1504285
approximation: 0.346567
estimate influence by Mente-Carlo is: 1621.33
reachable node size: 81294
estimate influence by StopAlgorithm is: 1630.25
231 __ 184969613
Sample num: 231
Sample num: 462
Sample num: 924
Sample num: 1848
estimate influence by StopAlgorithm is: 6930.77
475 __ 3545878563
Sample num: 3696
sample_num of upper bound:3696 max_num:184969613
Sample num: 7392
RR_num of lower bound:7392 max_num:184969613
upper's influence:1376.11
lower's influence:1327.81
orginal's influence:1488.35
PhysicalMem(MB) 148.43
VirtualMem(MB) 158.852
time:57.4039
Sample num: 475
approximation: 0.336303
estimate influence by Mente-Carlo is: 66.8786
reachable node size: 2314
estimate influence by StopAlgorithm is: 64.2882
178 __ 4877487
Sample num: 178
Sample num: 356
Sample num: 712
Sample num: 1424
Sample num: 2848
RR_num of lower bound:2848 max_num:4877487
sample_num of upper bound:2848 max_num:4877487
upper's influence:55.6677
lower's influence:57.473
orginal's influence:62.3528
PhysicalMem(MB) 14.1172
VirtualMem(MB) 24.1367
time:1.88652
approximation: 0.229352
estimate influence by Mente-Carlo is: 8731.91
reachable node size: 1134880
Sample num: 950
estimate influence by StopAlgorithm is: 8743.24
287 __ 3223023447
Sample num: 287
Sample num: 574
Sample num: 1900
Sample num: 1148
Sample num: 2296
Sample num: 3800
Sample num: 4592
Sample num: 7600
Sample num: 9184
Sample num: 18368
sample_num of upper bound:18368 max_num:3223023447
Sample num: 15200
RR_num of lower bound:15200 max_num:3545878563
sample_num of upper bound:15200 max_num:3545878563
upper's influence:6206.03
lower's influence:6267.17
orginal's influence:6480.02
PhysicalMem(MB) 2527.29
VirtualMem(MB) 2538.5
time:2106.35
approximation: 0.337137
Sample num: 36736
RR_num of lower bound:36736 max_num:3223023447
upper's influence:8212.9
lower's influence:8419.25
orginal's influence:8719.94
PhysicalMem(MB) 1005.38
VirtualMem(MB) 1020.55
time:3219.96
estimate influence by Mente-Carlo is: 133.57
reachable node size: 4029
estimate influence by StopAlgorithm is: 133.036
255 __ 7727570
Sample num: 255
Sample num: 510
Sample num: 1020
Sample num: 2040
Sample num: 4080
Sample num: 8160
RR_num of lower bound:8160 max_num:7727570
sample_num of upper bound:8160 max_num:7727570
upper's influence:105.252
lower's influence:105.188
orginal's influence:107.441
PhysicalMem(MB) 19.0312
VirtualMem(MB) 28.875
time:3.69888
approximation: 0.212611
estimate influence by Mente-Carlo is: 216.115
reachable node size: 955
estimate influence by StopAlgorithm is: 225.108
203 __ 1134953
Sample num: 203
Sample num: 406
Sample num: 812
Sample num: 1624
Sample num: 3248
Sample num: 6496
RR_num of lower bound:6496 max_num:1134953
sample_num of upper bound:6496 max_num:1134953
upper's influence:158.986
lower's influence:163.673
orginal's influence:167.701
PhysicalMem(MB) 7.77734
VirtualMem(MB) 17.9062
time:1.33076
approximation: 0.262039
estimate influence by Mente-Carlo is: 2074.39
reachable node size: 52093
estimate influence by StopAlgorithm is: 2140.01
409 __ 105441261
Sample num: 409
Sample num: 818
Sample num: 1636
Sample num: 3272
Sample num: 6544
RR_num of lower bound:6544 max_num:105441261
sample_num of upper bound:6544 max_num:105441261
upper's influence:1911.9
lower's influence:1920.65
orginal's influence:1950.6
PhysicalMem(MB) 199.043
VirtualMem(MB) 215.137
time:96.3932
approximation: 0.322741
estimate influence by Mente-Carlo is: 623.971
reachable node size: 317070
estimate influence by StopAlgorithm is: 627.015
415 __ 652163107
Sample num: 415
Sample num: 830
Sample num: 1660
approximation: 0.347519
Sample num: 3320
Sample num: 6640
estimate influence by Mente-Carlo is: 6854.15
reachable node size: 1504285
estimate influence by StopAlgorithm is: 6813.2
295 __ 4389277066
Sample num: 295
Sample num: 13280
RR_num of lower bound:13280 max_num:652163107
sample_num of upper bound:13280 max_num:652163107
Sample num: 590
upper's influence:575.608
lower's influence:573.223
orginal's influence:592.791
PhysicalMem(MB) 289.207
VirtualMem(MB) 300.75
time:382.64
Sample num: 1180
approximation: 0.239054
estimate influence by Mente-Carlo is: 955.333
reachable node size: 47666
estimate influence by StopAlgorithm is: 939.158
363 __ 85540261
Sample num: 363
Sample num: 726
Sample num: 1452
Sample num: 2904
Sample num: 5808
sample_num of upper bound:5808 max_num:85540261
Sample num: 11616
RR_num of lower bound:11616 max_num:85540261
upper's influence:806.366
lower's influence:764.551
orginal's influence:844.569
PhysicalMem(MB) 75.1836
VirtualMem(MB) 85.2734
time:68.4319
Sample num: 2360
approximation: 0.316599
estimate influence by Mente-Carlo is: 1177.21
reachable node size: 218111
estimate influence by StopAlgorithm is: 1193.62
411 __ 443918016
Sample num: 411
Sample num: 822
Sample num: 1644
RR_num of lower bound:1644 max_num:443918016
sample_num of upper bound:1644 max_num:443918016
upper's influence:558.176
lower's influence:573.999
orginal's influence:761.585
PhysicalMem(MB) 277.789
VirtualMem(MB) 293.004
time:99.4219
approximation: 0.347303
estimate influence by Mente-Carlo is: 1613.1
reachable node size: 81294
estimate influence by StopAlgorithm is: 1554.69
365 __ 146918702
Sample num: 365
Sample num: 730
Sample num: 1460
Sample num: 2920
RR_num of lower bound:2920 max_num:146918702
Sample num: 5840
sample_num of upper bound:5840 max_num:146918702
upper's influence:1237.05
lower's influence:1228.02
orginal's influence:1412.08
PhysicalMem(MB) 150.359
VirtualMem(MB) 160.789
time:34.4811
approximation: 0.331712
estimate influence by Mente-Carlo is: 66.2899
reachable node size: 2314
estimate influence by StopAlgorithm is: 65.8824
276 __ 4192068
Sample num: 276
Sample num: 552
Sample num: 1104
Sample num: 2208
RR_num of lower bound:2208 max_num:4192068
sample_num of upper bound:2208 max_num:4192068
upper's influence:53.8171
lower's influence:55.6639
orginal's influence:58.6896
PhysicalMem(MB) 14.1914
VirtualMem(MB) 23.9453
time:1.77851
approximation: 0.169009
estimate influence by Mente-Carlo is: 8797.31
reachable node size: 1134880
Sample num: 4720
estimate influence by StopAlgorithm is: 8854.96
462 __ 2599486760
Sample num: 462
Sample num: 924
Sample num: 1848
Sample num: 3696
Sample num: 9440
Sample num: 7392
Sample num: 14784
Sample num: 18880
RR_num of lower bound:18880 max_num:4389277066
sample_num of upper bound:18880 max_num:4389277066
upper's influence:6489.65
lower's influence:6581
orginal's influence:6546.62
PhysicalMem(MB) 2533.14
VirtualMem(MB) 2545.46
time:2691.55
Sample num: 29568
RR_num of lower bound:29568 max_num:2599486760
sample_num of upper bound:29568 max_num:2599486760
upper's influence:8004.2
lower's influence:7788.26
orginal's influence:8173.75
PhysicalMem(MB) 965.062
VirtualMem(MB) 984.824
time:2518.2
approximation: 0.339274
approximation: 0.345251
estimate influence by Mente-Carlo is: 133.367
reachable node size: 4029
estimate influence by StopAlgorithm is: 138.466
166 __ 9937714
Sample num: 166
Sample num: 332
Sample num: 664
Sample num: 1328
Sample num: 2656
RR_num of lower bound:2656 max_num:9937714
Sample num: 5312
Sample num: 10624
sample_num of upper bound:10624 max_num:9937714
upper's influence:112.226
lower's influence:113.939
orginal's influence:110.605
PhysicalMem(MB) 18.1914
VirtualMem(MB) 28.6719
time:2.65558
approximation: 0.248613
estimate influence by Mente-Carlo is: 214.819
reachable node size: 955
estimate influence by StopAlgorithm is: 215.917
136 __ 1336951
Sample num: 136
Sample num: 272
Sample num: 544
Sample num: 1088
Sample num: 2176
Sample num: 4352
RR_num of lower bound:4352 max_num:1336951
sample_num of upper bound:4352 max_num:1336951
upper's influence:180.242
lower's influence:180.767
orginal's influence:180.224
PhysicalMem(MB) 7.41016
VirtualMem(MB) 17.5742
time:0.892248
approximation: 0.271582
estimate influence by Mente-Carlo is: 2074.83
reachable node size: 52093
estimate influence by StopAlgorithm is: 2100.13
256 __ 131724550
Sample num: 256
Sample num: 512
Sample num: 1024
Sample num: 2048
Sample num: 4096
estimate influence by Mente-Carlo is: 6795.32
reachable node size: 1504285
Sample num: 8192
estimate influence by StopAlgorithm is: 6798.47
475 __ 3545878563
Sample num: 16384
RR_num of lower bound:16384 max_num:131724550
sample_num of upper bound:16384 max_num:131724550
upper's influence:1952.55
lower's influence:1990.72
orginal's influence:2015.92
PhysicalMem(MB) 193.957
VirtualMem(MB) 209.152
time:216.312
Sample num: 475
approximation: 0.328545
estimate influence by Mente-Carlo is: 622.915
reachable node size: 317070
estimate influence by StopAlgorithm is: 638.754
260 __ 813887461
Sample num: 260
Sample num: 520
Sample num: 1040
Sample num: 950
Sample num: 2080
Sample num: 4160
Sample num: 8320
Sample num: 1900
Sample num: 16640
RR_num of lower bound:16640 max_num:813887461
sample_num of upper bound:16640 max_num:813887461
upper's influence:598.751
lower's influence:600.06
orginal's influence:622.515
PhysicalMem(MB) 293.324
VirtualMem(MB) 304.918
time:546.198
approximation: 0.247336
estimate influence by Mente-Carlo is: 966.584
reachable node size: 47666
estimate influence by StopAlgorithm is: 980.44
229 __ 107749516
Sample num: 229
Sample num: 458
Sample num: 916
Sample num: 1832
Sample num: 3664
Sample num: 7328
sample_num of upper bound:7328 max_num:107749516
Sample num: 14656
RR_num of lower bound:14656 max_num:107749516
upper's influence:866.073
lower's influence:854.756
orginal's influence:903.286
PhysicalMem(MB) 78.3789
VirtualMem(MB) 88.3633
time:88.342
Sample num: 3800
approximation: 0.32163
estimate influence by Mente-Carlo is: 1177.47
reachable node size: 218111
estimate influence by StopAlgorithm is: 1152.55
257 __ 554375779
Sample num: 257
Sample num: 514
Sample num: 1028
Sample num: 2056
RR_num of lower bound:2056 max_num:554375779
sample_num of upper bound:2056 max_num:554375779
upper's influence:691.9
lower's influence:673.209
orginal's influence:853.089
PhysicalMem(MB) 277.738
VirtualMem(MB) 293.004
time:105.449
approximation: 0.347318
estimate influence by Mente-Carlo is: 1599.97
reachable node size: 81294
estimate influence by StopAlgorithm is: 1637.93
231 __ 184969613
Sample num: 231
Sample num: 462
Sample num: 924
Sample num: 1848
Sample num: 3696
RR_num of lower bound:3696 max_num:184969613
sample_num of upper bound:3696 max_num:184969613
upper's influence:1377.96
lower's influence:1327.9
orginal's influence:1471.14
PhysicalMem(MB) 148.824
VirtualMem(MB) 159.148
time:34.65
approximation: 0.337843
estimate influence by Mente-Carlo is: 66.3747
reachable node size: 2314
estimate influence by StopAlgorithm is: 68.6116
178 __ 4877487
Sample num: 178
Sample num: 356
Sample num: 712
Sample num: 1424
Sample num: 2848
RR_num of lower bound:2848 max_num:4877487
sample_num of upper bound:2848 max_num:4877487
upper's influence:58.9483
lower's influence:59.0458
orginal's influence:60.9951
PhysicalMem(MB) 14.3047
VirtualMem(MB) 24.1367
time:1.8921
approximation: 0.228327
estimate influence by Mente-Carlo is: 8836.32
reachable node size: 1134880
estimate influence by StopAlgorithm is: 8728.43
287 __ 3223023447
Sample num: 287
Sample num: 574
Sample num: 1148
Sample num: 2296
Sample num: 4592
Sample num: 7600
RR_num of lower bound:7600 max_num:3545878563
sample_num of upper bound:7600 max_num:3545878563
upper's influence:6318.93
lower's influence:6495.55
orginal's influence:6479.79
PhysicalMem(MB) 2512.59
VirtualMem(MB) 2525.55
time:1860.8
Sample num: 9184
Sample num: 18368
approximation: 0.337368
estimate influence by Mente-Carlo is: 132.606
reachable node size: 4029
estimate influence by StopAlgorithm is: 137.011
255 __ 7727570
Sample num: 255
Sample num: 510
Sample num: 1020
Sample num: 2040
Sample num: 4080
Sample num: 8160
RR_num of lower bound:8160 max_num:7727570
sample_num of upper bound:8160 max_num:7727570
upper's influence:105.651
lower's influence:106.054
orginal's influence:107.192
PhysicalMem(MB) 18.9141
VirtualMem(MB) 28.8789
time:3.51005
approximation: 0.21085
estimate influence by Mente-Carlo is: 216.618
reachable node size: 955
estimate influence by StopAlgorithm is: 211.348
203 __ 1134953
Sample num: 203
Sample num: 406
Sample num: 812
Sample num: 1624
Sample num: 3248
RR_num of lower bound:3248 max_num:1134953
sample_num of upper bound:3248 max_num:1134953
upper's influence:162.237
lower's influence:160.424
orginal's influence:159.746
PhysicalMem(MB) 6.92578
VirtualMem(MB) 16.8008
time:0.671522
approximation: 0.259721
estimate influence by Mente-Carlo is: 2078.14
reachable node size: 52093
estimate influence by StopAlgorithm is: 2033.65
409 __ 105441261
Sample num: 409
Sample num: 818
Sample num: 1636
Sample num: 3272
Sample num: 6544
Sample num: 13088
RR_num of lower bound:13088 max_num:105441261
sample_num of upper bound:13088 max_num:105441261
upper's influence:1862.92
lower's influence:1881.93
orginal's influence:1941.9
PhysicalMem(MB) 199.828
VirtualMem(MB) 215.125
time:179.156
approximation: 0.324312
estimate influence by Mente-Carlo is: 624.361
reachable node size: 317070
estimate influence by StopAlgorithm is: 626.237
415 __ 652163107
Sample num: 415
Sample num: 830
Sample num: 1660
Sample num: 3320
Sample num: 6640
Sample num: 13280
sample_num of upper bound:13280 max_num:652163107
Sample num: 26560
RR_num of lower bound:26560 max_num:652163107
upper's influence:580.78
lower's influence:565.517
orginal's influence:607.809
PhysicalMem(MB) 292.113
VirtualMem(MB) 303.707
time:637.75
approximation: 0.237223
estimate influence by Mente-Carlo is: 960.658
reachable node size: 47666
estimate influence by StopAlgorithm is: 949.602
363 __ 85540261
Sample num: 363
Sample num: 726
Sample num: 1452
Sample num: 2904
Sample num: 5808
RR_num of lower bound:5808 max_num:85540261
Sample num: 11616
sample_num of upper bound:11616 max_num:85540261
upper's influence:745.704
lower's influence:776.758
orginal's influence:815.564
PhysicalMem(MB) 79.5234
VirtualMem(MB) 89.7109
time:43.7088
approximation: 0.318372
estimate influence by Mente-Carlo is: 1174.71
reachable node size: 218111
estimate influence by StopAlgorithm is: 1168.87
411 __ 443918016
Sample num: 411
Sample num: 822
Sample num: 1644
RR_num of lower bound:1644 max_num:443918016
sample_num of upper bound:1644 max_num:443918016
upper's influence:537.585
lower's influence:558.585
orginal's influence:759.868
PhysicalMem(MB) 277.734
VirtualMem(MB) 293.004
time:98.8696
approximation: 0.348439
estimate influence by Mente-Carlo is: 1609.46
reachable node size: 81294
estimate influence by StopAlgorithm is: 1628.29
365 __ 146918702
Sample num: 365
Sample num: 730
Sample num: 1460
Sample num: 2920
RR_num of lower bound:2920 max_num:146918702
sample_num of upper bound:2920 max_num:146918702
upper's influence:1223.08
lower's influence:1252.94
orginal's influence:1415.46
PhysicalMem(MB) 153.512
VirtualMem(MB) 166.145
time:17.06
Sample num: 36736
RR_num of lower bound:36736 max_num:3223023447
sample_num of upper bound:36736 max_num:3223023447
approximation: 0.331688
estimate influence by Mente-Carlo is: 65.9371
reachable node size: 2314
estimate influence by StopAlgorithm is: 66.1124
276 __ 4192068
Sample num: 276
Sample num: 552
Sample num: 1104
Sample num: 2208
sample_num of upper bound:2208 max_num:4192068
Sample num: 4416
RR_num of lower bound:4416 max_num:4192068
upper's influence:54.1034
lower's influence:54.5837
orginal's influence:57.22
PhysicalMem(MB) 14.7461
VirtualMem(MB) 25.1875
time:2.22169
upper's influence:8187.41
approximation: 0.169402
estimate influence by Mente-Carlo is: 8849.02
reachable node size: 1134880
lower's influence:8290.31
estimate influence by StopAlgorithm is: 8596.66
462 __ 2599486760
orginal's influence:8317.7
PhysicalMem(MB) 1005.82
VirtualMem(MB) 1020.49
time:3355.45
Sample num: 462
Sample num: 924
Sample num: 1848
Sample num: 3696
approximation: 0.347095
estimate influence by Mente-Carlo is: 6874.68
reachable node size: 1504285
estimate influence by StopAlgorithm is: 6806.74
295 __ 4389277066
Sample num: 7392
Sample num: 295
Sample num: 590
Sample num: 1180
Sample num: 2360
Sample num: 4720
Sample num: 14784
RR_num of lower bound:14784 max_num:2599486760
sample_num of upper bound:14784 max_num:2599486760
upper's influence:8132.33
lower's influence:7962.51
orginal's influence:8278.64
PhysicalMem(MB) 955.301
VirtualMem(MB) 976.496
time:1618.01
Sample num: 9440
approximation: 0.344848
estimate influence by Mente-Carlo is: 6892.06
reachable node size: 1504285
estimate influence by StopAlgorithm is: 6827.11
475 __ 3545878563
Sample num: 475
Sample num: 950
Sample num: 1900
Sample num: 3800
Sample num: 18880
RR_num of lower bound:18880 max_num:4389277066
sample_num of upper bound:18880 max_num:4389277066
upper's influence:6460.06
lower's influence:6588.34
orginal's influence:6566.8
PhysicalMem(MB) 2532.38
VirtualMem(MB) 2546.48
time:3011.07
Sample num: 7600
RR_num of lower bound:7600 max_num:3545878563
sample_num of upper bound:7600 max_num:3545878563
upper's influence:6301.06
lower's influence:6203.3
orginal's influence:6738.08
PhysicalMem(MB) 2513.38
VirtualMem(MB) 2525.84
time:1276.67
approximation: 0.338722
estimate influence by Mente-Carlo is: 134.02
reachable node size: 4029
estimate influence by StopAlgorithm is: 136.264
166 __ 9937714
Sample num: 166
Sample num: 332
Sample num: 664
Sample num: 1328
Sample num: 2656
Sample num: 5312
Sample num: 10624
RR_num of lower bound:10624 max_num:9937714
sample_num of upper bound:10624 max_num:9937714
upper's influence:106.831
lower's influence:111.778
orginal's influence:110.982
PhysicalMem(MB) 19.7969
VirtualMem(MB) 30.1875
time:4.58337
approximation: 0.24884
estimate influence by Mente-Carlo is: 215.999
reachable node size: 955
estimate influence by StopAlgorithm is: 218.466
136 __ 1336951
Sample num: 136
Sample num: 272
Sample num: 544
Sample num: 1088
Sample num: 2176
Sample num: 4352
RR_num of lower bound:4352 max_num:1336951
sample_num of upper bound:4352 max_num:1336951
upper's influence:183.555
lower's influence:182.438
orginal's influence:182.361
PhysicalMem(MB) 7.39453
VirtualMem(MB) 17.5703
time:0.895607
approximation: 0.271223
estimate influence by Mente-Carlo is: 2070.93
reachable node size: 52093
estimate influence by StopAlgorithm is: 2043.47
256 __ 131724550
Sample num: 256
Sample num: 512
Sample num: 1024
Sample num: 2048
Sample num: 4096
Sample num: 8192
approximation: 0.336822
Sample num: 16384
RR_num of lower bound:16384 max_num:131724550
sample_num of upper bound:16384 max_num:131724550
upper's influence:1969.8
lower's influence:1943.63
orginal's influence:2067.81
PhysicalMem(MB) 199.809
VirtualMem(MB) 215.125
time:215.972
approximation: 0.330675
estimate influence by Mente-Carlo is: 618.609
reachable node size: 317070
estimate influence by StopAlgorithm is: 626.92
260 __ 813887461
Sample num: 260
Sample num: 520
Sample num: 1040
estimate influence by Mente-Carlo is: 132.828
reachable node size: 4029
estimate influence by StopAlgorithm is: 130.48
255 __ 7727570
Sample num: 255
Sample num: 510
Sample num: 1020
Sample num: 2040
Sample num: 4080
RR_num of lower bound:4080 max_num:7727570
sample_num of upper bound:4080 max_num:7727570
upper's influence:101.851
lower's influence:99.9316
orginal's influence:108.632
PhysicalMem(MB) 17.4062
VirtualMem(MB) 27.625
time:2.16062
approximation: 0.210665
estimate influence by Mente-Carlo is: 214.862
reachable node size: 955
estimate influence by StopAlgorithm is: 221.989
203 __ 1134953
Sample num: 203
Sample num: 406
Sample num: 812
Sample num: 1624
Sample num: 3248
Sample num: 6496
RR_num of lower bound:6496 max_num:1134953
sample_num of upper bound:6496 max_num:1134953
upper's influence:157.688
lower's influence:161.423
orginal's influence:158.783
PhysicalMem(MB) 7.66797
VirtualMem(MB) 17.8906
time:1.32276
Sample num: 2080
approximation: 0.263286
estimate influence by Mente-Carlo is: 2067.7
reachable node size: 52093
estimate influence by StopAlgorithm is: 2137.45
409 __ 105441261
Sample num: 409
Sample num: 818
Sample num: 1636
Sample num: 3272
Sample num: 4160
Sample num: 6544
sample_num of upper bound:6544 max_num:105441261
Sample num: 13088
RR_num of lower bound:13088 max_num:105441261
upper's influence:1898.14
lower's influence:1897.05
orginal's influence:1990.58
PhysicalMem(MB) 192.746
VirtualMem(MB) 209.078
time:167.812
Sample num: 8320
approximation: 0.323754
estimate influence by Mente-Carlo is: 622.671
reachable node size: 317070
estimate influence by StopAlgorithm is: 641.62
415 __ 652163107
Sample num: 415
Sample num: 830
Sample num: 1660
Sample num: 3320
Sample num: 16640
sample_num of upper bound:16640 max_num:813887461
Sample num: 6640
Sample num: 13280
RR_num of lower bound:13280 max_num:652163107
sample_num of upper bound:13280 max_num:652163107
upper's influence:589.503
lower's influence:590.224
orginal's influence:607.888
PhysicalMem(MB) 289.082
VirtualMem(MB) 300.75
time:394.588
approximation: 0.239262
estimate influence by Mente-Carlo is: 960.465
reachable node size: 47666
estimate influence by StopAlgorithm is: 964.743
363 __ 85540261
Sample num: 363
Sample num: 726
Sample num: 1452
Sample num: 2904
Sample num: 5808
RR_num of lower bound:5808 max_num:85540261
sample_num of upper bound:5808 max_num:85540261
upper's influence:799.164
lower's influence:776.111
orginal's influence:830.758
PhysicalMem(MB) 76.2422
VirtualMem(MB) 86.2539
time:41.9039
approximation: 0.318225
estimate influence by Mente-Carlo is: 1175.45
reachable node size: 218111
estimate influence by StopAlgorithm is: 1157.95
411 __ 443918016
Sample num: 411
Sample num: 822
Sample num: 1644
RR_num of lower bound:1644 max_num:443918016
sample_num of upper bound:1644 max_num:443918016
Sample num: 33280
RR_num of lower bound:33280 max_num:813887461
upper's influence:537.605
upper's influence:628.544
lower's influence:563.661
orginal's influence:765.914
PhysicalMem(MB) 277.566
VirtualMem(MB) 293.008
time:101.463
lower's influence:586.954
orginal's influence:616.39
PhysicalMem(MB) 295.965
VirtualMem(MB) 307.723
time:977.372
approximation: 0.347422
estimate influence by Mente-Carlo is: 1609.73
reachable node size: 81294
estimate influence by StopAlgorithm is: 1644.88
365 __ 146918702
Sample num: 365
Sample num: 730
Sample num: 1460
Sample num: 2920
RR_num of lower bound:2920 max_num:146918702
sample_num of upper bound:2920 max_num:146918702
upper's influence:1241.36
approximation: 0.247848
lower's influence:1205.83
orginal's influence:1460.17
PhysicalMem(MB) 144.199
VirtualMem(MB) 154.891
time:29.2301
estimate influence by Mente-Carlo is: 962.015
reachable node size: 47666
estimate influence by StopAlgorithm is: 960.538
229 __ 107749516
Sample num: 229
Sample num: 458
Sample num: 916
Sample num: 1832
Sample num: 3664
approximation: 0.332703
estimate influence by Mente-Carlo is: 66.493
reachable node size: 2314
estimate influence by StopAlgorithm is: 67.008
276 __ 4192068
Sample num: 276
Sample num: 552
Sample num: 1104
Sample num: 2208
RR_num of lower bound:2208 max_num:4192068
sample_num of upper bound:2208 max_num:4192068
upper's influence:54.0119
lower's influence:54.4678
orginal's influence:61.6751
PhysicalMem(MB) 14.1875
VirtualMem(MB) 23.9414
time:1.81942
approximation: 0.173128
Sample num: 7328
sample_num of upper bound:7328 max_num:107749516
estimate influence by Mente-Carlo is: 8807.73
reachable node size: 1134880
estimate influence by StopAlgorithm is: 8831.27
462 __ 2599486760
Sample num: 14656
RR_num of lower bound:14656 max_num:107749516
upper's influence:818.851
lower's influence:813.616
orginal's influence:857.352
PhysicalMem(MB) 76.5273
VirtualMem(MB) 86.375
time:100.77
Sample num: 462
approximation: 0.325024
estimate influence by Mente-Carlo is: 1175.25
reachable node size: 218111
estimate influence by StopAlgorithm is: 1152.94
257 __ 554375779
Sample num: 257
Sample num: 514
Sample num: 924
Sample num: 1028
RR_num of lower bound:1028 max_num:554375779
sample_num of upper bound:1028 max_num:554375779
upper's influence:691.185
lower's influence:700.743
orginal's influence:858.14
PhysicalMem(MB) 277.598
VirtualMem(MB) 293.008
time:84.0222
Sample num: 1848
approximation: 0.346531
estimate influence by Mente-Carlo is: 1612.29
reachable node size: 81294
estimate influence by StopAlgorithm is: 1604.79
231 __ 184969613
Sample num: 231
Sample num: 462
Sample num: 924
Sample num: 1848
Sample num: 3696
RR_num of lower bound:3696 max_num:184969613
Sample num: 7392
sample_num of upper bound:7392 max_num:184969613
upper's influence:1366.75
lower's influence:1330.87
orginal's influence:1489.66
PhysicalMem(MB) 150.223
VirtualMem(MB) 160.98
time:40.9355
approximation: 0.338457
Sample num: 3696
estimate influence by Mente-Carlo is: 66.5554
reachable node size: 2314
estimate influence by StopAlgorithm is: 68.0543
178 __ 4877487
Sample num: 178
Sample num: 356
Sample num: 712
Sample num: 1424
Sample num: 2848
RR_num of lower bound:2848 max_num:4877487
sample_num of upper bound:2848 max_num:4877487
upper's influence:56.8534
lower's influence:57.9542
orginal's influence:62.5472
PhysicalMem(MB) 14.2305
VirtualMem(MB) 24.0352
time:1.83376
approximation: 0.229431
estimate influence by Mente-Carlo is: 8786.31
reachable node size: 1134880
estimate influence by StopAlgorithm is: 8882.54
287 __ 3223023447
Sample num: 287
Sample num: 574
Sample num: 1148
Sample num: 2296
Sample num: 7392
Sample num: 4592
Sample num: 14784
RR_num of lower bound:14784 max_num:2599486760
sample_num of upper bound:14784 max_num:2599486760
upper's influence:7988.98
Sample num: 9184
lower's influence:7874.78
orginal's influence:8206.19
PhysicalMem(MB) 957.547
VirtualMem(MB) 976.496
time:1291.25
approximation: 0.344801
estimate influence by Mente-Carlo is: 6832.98
reachable node size: 1504285
estimate influence by StopAlgorithm is: 6752.99
475 __ 3545878563
Sample num: 475
Sample num: 18368
RR_num of lower bound:18368 max_num:3223023447
Sample num: 950
Sample num: 1900
Sample num: 3800
Sample num: 36736
sample_num of upper bound:36736 max_num:3223023447
upper's influence:8411.48
lower's influence:8198.26
orginal's influence:8324.14
PhysicalMem(MB) 980.473
VirtualMem(MB) 994.461
time:2539.78
Sample num: 7600
RR_num of lower bound:7600 max_num:3545878563
Sample num: 15200
sample_num of upper bound:15200 max_num:3545878563
upper's influence:6242.52
lower's influence:6304.25
orginal's influence:6483.44
PhysicalMem(MB) 2518.5
VirtualMem(MB) 2530.88
time:1592.18
approximation: 0.34722
estimate influence by Mente-Carlo is: 6811.78
reachable node size: 1504285
estimate influence by StopAlgorithm is: 6601.22
295 __ 4389277066
Sample num: 295
Sample num: 590
Sample num: 1180
Sample num: 2360
Sample num: 4720
approximation: 0.336627
Sample num: 9440
RR_num of lower bound:9440 max_num:4389277066
Sample num: 18880
sample_num of upper bound:18880 max_num:4389277066
upper's influence:6300.97
lower's influence:6507.46
orginal's influence:6527.73
PhysicalMem(MB) 2524.3
VirtualMem(MB) 2536.3
time:2171.19
approximation: 0.337981
estimate influence by Mente-Carlo is: 132.974
reachable node size: 4029
estimate influence by StopAlgorithm is: 130.168
166 __ 9937714
Sample num: 166
Sample num: 332
Sample num: 664
Sample num: 1328
Sample num: 2656
Sample num: 5312
RR_num of lower bound:5312 max_num:9937714
sample_num of upper bound:5312 max_num:9937714
upper's influence:113.432
lower's influence:114.41
orginal's influence:110.741
PhysicalMem(MB) 18.2031
VirtualMem(MB) 28.0586
time:2.47974
approximation: 0.241609
estimate influence by Mente-Carlo is: 215.213
reachable node size: 955
estimate influence by StopAlgorithm is: 215.225
136 __ 1336951
Sample num: 136
Sample num: 272
Sample num: 544
Sample num: 1088
Sample num: 2176
Sample num: 4352
sample_num of upper bound:4352 max_num:1336951
Sample num: 8704
RR_num of lower bound:8704 max_num:1336951
upper's influence:177.681
lower's influence:179.313
orginal's influence:176.096
PhysicalMem(MB) 8.01172
VirtualMem(MB) 18.2539
time:1.66138
approximation: 0.270258
estimate influence by Mente-Carlo is: 2071.6
reachable node size: 52093
estimate influence by StopAlgorithm is: 2090.39
256 __ 131724550
Sample num: 256
Sample num: 512
Sample num: 1024
Sample num: 2048
Sample num: 4096
Sample num: 8192
Sample num: 16384
RR_num of lower bound:16384 max_num:131724550
sample_num of upper bound:16384 max_num:131724550
upper's influence:1970.41
lower's influence:1998.8
orginal's influence:1959.2
PhysicalMem(MB) 199.379
VirtualMem(MB) 215.145
time:216.143
approximation: 0.329344
estimate influence by Mente-Carlo is: 625.14
reachable node size: 317070
estimate influence by StopAlgorithm is: 622.617
260 __ 813887461
Sample num: 260
Sample num: 520
Sample num: 1040
Sample num: 2080
Sample num: 4160
Sample num: 8320
Sample num: 16640
RR_num of lower bound:16640 max_num:813887461
sample_num of upper bound:16640 max_num:813887461
upper's influence:606.042
lower's influence:612.349
orginal's influence:602.401
PhysicalMem(MB) 293.082
VirtualMem(MB) 304.918
time:427.275
approximation: 0.248094
estimate influence by Mente-Carlo is: 949.915
reachable node size: 47666
estimate influence by StopAlgorithm is: 988.609
229 __ 107749516
Sample num: 229
Sample num: 458
Sample num: 916
Sample num: 1832
Sample num: 3664
Sample num: 7328
RR_num of lower bound:7328 max_num:107749516
sample_num of upper bound:7328 max_num:107749516
upper's influence:820.833
lower's influence:832.088
orginal's influence:855.773
PhysicalMem(MB) 78.6211
VirtualMem(MB) 88.3516
time:52.316
approximation: 0.323427
estimate influence by Mente-Carlo is: 1177.62
reachable node size: 218111
estimate influence by StopAlgorithm is: 1173.69
257 __ 554375779
Sample num: 257
Sample num: 514
Sample num: 1028
Sample num: 2056
RR_num of lower bound:2056 max_num:554375779
sample_num of upper bound:2056 max_num:554375779
upper's influence:705.796
lower's influence:692.142
orginal's influence:864.575
PhysicalMem(MB) 277.562
VirtualMem(MB) 293.004
time:99.809
approximation: 0.346874
estimate influence by Mente-Carlo is: 1609.88
reachable node size: 81294
estimate influence by StopAlgorithm is: 1618.25
231 __ 184969613
Sample num: 231
Sample num: 462
Sample num: 924
Sample num: 1848
Sample num: 3696
RR_num of lower bound:3696 max_num:184969613
sample_num of upper bound:3696 max_num:184969613
upper's influence:1367.27
lower's influence:1309.83
orginal's influence:1471.94
PhysicalMem(MB) 148.844
VirtualMem(MB) 159.125
time:35.445
approximation: 0.338392
estimate influence by Mente-Carlo is: 66.3431
reachable node size: 2314
estimate influence by StopAlgorithm is: 66.1339
178 __ 4877487
Sample num: 178
Sample num: 356
Sample num: 712
Sample num: 1424
sample_num of upper bound:1424 max_num:4877487
Sample num: 2848
RR_num of lower bound:2848 max_num:4877487
upper's influence:56.2779
lower's influence:58.8177
orginal's influence:61.9272
PhysicalMem(MB) 14.0352
VirtualMem(MB) 23.6211
time:1.95889
approximation: 0.234319
estimate influence by Mente-Carlo is: 8817.74
reachable node size: 1134880
estimate influence by StopAlgorithm is: 8879.4
287 __ 3223023447
Sample num: 287
Sample num: 574
Sample num: 1148
Sample num: 2296
Sample num: 4592
Sample num: 9184
Sample num: 18368
sample_num of upper bound:18368 max_num:3223023447
Sample num: 36736
RR_num of lower bound:36736 max_num:3223023447
upper's influence:8311.17
lower's influence:8177.33
orginal's influence:8492.87
PhysicalMem(MB) 965.047
VirtualMem(MB) 984.789
time:4059.78
approximation: 0.347554
estimate influence by Mente-Carlo is: 6805.08
reachable node size: 1504285
estimate influence by StopAlgorithm is: 6852.75
295 __ 4389277066
Sample num: 295
Sample num: 590
Sample num: 1180
Sample num: 2360
Sample num: 4720
Sample num: 9440
Sample num: 18880
RR_num of lower bound:18880 max_num:4389277066
sample_num of upper bound:18880 max_num:4389277066
upper's influence:6468.31
lower's influence:6429.66
orginal's influence:6480.06
PhysicalMem(MB) 2532.13
VirtualMem(MB) 2545.07
time:3407.91
approximation: 0.338785
estimate influence by Mente-Carlo is: 132.129
reachable node size: 4029
estimate influence by StopAlgorithm is: 132.486
166 __ 9937714
Sample num: 166
Sample num: 332
Sample num: 664
Sample num: 1328
Sample num: 2656
Sample num: 5312
RR_num of lower bound:5312 max_num:9937714
sample_num of upper bound:5312 max_num:9937714
upper's influence:110.787
lower's influence:108.313
orginal's influence:110.525
PhysicalMem(MB) 17.8047
VirtualMem(MB) 27.8906
time:2.62761
approximation: 0.242611
estimate influence by Mente-Carlo is: 215.05
reachable node size: 955
estimate influence by StopAlgorithm is: 217.911
136 __ 1336951
Sample num: 136
Sample num: 272
Sample num: 544
Sample num: 1088
Sample num: 2176
Sample num: 4352
RR_num of lower bound:4352 max_num:1336951
sample_num of upper bound:4352 max_num:1336951
upper's influence:183.188
lower's influence:184.706
orginal's influence:179.072
PhysicalMem(MB) 7.14453
VirtualMem(MB) 17.5273
time:0.888607
approximation: 0.272742
estimate influence by Mente-Carlo is: 2067.95
reachable node size: 52093
estimate influence by StopAlgorithm is: 2116.7
256 __ 131724550
Sample num: 256
Sample num: 512
Sample num: 1024
Sample num: 2048
Sample num: 4096
Sample num: 8192
Sample num: 16384
RR_num of lower bound:16384 max_num:131724550
sample_num of upper bound:16384 max_num:131724550
upper's influence:1964.68
lower's influence:1998.13
orginal's influence:2041.62
PhysicalMem(MB) 199.223
VirtualMem(MB) 215.129
time:217.155
approximation: 0.327701
estimate influence by Mente-Carlo is: 625.289
reachable node size: 317070
estimate influence by StopAlgorithm is: 639.467
260 __ 813887461
Sample num: 260
Sample num: 520
Sample num: 1040
Sample num: 2080
Sample num: 4160
Sample num: 8320
Sample num: 16640
RR_num of lower bound:16640 max_num:813887461
sample_num of upper bound:16640 max_num:813887461
upper's influence:607.382
lower's influence:582.602
orginal's influence:605.3
PhysicalMem(MB) 293.16
VirtualMem(MB) 304.918
time:457.606
approximation: 0.244
estimate influence by Mente-Carlo is: 954.587
reachable node size: 47666
estimate influence by StopAlgorithm is: 936.03
229 __ 107749516
Sample num: 229
Sample num: 458
Sample num: 916
Sample num: 1832
Sample num: 3664
Sample num: 7328
sample_num of upper bound:7328 max_num:107749516
Sample num: 14656
RR_num of lower bound:14656 max_num:107749516
upper's influence:825.367
lower's influence:848.116
orginal's influence:867.79
PhysicalMem(MB) 76.4297
VirtualMem(MB) 86.3047
time:86.9004
approximation: 0.322545
estimate influence by Mente-Carlo is: 1174.07
reachable node size: 218111
estimate influence by StopAlgorithm is: 1182.11
257 __ 554375779
Sample num: 257
Sample num: 514
Sample num: 1028
Sample num: 2056
RR_num of lower bound:2056 max_num:554375779
sample_num of upper bound:2056 max_num:554375779
upper's influence:678.422
lower's influence:678.807
orginal's influence:864.322
PhysicalMem(MB) 277.57
VirtualMem(MB) 293.008
time:99.9909
approximation: 0.346455
estimate influence by Mente-Carlo is: 1610.78
reachable node size: 81294
estimate influence by StopAlgorithm is: 1591.35
231 __ 184969613
Sample num: 231
Sample num: 462
Sample num: 924
Sample num: 1848
Sample num: 3696
RR_num of lower bound:3696 max_num:184969613
sample_num of upper bound:3696 max_num:184969613
upper's influence:1338.58
lower's influence:1356.63
orginal's influence:1488.13
PhysicalMem(MB) 148.867
VirtualMem(MB) 159.148
time:30.6876
approximation: 0.338544
estimate influence by Mente-Carlo is: 66.5996
reachable node size: 2314
estimate influence by StopAlgorithm is: 65.9837
178 __ 4877487
Sample num: 178
Sample num: 356
Sample num: 712
Sample num: 1424
RR_num of lower bound:1424 max_num:4877487
Sample num: 2848
sample_num of upper bound:2848 max_num:4877487
upper's influence:56.0209
lower's influence:58.9043
orginal's influence:62.1691
PhysicalMem(MB) 13.8359
VirtualMem(MB) 23.9922
time:1.2841
approximation: 0.232026
estimate influence by Mente-Carlo is: 8837.91
reachable node size: 1134880
estimate influence by StopAlgorithm is: 8691.11
287 __ 3223023447
Sample num: 287
Sample num: 574
Sample num: 1148
Sample num: 2296
Sample num: 4592
Sample num: 9184
Sample num: 18368
Sample num: 36736
RR_num of lower bound:36736 max_num:3223023447
sample_num of upper bound:36736 max_num:3223023447
upper's influence:8193.26
lower's influence:8307.99
orginal's influence:8507.44
PhysicalMem(MB) 970.328
VirtualMem(MB) 988.988
time:3302.42
approximation: 0.347631
estimate influence by Mente-Carlo is: 6834.73
reachable node size: 1504285
estimate influence by StopAlgorithm is: 6819.14
295 __ 4389277066
Sample num: 295
Sample num: 590
Sample num: 1180
Sample num: 2360
Sample num: 4720
Sample num: 9440
Sample num: 18880
RR_num of lower bound:18880 max_num:4389277066
sample_num of upper bound:18880 max_num:4389277066
upper's influence:6449.71
lower's influence:6553.15
orginal's influence:6833.73
PhysicalMem(MB) 2533.21
VirtualMem(MB) 2545.73
time:2522.81
approximation: 0.337694
estimate influence by Mente-Carlo is: 134.203
reachable node size: 4029
estimate influence by StopAlgorithm is: 133.081
255 __ 7727570
Sample num: 255
Sample num: 510
Sample num: 1020
Sample num: 2040
Sample num: 4080
RR_num of lower bound:4080 max_num:7727570
Sample num: 8160
sample_num of upper bound:8160 max_num:7727570
time:2.09884
upper's influence:103.932
lower's influence:107.154
orginal's influence:108.808
PhysicalMem(MB) 18.1016
VirtualMem(MB) 28.1016
approximation: 0.213441
estimate influence by Mente-Carlo is: 216.607
reachable node size: 955
estimate influence by StopAlgorithm is: 214.002
203 __ 1134953
Sample num: 203
Sample num: 406
Sample num: 812
Sample num: 1624
Sample num: 3248
sample_num of upper bound:3248 max_num:1134953
Sample num: 6496
RR_num of lower bound:6496 max_num:1134953
time:1.21626
upper's influence:165.623
lower's influence:161.904
orginal's influence:160.055
PhysicalMem(MB) 7.16406
VirtualMem(MB) 17.3008
approximation: 0.263955
estimate influence by Mente-Carlo is: 2070.87
reachable node size: 52093
estimate influence by StopAlgorithm is: 2098.28
409 __ 105441261
Sample num: 409
Sample num: 818
Sample num: 1636
Sample num: 3272
Sample num: 6544
RR_num of lower bound:6544 max_num:105441261
Sample num: 13088
sample_num of upper bound:13088 max_num:105441261
time:101.308
upper's influence:1914.99
lower's influence:1895.04
orginal's influence:1949.83
PhysicalMem(MB) 199.57
VirtualMem(MB) 215.121
approximation: 0.323398
estimate influence by Mente-Carlo is: 625.546
reachable node size: 317070
estimate influence by StopAlgorithm is: 615.942
415 __ 652163107
Sample num: 415
Sample num: 830
Sample num: 1660
Sample num: 3320
Sample num: 6640
Sample num: 13280
RR_num of lower bound:13280 max_num:652163107
sample_num of upper bound:13280 max_num:652163107
time:301.223
upper's influence:581.843
lower's influence:595.15
orginal's influence:618.816
PhysicalMem(MB) 289.207
VirtualMem(MB) 300.75
approximation: 0.236387
estimate influence by Mente-Carlo is: 961.643
reachable node size: 47666
estimate influence by StopAlgorithm is: 936.116
363 __ 85540261
Sample num: 363
Sample num: 726
Sample num: 1452
Sample num: 2904
Sample num: 5808
RR_num of lower bound:5808 max_num:85540261
sample_num of upper bound:5808 max_num:85540261
time:31.6993
upper's influence:785.079
lower's influence:767.711
orginal's influence:800.364
PhysicalMem(MB) 76.4102
VirtualMem(MB) 86.3281
approximation: 0.317434
estimate influence by Mente-Carlo is: 1180.59
reachable node size: 218111
estimate influence by StopAlgorithm is: 1158.63
411 __ 443918016
Sample num: 411
Sample num: 822
Sample num: 1644
RR_num of lower bound:1644 max_num:443918016
sample_num of upper bound:1644 max_num:443918016
time:44.253
upper's influence:541.895
lower's influence:550.444
orginal's influence:752.232
PhysicalMem(MB) 277.449
VirtualMem(MB) 293.004
approximation: 0.346795
estimate influence by Mente-Carlo is: 1603.56
reachable node size: 81294
estimate influence by StopAlgorithm is: 1569.75
365 __ 146918702
Sample num: 365
Sample num: 730
Sample num: 1460
Sample num: 2920
RR_num of lower bound:2920 max_num:146918702
sample_num of upper bound:2920 max_num:146918702
time:23.6135
upper's influence:1209.63
lower's influence:1239.45
orginal's influence:1392.34
PhysicalMem(MB) 148.676
VirtualMem(MB) 159.039
approximation: 0.331568
estimate influence by Mente-Carlo is: 66.7311
reachable node size: 2314
estimate influence by StopAlgorithm is: 68.1559
276 __ 4192068
Sample num: 276
Sample num: 552
Sample num: 1104
Sample num: 2208
sample_num of upper bound:2208 max_num:4192068
Sample num: 4416
RR_num of lower bound:4416 max_num:4192068
time:2.16067
upper's influence:55.3486
lower's influence:54.8802
orginal's influence:59.9813
PhysicalMem(MB) 15.2344
VirtualMem(MB) 25.1172
approximation: 0.167276
estimate influence by Mente-Carlo is: 8786.54
reachable node size: 1134880
estimate influence by StopAlgorithm is: 8845.22
462 __ 2599486760
Sample num: 462
Sample num: 924
Sample num: 1848
Sample num: 3696
Sample num: 7392
Sample num: 14784
RR_num of lower bound:14784 max_num:2599486760
sample_num of upper bound:14784 max_num:2599486760
time:1201.57
upper's influence:8084.55
lower's influence:8076.37
orginal's influence:8281.98
PhysicalMem(MB) 955.992
VirtualMem(MB) 976.496
approximation: 0.345081
estimate influence by Mente-Carlo is: 6848.36
reachable node size: 1504285
estimate influence by StopAlgorithm is: 6873.75
475 __ 3545878563
Sample num: 475
Sample num: 950
Sample num: 1900
Sample num: 3800
Sample num: 7600
RR_num of lower bound:7600 max_num:3545878563
sample_num of upper bound:7600 max_num:3545878563
time:962.253
upper's influence:6263.47
lower's influence:6396.05
orginal's influence:6721.26
PhysicalMem(MB) 2514.4
VirtualMem(MB) 2525.52
approximation: 0.336509
ASSERT FAIL @ graph.h:29
estimate influence by Mente-Carlo is: 133.199
reachable node size: 4029
estimate influence by StopAlgorithm is: 132.249
255 __ 7727570
Sample num: 255
Sample num: 510
Sample num: 1020
Sample num: 2040
Sample num: 4080
RR_num of lower bound:4080 max_num:7727570
Sample num: 8160
sample_num of upper bound:8160 max_num:7727570
time:1.98195
upper's influence:101.738
lower's influence:105.376
orginal's influence:104.574
PhysicalMem(MB) 17.8594
VirtualMem(MB) 28.0742
approximation: 0.213945
estimate influence by Mente-Carlo is: 215.215
reachable node size: 955
estimate influence by StopAlgorithm is: 219.336
203 __ 1134953
Sample num: 203
Sample num: 406
Sample num: 812
Sample num: 1624
Sample num: 3248
RR_num of lower bound:3248 max_num:1134953
sample_num of upper bound:3248 max_num:1134953
time:0.642546
upper's influence:160.38
lower's influence:157.903
orginal's influence:165.592
PhysicalMem(MB) 6.85547
VirtualMem(MB) 16.793
approximation: 0.261299
estimate influence by Mente-Carlo is: 2078.16
reachable node size: 52093
estimate influence by StopAlgorithm is: 2076.75
409 __ 105441261
Sample num: 409
Sample num: 818
Sample num: 1636
Sample num: 3272
Sample num: 6544
Sample num: 13088
RR_num of lower bound:13088 max_num:105441261
sample_num of upper bound:13088 max_num:105441261
time:163.92
upper's influence:1924.46
lower's influence:1896.31
orginal's influence:2005.86
PhysicalMem(MB) 188.73
VirtualMem(MB) 209.082
approximation: 0.322399
estimate influence by Mente-Carlo is: 624.683
reachable node size: 317070
estimate influence by StopAlgorithm is: 610.623
415 __ 652163107
Sample num: 415
Sample num: 830
Sample num: 1660
Sample num: 3320
Sample num: 6640
Sample num: 13280
RR_num of lower bound:13280 max_num:652163107
sample_num of upper bound:13280 max_num:652163107
time:307.853
upper's influence:568.974
lower's influence:575.936
orginal's influence:612.866
PhysicalMem(MB) 289.109
VirtualMem(MB) 300.75
approximation: 0.24119
estimate influence by Mente-Carlo is: 956.883
reachable node size: 47666
estimate influence by StopAlgorithm is: 958.927
363 __ 85540261
Sample num: 363
Sample num: 726
Sample num: 1452
Sample num: 2904
Sample num: 5808
RR_num of lower bound:5808 max_num:85540261
Sample num: 11616
sample_num of upper bound:11616 max_num:85540261
time:44.5335
upper's influence:778.889
lower's influence:766.085
orginal's influence:858.533
PhysicalMem(MB) 79.4531
VirtualMem(MB) 89.8711
approximation: 0.318844
estimate influence by Mente-Carlo is: 1177.38
reachable node size: 218111
estimate influence by StopAlgorithm is: 1157.9
411 __ 443918016
Sample num: 411
Sample num: 822
Sample num: 1644
RR_num of lower bound:1644 max_num:443918016
sample_num of upper bound:1644 max_num:443918016
time:42.3742
upper's influence:540.351
lower's influence:554.114
orginal's influence:765.363
PhysicalMem(MB) 290.391
VirtualMem(MB) 305.957
approximation: 0.34857
estimate influence by Mente-Carlo is: 1603.19
reachable node size: 81294
estimate influence by StopAlgorithm is: 1609.7
365 __ 146918702
Sample num: 365
Sample num: 730
Sample num: 1460
Sample num: 2920
RR_num of lower bound:2920 max_num:146918702
sample_num of upper bound:2920 max_num:146918702
time:23.3082
upper's influence:1270.34
lower's influence:1300.61
orginal's influence:1387.78
PhysicalMem(MB) 148.676
VirtualMem(MB) 158.961
approximation: 0.332349
estimate influence by Mente-Carlo is: 66.3778
reachable node size: 2314
estimate influence by StopAlgorithm is: 67.4983
276 __ 4192068
Sample num: 276
Sample num: 552
Sample num: 1104
Sample num: 2208
RR_num of lower bound:2208 max_num:4192068
sample_num of upper bound:2208 max_num:4192068
time:1.1846
upper's influence:54.4876
lower's influence:55.2985
orginal's influence:59.4038
PhysicalMem(MB) 14.0078
VirtualMem(MB) 23.9453
approximation: 0.16805
estimate influence by Mente-Carlo is: 8798.81
reachable node size: 1134880
estimate influence by StopAlgorithm is: 8615.37
462 __ 2599486760
Sample num: 462
Sample num: 924
Sample num: 1848
Sample num: 3696
Sample num: 7392
Sample num: 14784
Sample num: 29568
RR_num of lower bound:29568 max_num:2599486760
sample_num of upper bound:29568 max_num:2599486760
time:2344.93
upper's influence:8050.37
lower's influence:7873.65
orginal's influence:8296.87
PhysicalMem(MB) 1004.16
VirtualMem(MB) 1020.77
approximation: 0.345435
estimate influence by Mente-Carlo is: 6836.48
reachable node size: 1504285
estimate influence by StopAlgorithm is: 6721.84
475 __ 3545878563
Sample num: 475
Sample num: 950
Sample num: 1900
Sample num: 3800
Sample num: 7600
RR_num of lower bound:7600 max_num:3545878563
sample_num of upper bound:7600 max_num:3545878563
time:971.062
upper's influence:6272.91
lower's influence:6343.03
orginal's influence:6536.85
PhysicalMem(MB) 2512.86
VirtualMem(MB) 2525.3
estimate influence by Mente-Carlo is: 106718
reachable node size: 3072421
estimate influence by StopAlgorithm is: 104052
498 __ 7598066753
Sample num: 498
Sample num: 996
approximation: 0.338174
ASSERT FAIL @ graph.h:29
estimate influence by Mente-Carlo is: 133.301
reachable node size: 4029
estimate influence by StopAlgorithm is: 130.703
255 __ 7727570
Sample num: 255
Sample num: 510
Sample num: 1020
Sample num: 2040
Sample num: 4080
sample_num of upper bound:4080 max_num:7727570
Sample num: 8160
RR_num of lower bound:8160 max_num:7727570
time:2.96188
upper's influence:101.235
lower's influence:107.267
orginal's influence:106.36
PhysicalMem(MB) 18.0938
VirtualMem(MB) 27.8945
approximation: 0.212736
estimate influence by Mente-Carlo is: 215.768
reachable node size: 955
estimate influence by StopAlgorithm is: 214.837
203 __ 1134953
Sample num: 203
Sample num: 406
Sample num: 812
Sample num: 1624
Sample num: 3248
RR_num of lower bound:3248 max_num:1134953
sample_num of upper bound:3248 max_num:1134953
time:0.707482
upper's influence:162.601
lower's influence:169.699
orginal's influence:163.719
PhysicalMem(MB) 6.74609
VirtualMem(MB) 16.7852
approximation: 0.261353
estimate influence by Mente-Carlo is: 2068.14
reachable node size: 52093
estimate influence by StopAlgorithm is: 2081.01
409 __ 105441261
Sample num: 409
Sample num: 818
Sample num: 1636
Sample num: 3272
Sample num: 6544
sample_num of upper bound:6544 max_num:105441261
Sample num: 13088
RR_num of lower bound:13088 max_num:105441261
time:156.83
upper's influence:1906.72
lower's influence:1908.71
orginal's influence:1923.74
PhysicalMem(MB) 199.32
VirtualMem(MB) 215.121
approximation: 0.324583
estimate influence by Mente-Carlo is: 624.941
reachable node size: 317070
estimate influence by StopAlgorithm is: 619.683
415 __ 652163107
Sample num: 415
Sample num: 830
Sample num: 1660
Sample num: 3320
Sample num: 6640
Sample num: 13280
RR_num of lower bound:13280 max_num:652163107
sample_num of upper bound:13280 max_num:652163107
time:306.301
upper's influence:604.22
lower's influence:583.407
orginal's influence:597.964
PhysicalMem(MB) 289.137
VirtualMem(MB) 300.75
Sample num: 1992
approximation: 0.239636
estimate influence by Mente-Carlo is: 960.705
reachable node size: 47666
estimate influence by StopAlgorithm is: 947.83
363 __ 85540261
Sample num: 363
Sample num: 726
Sample num: 1452
Sample num: 2904
Sample num: 5808
RR_num of lower bound:5808 max_num:85540261
sample_num of upper bound:5808 max_num:85540261
time:36.468
upper's influence:768.095
lower's influence:786.041
orginal's influence:837.165
PhysicalMem(MB) 76.2031
VirtualMem(MB) 86.293
approximation: 0.316464
estimate influence by Mente-Carlo is: 1175.66
reachable node size: 218111
estimate influence by StopAlgorithm is: 1182.01
411 __ 443918016
Sample num: 411
Sample num: 822
Sample num: 1644
RR_num of lower bound:1644 max_num:443918016
sample_num of upper bound:1644 max_num:443918016
time:43.4684
upper's influence:558.824
lower's influence:553.645
orginal's influence:756.751
PhysicalMem(MB) 277.66
VirtualMem(MB) 293.008
approximation: 0.347249
estimate influence by Mente-Carlo is: 1606.38
reachable node size: 81294
estimate influence by StopAlgorithm is: 1620.19
365 __ 146918702
Sample num: 365
Sample num: 730
Sample num: 1460
Sample num: 2920
RR_num of lower bound:2920 max_num:146918702
sample_num of upper bound:2920 max_num:146918702
time:25.3599
upper's influence:1229.1
lower's influence:1249.23
orginal's influence:1404.31
PhysicalMem(MB) 148.551
VirtualMem(MB) 158.996
approximation: 0.331643
estimate influence by Mente-Carlo is: 66.2829
reachable node size: 2314
estimate influence by StopAlgorithm is: 66.9143
276 __ 4192068
Sample num: 276
Sample num: 552
Sample num: 1104
Sample num: 2208
RR_num of lower bound:2208 max_num:4192068
sample_num of upper bound:2208 max_num:4192068
time:1.35403
upper's influence:56.1437
lower's influence:53.3326
orginal's influence:59.6066
PhysicalMem(MB) 13.9492
VirtualMem(MB) 23.9453
approximation: 0.167088
estimate influence by Mente-Carlo is: 8827.16
reachable node size: 1134880
estimate influence by StopAlgorithm is: 8849.45
462 __ 2599486760
Sample num: 462
Sample num: 924
Sample num: 1848
Sample num: 3696
Sample num: 7392
Sample num: 14784
RR_num of lower bound:14784 max_num:2599486760
sample_num of upper bound:14784 max_num:2599486760
time:1177.59
upper's influence:7779.96
lower's influence:7885.5
orginal's influence:8301.87
PhysicalMem(MB) 957.391
VirtualMem(MB) 976.496
Sample num: 3984
approximation: 0.345169
estimate influence by Mente-Carlo is: 6821.6
reachable node size: 1504285
estimate influence by StopAlgorithm is: 6667.84
475 __ 3545878563
Sample num: 475
Sample num: 950
Sample num: 1900
Sample num: 3800
Sample num: 7600
RR_num of lower bound:7600 max_num:3545878563
sample_num of upper bound:7600 max_num:3545878563
time:1073.44
upper's influence:6229.34
lower's influence:6345.42
orginal's influence:6431.14
PhysicalMem(MB) 2514.38
VirtualMem(MB) 2525.34
approximation: 0.336869
ASSERT FAIL @ graph.h:29
estimate influence by Mente-Carlo is: 132.408
reachable node size: 4029
estimate influence by StopAlgorithm is: 134.191
255 __ 7727570
Sample num: 255
Sample num: 510
Sample num: 1020
Sample num: 2040
Sample num: 4080
Sample num: 8160
RR_num of lower bound:8160 max_num:7727570
sample_num of upper bound:8160 max_num:7727570
time:3.12394
upper's influence:107.965
lower's influence:100.663
orginal's influence:106.017
PhysicalMem(MB) 18.9141
VirtualMem(MB) 28.7852
approximation: 0.211588
estimate influence by Mente-Carlo is: 215.293
reachable node size: 955
estimate influence by StopAlgorithm is: 220.417
203 __ 1134953
Sample num: 203
Sample num: 406
Sample num: 812
Sample num: 1624
Sample num: 3248
sample_num of upper bound:3248 max_num:1134953
Sample num: 6496
RR_num of lower bound:6496 max_num:1134953
time:1.22659
upper's influence:161.168
lower's influence:162.419
orginal's influence:166.448
PhysicalMem(MB) 7.21094
VirtualMem(MB) 17.3008
approximation: 0.262779
estimate influence by Mente-Carlo is: 2068.47
reachable node size: 52093
estimate influence by StopAlgorithm is: 2098.55
409 __ 105441261
Sample num: 409
Sample num: 818
Sample num: 1636
Sample num: 3272
Sample num: 6544
Sample num: 13088
RR_num of lower bound:13088 max_num:105441261
sample_num of upper bound:13088 max_num:105441261
time:175.331
upper's influence:1921.13
lower's influence:1875.42
orginal's influence:1919.3
PhysicalMem(MB) 186.609
VirtualMem(MB) 209.062
approximation: 0.323694
estimate influence by Mente-Carlo is: 621.828
reachable node size: 317070
estimate influence by StopAlgorithm is: 619.923
415 __ 652163107
Sample num: 415
Sample num: 830
Sample num: 1660
Sample num: 3320
Sample num: 6640
Sample num: 13280
RR_num of lower bound:13280 max_num:652163107
sample_num of upper bound:13280 max_num:652163107
time:355.704
upper's influence:591.911
lower's influence:588.005
Sample num: 7968
orginal's influence:625.764
PhysicalMem(MB) 289.152
VirtualMem(MB) 300.75
approximation: 0.23712
estimate influence by Mente-Carlo is: 955.441
reachable node size: 47666
estimate influence by StopAlgorithm is: 937.903
363 __ 85540261
Sample num: 363
Sample num: 726
Sample num: 1452
Sample num: 2904
Sample num: 5808
RR_num of lower bound:5808 max_num:85540261
sample_num of upper bound:5808 max_num:85540261
time:35.7227
upper's influence:774.186
lower's influence:779.787
orginal's influence:805.127
PhysicalMem(MB) 74.8555
VirtualMem(MB) 84.7031
approximation: 0.318155
estimate influence by Mente-Carlo is: 1177.99
reachable node size: 218111
estimate influence by StopAlgorithm is: 1216.67
411 __ 443918016
Sample num: 411
Sample num: 822
Sample num: 1644
RR_num of lower bound:1644 max_num:443918016
sample_num of upper bound:1644 max_num:443918016
time:51.3526
upper's influence:556.193
lower's influence:552.878
orginal's influence:780.391
PhysicalMem(MB) 277.43
VirtualMem(MB) 293.004
approximation: 0.346475
estimate influence by Mente-Carlo is: 1608.91
reachable node size: 81294
estimate influence by StopAlgorithm is: 1642.22
365 __ 146918702
Sample num: 365
Sample num: 730
Sample num: 1460
Sample num: 2920
RR_num of lower bound:2920 max_num:146918702
sample_num of upper bound:2920 max_num:146918702
time:31.0401
upper's influence:1233.08
lower's influence:1281.46
orginal's influence:1428.93
PhysicalMem(MB) 148.594
VirtualMem(MB) 158.965
approximation: 0.332242
estimate influence by Mente-Carlo is: 66.2288
reachable node size: 2314
estimate influence by StopAlgorithm is: 64.9537
276 __ 4192068
Sample num: 276
Sample num: 552
Sample num: 1104
Sample num: 2208
RR_num of lower bound:2208 max_num:4192068
sample_num of upper bound:2208 max_num:4192068
time:1.48292
upper's influence:52.3422
lower's influence:54.9003
orginal's influence:59.2484
PhysicalMem(MB) 14.3086
VirtualMem(MB) 23.9453
approximation: 0.173752
estimate influence by Mente-Carlo is: 8799.16
reachable node size: 1134880
estimate influence by StopAlgorithm is: 8667.85
462 __ 2599486760
Sample num: 462
Sample num: 924
Sample num: 1848
Sample num: 3696
Sample num: 7392
Sample num: 14784
Sample num: 29568
RR_num of lower bound:29568 max_num:2599486760
sample_num of upper bound:29568 max_num:2599486760
time:2556.38
upper's influence:8189.9
lower's influence:8024.48
orginal's influence:7890
PhysicalMem(MB) 1003.21
VirtualMem(MB) 1021.35
approximation: 0.345053
estimate influence by Mente-Carlo is: 6822.87
reachable node size: 1504285
estimate influence by StopAlgorithm is: 6906.43
475 __ 3545878563
Sample num: 475
Sample num: 950
Sample num: 1900
Sample num: 3800
Sample num: 7600
RR_num of lower bound:7600 max_num:3545878563
sample_num of upper bound:7600 max_num:3545878563
time:1186.26
upper's influence:6170.8
lower's influence:6403.33
orginal's influence:6623.27
PhysicalMem(MB) 2514.26
VirtualMem(MB) 2525.49
approximation: 0.336425
ASSERT FAIL @ graph.h:29
estimate influence by Mente-Carlo is: 133.426
reachable node size: 4029
estimate influence by StopAlgorithm is: 136.01
255 __ 7727570
Sample num: 255
Sample num: 510
Sample num: 1020
Sample num: 2040
Sample num: 4080
Sample num: 8160
RR_num of lower bound:8160 max_num:7727570
sample_num of upper bound:8160 max_num:7727570
time:3.12841
upper's influence:106.761
lower's influence:103.604
orginal's influence:108.339
PhysicalMem(MB) 18.9453
VirtualMem(MB) 28.7812
approximation: 0.214798
estimate influence by Mente-Carlo is: 215.794
reachable node size: 955
estimate influence by StopAlgorithm is: 214.558
203 __ 1134953
Sample num: 203
Sample num: 406
Sample num: 812
Sample num: 1624
Sample num: 3248
sample_num of upper bound:3248 max_num:1134953
Sample num: 6496
RR_num of lower bound:6496 max_num:1134953
time:1.21672
upper's influence:161.965
lower's influence:164.775
orginal's influence:169.915
PhysicalMem(MB) 7.375
VirtualMem(MB) 17.3438
approximation: 0.263022
estimate influence by Mente-Carlo is: 2068.18
reachable node size: 52093
estimate influence by StopAlgorithm is: 2097.91
409 __ 105441261
Sample num: 409
Sample num: 818
Sample num: 1636
Sample num: 3272
Sample num: 6544
RR_num of lower bound:6544 max_num:105441261
Sample num: 13088
sample_num of upper bound:13088 max_num:105441261
time:100.289
upper's influence:1875.28
lower's influence:1833.17
orginal's influence:1923.24
PhysicalMem(MB) 193.113
VirtualMem(MB) 209.098
approximation: 0.324285
estimate influence by Mente-Carlo is: 624.719
reachable node size: 317070
estimate influence by StopAlgorithm is: 636.905
415 __ 652163107
Sample num: 415
Sample num: 830
Sample num: 1660
Sample num: 3320
Sample num: 6640
Sample num: 13280
RR_num of lower bound:13280 max_num:652163107
sample_num of upper bound:13280 max_num:652163107
time:311.555
upper's influence:574.737
lower's influence:599.45
orginal's influence:604.24
PhysicalMem(MB) 289.105
VirtualMem(MB) 300.75
approximation: 0.240357
estimate influence by Mente-Carlo is: 964.725
reachable node size: 47666
estimate influence by StopAlgorithm is: 922.363
363 __ 85540261
Sample num: 363
Sample num: 726
Sample num: 1452
Sample num: 2904
Sample num: 5808
RR_num of lower bound:5808 max_num:85540261
sample_num of upper bound:5808 max_num:85540261
time:37.683
upper's influence:768.282
lower's influence:760.573
orginal's influence:809.526
PhysicalMem(MB) 76.2617
VirtualMem(MB) 86.293
approximation: 0.316743
estimate influence by Mente-Carlo is: 1177.85
reachable node size: 218111
estimate influence by StopAlgorithm is: 1188.94
411 __ 443918016
Sample num: 411
Sample num: 822
Sample num: 1644
RR_num of lower bound:1644 max_num:443918016
sample_num of upper bound:1644 max_num:443918016
time:42.9494
upper's influence:532.718
lower's influence:559.392
orginal's influence:752.398
PhysicalMem(MB) 277.445
VirtualMem(MB) 293.008
approximation: 0.347774
estimate influence by Mente-Carlo is: 1595.01
reachable node size: 81294
estimate influence by StopAlgorithm is: 1621.17
365 __ 146918702
Sample num: 365
Sample num: 730
Sample num: 1460
Sample num: 2920
RR_num of lower bound:2920 max_num:146918702
sample_num of upper bound:2920 max_num:146918702
time:25.3025
upper's influence:1253.78
lower's influence:1250.64
orginal's influence:1393.88
PhysicalMem(MB) 148.652
VirtualMem(MB) 158.953
approximation: 0.332862
estimate influence by Mente-Carlo is: 66.351
reachable node size: 2314
estimate influence by StopAlgorithm is: 66.1048
276 __ 4192068
Sample num: 276
Sample num: 552
Sample num: 1104
Sample num: 2208
sample_num of upper bound:2208 max_num:4192068
Sample num: 4416
RR_num of lower bound:4416 max_num:4192068
time:2.16757
upper's influence:52.4597
lower's influence:56.0493
orginal's influence:59.8233
PhysicalMem(MB) 14.9531
VirtualMem(MB) 25.1172
approximation: 0.170554
estimate influence by Mente-Carlo is: 8788.09
reachable node size: 1134880
estimate influence by StopAlgorithm is: 8742.41
462 __ 2599486760
Sample num: 462
Sample num: 924
Sample num: 1848
Sample num: 3696
Sample num: 7392
Sample num: 15936
Sample num: 14784
Sample num: 29568
RR_num of lower bound:29568 max_num:2599486760
sample_num of upper bound:29568 max_num:2599486760
time:2599.14
upper's influence:7784.37
lower's influence:8096.87
orginal's influence:7773.5
PhysicalMem(MB) 966.656
VirtualMem(MB) 986.137
approximation: 0.345284
estimate influence by Mente-Carlo is: 6824.14
reachable node size: 1504285
estimate influence by StopAlgorithm is: 6683.96
475 __ 3545878563
Sample num: 475
Sample num: 950
Sample num: 1900
Sample num: 3800
Sample num: 7600
RR_num of lower bound:7600 max_num:3545878563
Sample num: 15200
sample_num of upper bound:15200 max_num:3545878563
time:1397.24
upper's influence:6318.9
lower's influence:6251.05
orginal's influence:6586.81
PhysicalMem(MB) 2519.79
VirtualMem(MB) 2531.38
approximation: 0.33653
ASSERT FAIL @ graph.h:29
estimate influence by Mente-Carlo is: 135.069
reachable node size: 4029
estimate influence by StopAlgorithm is: 130.696
255 __ 7727570
Sample num: 255
Sample num: 510
Sample num: 1020
Sample num: 2040
Sample num: 4080
sample_num of upper bound:4080 max_num:7727570
Sample num: 8160
RR_num of lower bound:8160 max_num:7727570
time:2.86485
upper's influence:103.674
lower's influence:108.685
orginal's influence:108.645
PhysicalMem(MB) 18.0273
VirtualMem(MB) 27.8516
approximation: 0.209713
estimate influence by Mente-Carlo is: 215.827
reachable node size: 955
estimate influence by StopAlgorithm is: 210.086
203 __ 1134953
Sample num: 203
Sample num: 406
Sample num: 812
Sample num: 1624
Sample num: 3248
sample_num of upper bound:3248 max_num:1134953
Sample num: 6496
RR_num of lower bound:6496 max_num:1134953
time:1.23907
upper's influence:166.704
lower's influence:165.088
orginal's influence:163.689
PhysicalMem(MB) 7.23828
VirtualMem(MB) 17.2695
approximation: 0.261045
estimate influence by Mente-Carlo is: 2071.72
reachable node size: 52093
estimate influence by StopAlgorithm is: 2041.09
409 __ 105441261
Sample num: 409
Sample num: 818
Sample num: 1636
Sample num: 3272
Sample num: 6544
Sample num: 13088
RR_num of lower bound:13088 max_num:105441261
sample_num of upper bound:13088 max_num:105441261
time:161.406
upper's influence:1918.98
lower's influence:1916.48
orginal's influence:1968.86
PhysicalMem(MB) 199.16
VirtualMem(MB) 215.133
approximation: 0.325164
estimate influence by Mente-Carlo is: 622.513
reachable node size: 317070
estimate influence by StopAlgorithm is: 604.505
415 __ 652163107
Sample num: 415
Sample num: 830
Sample num: 1660
Sample num: 3320
Sample num: 6640
Sample num: 13280
RR_num of lower bound:13280 max_num:652163107
sample_num of upper bound:13280 max_num:652163107
time:298.983
upper's influence:583.729
lower's influence:593.074
orginal's influence:594.29
PhysicalMem(MB) 289.02
VirtualMem(MB) 300.75
approximation: 0.23724
estimate influence by Mente-Carlo is: 959.333
reachable node size: 47666
estimate influence by StopAlgorithm is: 968.822
363 __ 85540261
Sample num: 363
Sample num: 726
Sample num: 1452
Sample num: 2904
Sample num: 5808
RR_num of lower bound:5808 max_num:85540261
sample_num of upper bound:5808 max_num:85540261
time:37.5271
upper's influence:791.048
lower's influence:783.25
orginal's influence:839.159
PhysicalMem(MB) 76.3633
VirtualMem(MB) 86.3086
approximation: 0.315856
estimate influence by Mente-Carlo is: 1176.53
reachable node size: 218111
estimate influence by StopAlgorithm is: 1187.75
411 __ 443918016
Sample num: 411
Sample num: 822
Sample num: 1644
RR_num of lower bound:1644 max_num:443918016
sample_num of upper bound:1644 max_num:443918016
time:42.3381
upper's influence:573.046
lower's influence:559.2
orginal's influence:765.297
PhysicalMem(MB) 277.52
VirtualMem(MB) 293.008
approximation: 0.345686
estimate influence by Mente-Carlo is: 1618.09
reachable node size: 81294
estimate influence by StopAlgorithm is: 1606.08
365 __ 146918702
Sample num: 365
Sample num: 730
Sample num: 1460
Sample num: 2920
RR_num of lower bound:2920 max_num:146918702
Sample num: 5840
sample_num of upper bound:5840 max_num:146918702
time:30.5299
upper's influence:1256.51
lower's influence:1242.81
orginal's influence:1424.96
PhysicalMem(MB) 150.059
VirtualMem(MB) 160.809
approximation: 0.331837
estimate influence by Mente-Carlo is: 66.4556
reachable node size: 2314
estimate influence by StopAlgorithm is: 68.4837
276 __ 4192068
Sample num: 276
Sample num: 552
Sample num: 1104
Sample num: 2208
RR_num of lower bound:2208 max_num:4192068
sample_num of upper bound:2208 max_num:4192068
time:3.99939
upper's influence:52.7177
lower's influence:54.0265
orginal's influence:56.9405
PhysicalMem(MB) 14.1133
VirtualMem(MB) 23.9688
approximation: 0.176278
estimate influence by Mente-Carlo is: 8745.27
reachable node size: 1134880
estimate influence by StopAlgorithm is: 9062.1
462 __ 2599486760
Sample num: 462
Sample num: 924
Sample num: 1848
Sample num: 3696
Sample num: 7392
Sample num: 14784
RR_num of lower bound:14784 max_num:2599486760
sample_num of upper bound:14784 max_num:2599486760
time:1221.12
upper's influence:8342.63
lower's influence:8057.93
orginal's influence:8193.74
PhysicalMem(MB) 957.312
VirtualMem(MB) 976.496
approximation: 0.344754
estimate influence by Mente-Carlo is: 6797.13
reachable node size: 1504285
estimate influence by StopAlgorithm is: 6932.9
475 __ 3545878563
Sample num: 475
Sample num: 950
Sample num: 1900
Sample num: 3800
Sample num: 7600
sample_num of upper bound:7600 max_num:3545878563
Sample num: 15200
RR_num of lower bound:15200 max_num:3545878563
time:1807.19
upper's influence:6252.56
lower's influence:6231.41
orginal's influence:6525.06
PhysicalMem(MB) 2520.97
VirtualMem(MB) 2531.83
approximation: 0.337418
ASSERT FAIL @ graph.h:29
estimate influence by Mente-Carlo is: 133.2
reachable node size: 4029
estimate influence by StopAlgorithm is: 132.01
255 __ 7727570
Sample num: 255
Sample num: 510
Sample num: 1020
Sample num: 2040
Sample num: 4080
RR_num of lower bound:4080 max_num:7727570
Sample num: 8160
sample_num of upper bound:8160 max_num:7727570
time:2.05989
upper's influence:109.431
lower's influence:101.039
orginal's influence:110.109
PhysicalMem(MB) 18.125
VirtualMem(MB) 28.0664
approximation: 0.214607
estimate influence by Mente-Carlo is: 216
reachable node size: 955
estimate influence by StopAlgorithm is: 218.31
203 __ 1134953
Sample num: 203
Sample num: 406
Sample num: 812
Sample num: 1624
Sample num: 3248
Sample num: 6496
RR_num of lower bound:6496 max_num:1134953
sample_num of upper bound:6496 max_num:1134953
time:1.44109
upper's influence:164.199
lower's influence:162.799
orginal's influence:162.419
PhysicalMem(MB) 7.94141
VirtualMem(MB) 17.8477
approximation: 0.264264
estimate influence by Mente-Carlo is: 2065.02
reachable node size: 52093
estimate influence by StopAlgorithm is: 2057
409 __ 105441261
Sample num: 409
Sample num: 818
Sample num: 1636
Sample num: 3272
Sample num: 6544
Sample num: 13088
RR_num of lower bound:13088 max_num:105441261
sample_num of upper bound:13088 max_num:105441261
time:163.434
upper's influence:1896.38
lower's influence:1945.11
orginal's influence:1918.54
PhysicalMem(MB) 199.348
VirtualMem(MB) 215.141
approximation: 0.32462
estimate influence by Mente-Carlo is: 622.749
reachable node size: 317070
estimate influence by StopAlgorithm is: 629.218
415 __ 652163107
Sample num: 415
Sample num: 830
Sample num: 1660
Sample num: 3320
Sample num: 6640
Sample num: 13280
sample_num of upper bound:13280 max_num:652163107
Sample num: 26560
RR_num of lower bound:26560 max_num:652163107
time:573.743
upper's influence:586.245
lower's influence:591.506
orginal's influence:590.831
PhysicalMem(MB) 291.953
VirtualMem(MB) 303.707
approximation: 0.238835
estimate influence by Mente-Carlo is: 965.662
reachable node size: 47666
estimate influence by StopAlgorithm is: 952.368
363 __ 85540261
Sample num: 363
Sample num: 726
Sample num: 1452
Sample num: 2904
Sample num: 5808
RR_num of lower bound:5808 max_num:85540261
sample_num of upper bound:5808 max_num:85540261
time:33.2043
upper's influence:778.035
lower's influence:762.235
orginal's influence:822.674
PhysicalMem(MB) 76.3281
VirtualMem(MB) 86.3008
approximation: 0.318792
estimate influence by Mente-Carlo is: 1177.65
reachable node size: 218111
estimate influence by StopAlgorithm is: 1224.11
411 __ 443918016
Sample num: 411
Sample num: 822
Sample num: 1644
RR_num of lower bound:1644 max_num:443918016
sample_num of upper bound:1644 max_num:443918016
time:43.5677
upper's influence:565.226
lower's influence:554.391
orginal's influence:768.092
PhysicalMem(MB) 277.566
VirtualMem(MB) 293.008
approximation: 0.345424
estimate influence by Mente-Carlo is: 1608.25
reachable node size: 81294
estimate influence by StopAlgorithm is: 1585.12
365 __ 146918702
Sample num: 365
Sample num: 730
Sample num: 1460
Sample num: 2920
RR_num of lower bound:2920 max_num:146918702
sample_num of upper bound:2920 max_num:146918702
time:21.2716
upper's influence:1246.99
lower's influence:1245.24
orginal's influence:1444.57
PhysicalMem(MB) 148.727
VirtualMem(MB) 159.027
approximation: 0.331474
estimate influence by Mente-Carlo is: 66.3275
reachable node size: 2314
estimate influence by StopAlgorithm is: 64.9718
276 __ 4192068
Sample num: 276
Sample num: 552
Sample num: 1104
Sample num: 2208
RR_num of lower bound:2208 max_num:4192068
sample_num of upper bound:2208 max_num:4192068
time:1.17406
upper's influence:53.4559
lower's influence:52.9412
orginal's influence:58.1202
PhysicalMem(MB) 14.0234
VirtualMem(MB) 23.9492
approximation: 0.169705
estimate influence by Mente-Carlo is: 8781.35
reachable node size: 1134880
estimate influence by StopAlgorithm is: 8755.93
462 __ 2599486760
Sample num: 462
Sample num: 924
Sample num: 1848
Sample num: 3696
Sample num: 7392
Sample num: 14784
RR_num of lower bound:14784 max_num:2599486760
sample_num of upper bound:14784 max_num:2599486760
time:1224.13
upper's influence:8102.99
lower's influence:7981.68
orginal's influence:7990.99
PhysicalMem(MB) 956.336
VirtualMem(MB) 976.535
approximation: 0.344459
Sample num: 31872
RR_num of lower bound:31872 max_num:7598066753
sample_num of upper bound:31872 max_num:7598066753
time:32024.4
upper's influence:102901
estimate influence by Mente-Carlo is: 6832.64
reachable node size: 1504285
lower's influence:105421
orginal's influence:105274
PhysicalMem(MB) 14646.7
VirtualMem(MB) 14731.6
estimate influence by StopAlgorithm is: 6901.66
475 __ 3545878563
Sample num: 475
Sample num: 950
Sample num: 1900
Sample num: 3800
Sample num: 7600
RR_num of lower bound:7600 max_num:3545878563
Sample num: 15200
sample_num of upper bound:15200 max_num:3545878563
time:1331.44
upper's influence:6309.55
lower's influence:6406.06
orginal's influence:6373.66
PhysicalMem(MB) 2519.38
VirtualMem(MB) 2531.15
approximation: 0.33674
ASSERT FAIL @ graph.h:29
estimate influence by Mente-Carlo is: 133.767
reachable node size: 4029
estimate influence by StopAlgorithm is: 133.364
255 __ 7727570
Sample num: 255
Sample num: 510
Sample num: 1020
Sample num: 2040
Sample num: 4080
Sample num: 8160
RR_num of lower bound:8160 max_num:7727570
sample_num of upper bound:8160 max_num:7727570
time:2.85983
upper's influence:103.093
lower's influence:102.721
orginal's influence:111.286
PhysicalMem(MB) 19.0039
VirtualMem(MB) 28.7812
approximation: 0.212996
estimate influence by Mente-Carlo is: 215.056
reachable node size: 955
estimate influence by StopAlgorithm is: 221.898
203 __ 1134953
Sample num: 203
Sample num: 406
Sample num: 812
Sample num: 1624
Sample num: 3248
RR_num of lower bound:3248 max_num:1134953
sample_num of upper bound:3248 max_num:1134953
time:0.656113
upper's influence:156.65
lower's influence:164.479
orginal's influence:151.739
PhysicalMem(MB) 6.75781
VirtualMem(MB) 16.793
approximation: 0.261955
estimate influence by Mente-Carlo is: 2069.03
reachable node size: 52093
estimate influence by StopAlgorithm is: 2070.42
409 __ 105441261
Sample num: 409
Sample num: 818
Sample num: 1636
Sample num: 3272
Sample num: 6544
Sample num: 13088
RR_num of lower bound:13088 max_num:105441261
sample_num of upper bound:13088 max_num:105441261
time:158.653
upper's influence:1938.67
lower's influence:1905.09
orginal's influence:1952.15
PhysicalMem(MB) 195.387
VirtualMem(MB) 215.121
approximation: 0.324397
estimate influence by Mente-Carlo is: 621.154
reachable node size: 317070
estimate influence by StopAlgorithm is: 601.347
415 __ 652163107
Sample num: 415
Sample num: 830
Sample num: 1660
Sample num: 3320
Sample num: 6640
Sample num: 13280
RR_num of lower bound:13280 max_num:652163107
sample_num of upper bound:13280 max_num:652163107
time:328.274
upper's influence:585.213
lower's influence:591.413
orginal's influence:619.36
PhysicalMem(MB) 289.195
VirtualMem(MB) 300.75
approximation: 0.236572
estimate influence by Mente-Carlo is: 970.305
reachable node size: 47666
estimate influence by StopAlgorithm is: 978.191
363 __ 85540261
Sample num: 363
Sample num: 726
Sample num: 1452
Sample num: 2904
Sample num: 5808
RR_num of lower bound:5808 max_num:85540261
sample_num of upper bound:5808 max_num:85540261
time:33.3164
upper's influence:799.67
lower's influence:768.193
orginal's influence:809.306
PhysicalMem(MB) 76.4141
VirtualMem(MB) 86.3125
approximation: 0.316814
estimate influence by Mente-Carlo is: 1177.14
reachable node size: 218111
estimate influence by StopAlgorithm is: 1208.2
411 __ 443918016
Sample num: 411
Sample num: 822
Sample num: 1644
RR_num of lower bound:1644 max_num:443918016
sample_num of upper bound:1644 max_num:443918016
time:43.2306
upper's influence:544.404
lower's influence:567.324
orginal's influence:751.355
PhysicalMem(MB) 277.441
VirtualMem(MB) 293.004
approximation: 0.34797
estimate influence by Mente-Carlo is: 1601.26
reachable node size: 81294
estimate influence by StopAlgorithm is: 1602.46
365 __ 146918702
Sample num: 365
Sample num: 730
Sample num: 1460
Sample num: 2920
RR_num of lower bound:2920 max_num:146918702
sample_num of upper bound:2920 max_num:146918702
time:23.7679
upper's influence:1279.89
lower's influence:1272.33
orginal's influence:1404.63
PhysicalMem(MB) 148.859
VirtualMem(MB) 158.957
approximation: 0.330651
estimate influence by Mente-Carlo is: 66.1282
reachable node size: 2314
estimate influence by StopAlgorithm is: 68.7624
276 __ 4192068
Sample num: 276
Sample num: 552
Sample num: 1104
Sample num: 2208
RR_num of lower bound:2208 max_num:4192068
sample_num of upper bound:2208 max_num:4192068
time:1.25215
upper's influence:54.8446
lower's influence:52.4664
orginal's influence:57.8944
PhysicalMem(MB) 14.0664
VirtualMem(MB) 23.9453
approximation: 0.168201
estimate influence by Mente-Carlo is: 8805.12
reachable node size: 1134880
estimate influence by StopAlgorithm is: 8864.24
462 __ 2599486760
Sample num: 462
Sample num: 924
Sample num: 1848
Sample num: 3696
Sample num: 7392
Sample num: 14784
RR_num of lower bound:14784 max_num:2599486760
Sample num: 29568
sample_num of upper bound:29568 max_num:2599486760
time:1703.61
upper's influence:7930.54
lower's influence:8135.74
orginal's influence:8236.31
PhysicalMem(MB) 976.797
VirtualMem(MB) 994.473
approximation: 0.344618
estimate influence by Mente-Carlo is: 6830.8
reachable node size: 1504285
estimate influence by StopAlgorithm is: 6817.14
475 __ 3545878563
Sample num: 475
Sample num: 950
Sample num: 1900
Sample num: 3800
Sample num: 7600
sample_num of upper bound:7600 max_num:3545878563
Sample num: 15200
RR_num of lower bound:15200 max_num:3545878563
time:1908.08
upper's influence:6215.6
lower's influence:6316.13
orginal's influence:6430.08
PhysicalMem(MB) 2520.05
VirtualMem(MB) 2531.21
approximation: 0.281433
approximation: 0.336832
ASSERT FAIL @ graph.h:29
estimate influence by Mente-Carlo is: 133.165
reachable node size: 4029
estimate influence by StopAlgorithm is: 133.104
255 __ 7727570
Sample num: 255
Sample num: 510
Sample num: 1020
Sample num: 2040
Sample num: 4080
Sample num: 8160
RR_num of lower bound:8160 max_num:7727570
sample_num of upper bound:8160 max_num:7727570
time:2.9735
upper's influence:105.596
lower's influence:101.246
orginal's influence:108.353
PhysicalMem(MB) 19.0977
VirtualMem(MB) 28.8359
approximation: 0.212835
estimate influence by Mente-Carlo is: 215.826
reachable node size: 955
estimate influence by StopAlgorithm is: 219.269
203 __ 1134953
Sample num: 203
Sample num: 406
Sample num: 812
Sample num: 1624
Sample num: 3248
RR_num of lower bound:3248 max_num:1134953
sample_num of upper bound:3248 max_num:1134953
time:0.646912
upper's influence:166.257
lower's influence:165.592
orginal's influence:159.132
PhysicalMem(MB) 6.68359
VirtualMem(MB) 16.7695
approximation: 0.258917
estimate influence by Mente-Carlo is: 2072.81
reachable node size: 52093
estimate influence by StopAlgorithm is: 2054.93
409 __ 105441261
Sample num: 409
Sample num: 818
Sample num: 1636
Sample num: 3272
Sample num: 6544
RR_num of lower bound:6544 max_num:105441261
Sample num: 13088
sample_num of upper bound:13088 max_num:105441261
time:100.33
upper's influence:1943.73
lower's influence:1893.13
orginal's influence:1897.69
PhysicalMem(MB) 200.707
VirtualMem(MB) 215.148
approximation: 0.322852
estimate influence by Mente-Carlo is: 621.52
reachable node size: 317070
estimate influence by StopAlgorithm is: 624.634
415 __ 652163107
Sample num: 415
Sample num: 830
Sample num: 1660
Sample num: 3320
Sample num: 6640
Sample num: 13280
RR_num of lower bound:13280 max_num:652163107
sample_num of upper bound:13280 max_num:652163107
time:287.926
upper's influence:570.691
lower's influence:578.896
orginal's influence:610.494
PhysicalMem(MB) 289.082
VirtualMem(MB) 300.75
approximation: 0.243464
estimate influence by Mente-Carlo is: 964.916
reachable node size: 47666
estimate influence by StopAlgorithm is: 949.175
363 __ 85540261
Sample num: 363
Sample num: 726
Sample num: 1452
Sample num: 2904
Sample num: 5808
RR_num of lower bound:5808 max_num:85540261
sample_num of upper bound:5808 max_num:85540261
time:31.6545
upper's influence:787.076
lower's influence:786.754
orginal's influence:805.439
PhysicalMem(MB) 76.2734
VirtualMem(MB) 86.2969
approximation: 0.316829
estimate influence by Mente-Carlo is: 1176.46
reachable node size: 218111
estimate influence by StopAlgorithm is: 1216.82
411 __ 443918016
Sample num: 411
Sample num: 822
Sample num: 1644
RR_num of lower bound:1644 max_num:443918016
sample_num of upper bound:1644 max_num:443918016
time:43.1528
upper's influence:551.594
lower's influence:574.06
orginal's influence:772.494
PhysicalMem(MB) 277.793
VirtualMem(MB) 293.008
approximation: 0.349705
estimate influence by Mente-Carlo is: 1607.06
reachable node size: 81294
estimate influence by StopAlgorithm is: 1659.68
365 __ 146918702
Sample num: 365
Sample num: 730
Sample num: 1460
Sample num: 2920
RR_num of lower bound:2920 max_num:146918702
sample_num of upper bound:2920 max_num:146918702
time:22.5897
upper's influence:1240.33
lower's influence:1222.19
orginal's influence:1354.3
PhysicalMem(MB) 148.523
VirtualMem(MB) 158.969
approximation: 0.331951
estimate influence by Mente-Carlo is: 66.6124
reachable node size: 2314
estimate influence by StopAlgorithm is: 65.3182
276 __ 4192068
Sample num: 276
Sample num: 552
Sample num: 1104
Sample num: 2208
RR_num of lower bound:2208 max_num:4192068
Sample num: 4416
sample_num of upper bound:4416 max_num:4192068
time:1.31891
upper's influence:50.7777
lower's influence:53.1665
orginal's influence:60.0009
PhysicalMem(MB) 14.4727
VirtualMem(MB) 24.6836
approximation: 0.172307
estimate influence by Mente-Carlo is: 8800.8
reachable node size: 1134880
estimate influence by StopAlgorithm is: 8998.3
462 __ 2599486760
Sample num: 462
Sample num: 924
Sample num: 1848
Sample num: 3696
Sample num: 7392
Sample num: 14784
RR_num of lower bound:14784 max_num:2599486760
Sample num: 29568
sample_num of upper bound:29568 max_num:2599486760
time:1591.19
upper's influence:8057.82
lower's influence:8283.47
orginal's influence:8287.24
PhysicalMem(MB) 976.863
VirtualMem(MB) 994.473
approximation: 0.345074
estimate influence by Mente-Carlo is: 6859.26
reachable node size: 1504285
estimate influence by StopAlgorithm is: 6772.24
475 __ 3545878563
Sample num: 475
Sample num: 950
Sample num: 1900
Sample num: 3800
Sample num: 7600
Sample num: 15200
RR_num of lower bound:15200 max_num:3545878563
sample_num of upper bound:15200 max_num:3545878563
time:1874.88
upper's influence:6221.15
lower's influence:6136.65
orginal's influence:6426.17
PhysicalMem(MB) 2527.3
VirtualMem(MB) 2538.77
approximation: 0.336804
ASSERT FAIL @ graph.h:29
estimate influence by Mente-Carlo is: 134.572
reachable node size: 4029
estimate influence by StopAlgorithm is: 137.444
255 __ 7727570
Sample num: 255
Sample num: 510
Sample num: 1020
Sample num: 2040
Sample num: 4080
Sample num: 8160
RR_num of lower bound:8160 max_num:7727570
sample_num of upper bound:8160 max_num:7727570
time:2.85652
upper's influence:103.383
lower's influence:103.294
orginal's influence:108.299
PhysicalMem(MB) 18.9766
VirtualMem(MB) 28.8203
approximation: 0.211919
estimate influence by Mente-Carlo is: 216.089
reachable node size: 955
estimate influence by StopAlgorithm is: 213.81
203 __ 1134953
Sample num: 203
Sample num: 406
Sample num: 812
Sample num: 1624
Sample num: 3248
sample_num of upper bound:3248 max_num:1134953
Sample num: 6496
RR_num of lower bound:6496 max_num:1134953
time:1.23524
upper's influence:156.862
lower's influence:161.874
orginal's influence:161.708
PhysicalMem(MB) 7.35156
VirtualMem(MB) 17.2656
approximation: 0.26048
estimate influence by Mente-Carlo is: 2072.33
reachable node size: 52093
estimate influence by StopAlgorithm is: 2156.8
409 __ 105441261
Sample num: 409
Sample num: 818
Sample num: 1636
Sample num: 3272
Sample num: 6544
Sample num: 13088
RR_num of lower bound:13088 max_num:105441261
sample_num of upper bound:13088 max_num:105441261
time:160.199
upper's influence:1865.59
lower's influence:1859.9
orginal's influence:1955.72
PhysicalMem(MB) 200.816
VirtualMem(MB) 215.148
approximation: 0.324919
estimate influence by Mente-Carlo is: 622.077
reachable node size: 317070
estimate influence by StopAlgorithm is: 628.783
415 __ 652163107
Sample num: 415
Sample num: 830
Sample num: 1660
Sample num: 3320
Sample num: 6640
Sample num: 13280
RR_num of lower bound:13280 max_num:652163107
sample_num of upper bound:13280 max_num:652163107
time:297.108
upper's influence:575.137
lower's influence:581.975
orginal's influence:602.495
PhysicalMem(MB) 289.246
VirtualMem(MB) 300.75
approximation: 0.239032
estimate influence by Mente-Carlo is: 962.131
reachable node size: 47666
estimate influence by StopAlgorithm is: 964.841
363 __ 85540261
Sample num: 363
Sample num: 726
Sample num: 1452
Sample num: 2904
Sample num: 5808
RR_num of lower bound:5808 max_num:85540261
sample_num of upper bound:5808 max_num:85540261
time:32.9628
upper's influence:776.453
lower's influence:785.226
orginal's influence:838.837
PhysicalMem(MB) 74.6836
VirtualMem(MB) 84.7031
approximation: 0.316832
estimate influence by Mente-Carlo is: 1179.61
reachable node size: 218111
estimate influence by StopAlgorithm is: 1182.34
411 __ 443918016
Sample num: 411
Sample num: 822
Sample num: 1644
RR_num of lower bound:1644 max_num:443918016
sample_num of upper bound:1644 max_num:443918016
time:42.2798
upper's influence:543.723
lower's influence:543.071
orginal's influence:757.731
PhysicalMem(MB) 277.617
VirtualMem(MB) 293.004
approximation: 0.346326
estimate influence by Mente-Carlo is: 1612.57
reachable node size: 81294
estimate influence by StopAlgorithm is: 1628.42
365 __ 146918702
Sample num: 365
Sample num: 730
Sample num: 1460
Sample num: 2920
RR_num of lower bound:2920 max_num:146918702
sample_num of upper bound:2920 max_num:146918702
time:21.6219
upper's influence:1223.58
lower's influence:1287.56
orginal's influence:1368.25
PhysicalMem(MB) 148.68
VirtualMem(MB) 159.043
approximation: 0.331625
estimate influence by Mente-Carlo is: 66.3621
reachable node size: 2314
estimate influence by StopAlgorithm is: 64.8388
276 __ 4192068
Sample num: 276
Sample num: 552
Sample num: 1104
Sample num: 2208
RR_num of lower bound:2208 max_num:4192068
sample_num of upper bound:2208 max_num:4192068
time:1.19321
upper's influence:54.8164
lower's influence:53.4361
orginal's influence:60.0342
PhysicalMem(MB) 14.1289
VirtualMem(MB) 23.9492
approximation: 0.16601
estimate influence by Mente-Carlo is: 8804.11
reachable node size: 1134880
estimate influence by StopAlgorithm is: 8845.96
462 __ 2599486760
Sample num: 462
Sample num: 924
Sample num: 1848
Sample num: 3696
Sample num: 7392
Sample num: 14784
RR_num of lower bound:14784 max_num:2599486760
Sample num: 29568
sample_num of upper bound:29568 max_num:2599486760
time:1388.48
upper's influence:8162.97
lower's influence:8134.66
orginal's influence:8296.23
PhysicalMem(MB) 1031.68
VirtualMem(MB) 1047.79
approximation: 0.345067
estimate influence by Mente-Carlo is: 6833.97
reachable node size: 1504285
estimate influence by StopAlgorithm is: 6696.32
475 __ 3545878563
Sample num: 475
Sample num: 950
Sample num: 1900
Sample num: 3800
Sample num: 7600
RR_num of lower bound:7600 max_num:3545878563
Sample num: 15200
sample_num of upper bound:15200 max_num:3545878563
time:1331.64
upper's influence:6197.95
lower's influence:6256.13
orginal's influence:6544.24
PhysicalMem(MB) 2519.9
VirtualMem(MB) 2531.39
approximation: 0.336937
ASSERT FAIL @ graph.h:29
estimate influence by Mente-Carlo is: 6019.68
reachable node size: 3072431
estimate influence by StopAlgorithm is: 6161.07
498 __ 10200054218
Sample num: 498
Sample num: 996
Sample num: 1992
Sample num: 3984
Sample num: 7968
Sample num: 15936
Sample num: 31872
RR_num of lower bound:31872 max_num:10200054218
sample_num of upper bound:31872 max_num:10200054218
time:12150.6
upper's influence:5475.76
lower's influence:5366.92
orginal's influence:5530.54
PhysicalMem(MB) 14640.8
VirtualMem(MB) 14734.2
approximation: 0.330709
estimate influence by Mente-Carlo is: 1177.69
reachable node size: 218111
estimate influence by StopAlgorithm is: 1164.53
1392 __ 302156246
Sample num: 1392
RR_num of lower bound:1392 max_num:302156246
sample_num of upper bound:1392 max_num:302156246
time:39.091
upper's influence:342.264
estimate influence by Mente-Carlo is: 6066.95
reachable node size: 3072431
lower's influence:351.065
orginal's influence:365.157
PhysicalMem(MB) 277.5
VirtualMem(MB) 293.078
approximation: 0.340561
estimate influence by Mente-Carlo is: 1620.28
reachable node size: 81294
estimate influence by StopAlgorithm is: 1650.33
1206 __ 97520518
Sample num: 1206
Sample num: 2412
Sample num: 4824
RR_num of lower bound:4824 max_num:97520518
sample_num of upper bound:4824 max_num:97520518
time:43.1466
upper's influence:918.782
lower's influence:907.719
orginal's influence:1247.91
PhysicalMem(MB) 148.082
VirtualMem(MB) 158.566
approximation: 0.314399
estimate influence by Mente-Carlo is: 8805.37
reachable node size: 1134880
estimate influence by StopAlgorithm is: 8609.7
1600 __ 1808015522
Sample num: 1600
estimate influence by StopAlgorithm is: 6070.33
1748 __ 7772633054
Sample num: 3200
Sample num: 6400
Sample num: 1748
Sample num: 12800
RR_num of lower bound:12800 max_num:1808015522
sample_num of upper bound:12800 max_num:1808015522
time:1056.57
upper's influence:7287.99
Sample num: 3496
lower's influence:7060.87
orginal's influence:7416.54
PhysicalMem(MB) 1004.33
VirtualMem(MB) 1020.93
approximation: 0.332212
estimate influence by Mente-Carlo is: 6842.07
reachable node size: 1504285
estimate influence by StopAlgorithm is: 6795.39
1654 __ 2490582797
Sample num: 1654
Sample num: 6992
Sample num: 3308
Sample num: 6616
RR_num of lower bound:6616 max_num:2490582797
sample_num of upper bound:6616 max_num:2490582797
time:1600.81
upper's influence:5486.35
lower's influence:5438.43
orginal's influence:5837.32
PhysicalMem(MB) 2513.14
VirtualMem(MB) 2525.3
Sample num: 13984
RR_num of lower bound:13984 max_num:7772633054
approximation: 0.329195
estimate influence by Mente-Carlo is: 6029.59
reachable node size: 3072431
estimate influence by StopAlgorithm is: 6114.95
1748 __ 7772633054
Sample num: 1748
Sample num: 27968
sample_num of upper bound:27968 max_num:7772633054
time:10122.3
upper's influence:4865.76
Sample num: 3496
lower's influence:4859.29
orginal's influence:5515.35
PhysicalMem(MB) 14637.1
VirtualMem(MB) 14730.7
Sample num: 6992
Sample num: 13984
approximation: 0.321085
Sample num: 27968
RR_num of lower bound:27968 max_num:7772633054
sample_num of upper bound:27968 max_num:7772633054
time:13469.7
upper's influence:4664.04
lower's influence:4608.68
orginal's influence:5646.65
PhysicalMem(MB) 14637.9
VirtualMem(MB) 14733.3
approximation: 0.323333
estimate influence by Mente-Carlo is: 1176.13
reachable node size: 218111
estimate influence by StopAlgorithm is: 1164.64
1392 __ 302156246
Sample num: 1392
RR_num of lower bound:1392 max_num:302156246
sample_num of upper bound:1392 max_num:302156246
time:85.4122
upper's influence:340.152
lower's influence:373.964
orginal's influence:362.843
PhysicalMem(MB) 277.504
VirtualMem(MB) 293.078
approximation: 0.340404
estimate influence by Mente-Carlo is: 1599.62
reachable node size: 81294
estimate influence by StopAlgorithm is: 1652.32
1206 __ 97520518
Sample num: 1206
Sample num: 2412
Sample num: 4824
RR_num of lower bound:4824 max_num:97520518
sample_num of upper bound:4824 max_num:97520518
time:109.434
upper's influence:909.386
lower's influence:916.977
orginal's influence:1215.58
PhysicalMem(MB) 148.301
VirtualMem(MB) 158.656
approximation: 0.314853
estimate influence by Mente-Carlo is: 8834.48
reachable node size: 1134880
estimate influence by StopAlgorithm is: 8936.22
1600 __ 1808015522
Sample num: 1600
Sample num: 3200
Sample num: 6400
Sample num: 12800
RR_num of lower bound:12800 max_num:1808015522
sample_num of upper bound:12800 max_num:1808015522
time:2470.12
upper's influence:7497.79
lower's influence:7476.13
orginal's influence:7478.21
PhysicalMem(MB) 957.227
VirtualMem(MB) 976.566
approximation: 0.332924
estimate influence by Mente-Carlo is: 6907.38
reachable node size: 1504285
estimate influence by StopAlgorithm is: 6711.52
1654 __ 2490582797
Sample num: 1654
Sample num: 3308
Sample num: 6616
RR_num of lower bound:6616 max_num:2490582797
sample_num of upper bound:6616 max_num:2490582797
time:1973.94
upper's influence:5303.53
lower's influence:5265.08
orginal's influence:5929.19
PhysicalMem(MB) 2511.73
VirtualMem(MB) 2523.81
approximation: 0.3294
estimate influence by Mente-Carlo is: 6021.84
reachable node size: 3072431
estimate influence by StopAlgorithm is: 6015.44
1748 __ 7772633054
Sample num: 1748
Sample num: 3496
Sample num: 6992
Sample num: 13984
Sample num: 27968
RR_num of lower bound:27968 max_num:7772633054
sample_num of upper bound:27968 max_num:7772633054
time:15776.2
upper's influence:4643.77
lower's influence:4620.25
orginal's influence:5566.89
PhysicalMem(MB) 14639.4
VirtualMem(MB) 14733.1
approximation: 0.322544
estimate influence by Mente-Carlo is: 1176.69
reachable node size: 218111
estimate influence by StopAlgorithm is: 1162.37
1392 __ 302156246
Sample num: 1392
RR_num of lower bound:1392 max_num:302156246
sample_num of upper bound:1392 max_num:302156246
time:87.7705
upper's influence:346.998
lower's influence:353.336
orginal's influence:365.771
PhysicalMem(MB) 290.602
VirtualMem(MB) 306.027
approximation: 0.338342
estimate influence by Mente-Carlo is: 1606.91
reachable node size: 81294
estimate influence by StopAlgorithm is: 1637.52
1206 __ 97520518
Sample num: 1206
Sample num: 2412
Sample num: 4824
RR_num of lower bound:4824 max_num:97520518
sample_num of upper bound:4824 max_num:97520518
time:107.092
upper's influence:916.454
lower's influence:906.083
orginal's influence:1244.13
PhysicalMem(MB) 148.137
VirtualMem(MB) 158.578
approximation: 0.314344
estimate influence by Mente-Carlo is: 8794.5
reachable node size: 1134880
estimate influence by StopAlgorithm is: 8827.52
1600 __ 1808015522
Sample num: 1600
Sample num: 3200
Sample num: 6400
Sample num: 12800
RR_num of lower bound:12800 max_num:1808015522
sample_num of upper bound:12800 max_num:1808015522
time:2532.19
upper's influence:7270.47
lower's influence:7306.02
orginal's influence:7336.96
PhysicalMem(MB) 955.965
VirtualMem(MB) 976.566
approximation: 0.333013
estimate influence by Mente-Carlo is: 6812.46
reachable node size: 1504285
estimate influence by StopAlgorithm is: 6858.05
1654 __ 2490582797
Sample num: 1654
Sample num: 3308
Sample num: 6616
RR_num of lower bound:6616 max_num:2490582797
sample_num of upper bound:6616 max_num:2490582797
time:2103.86
upper's influence:5456.61
lower's influence:5305.63
orginal's influence:5820.4
PhysicalMem(MB) 2511.83
VirtualMem(MB) 2523.88
approximation: 0.329021
estimate influence by Mente-Carlo is: 6017.61
reachable node size: 3072431
estimate influence by StopAlgorithm is: 5953.46
1748 __ 7772633054
Sample num: 1748
Sample num: 3496
Sample num: 6992
