estimate influence by Mente-Carlo is: 132.869
reachable node size: 4029
estimate influence by StopAlgorithm is: 131.418
166 __ 9937714
Sample num: 166
lower ratio:0.0760146
upper ratio:1.25694e-17
Sample num: 332
lower ratio:0.172432
upper ratio:9.83339e-18
Sample num: 664
lower ratio:0.305148
upper ratio:-0.0111099
Sample num: 1328
lower ratio:0.412422
upper ratio:-0.0100027
Sample num: 2656
lower ratio:0.491783
upper ratio:-0.00314303
Sample num: 5312
lower ratio:0.587909
RR_num of lower bound:5312 max_num:9937714
upper ratio:0.0535266
Sample num: 10624
upper ratio:0.193169
Sample num: 21248
upper ratio:0.389352
Sample num: 42496
upper ratio:0.537097
RR_num of upper bound: 42496
upper's influence:106.811
lower's influence:108.457
estimate influence by Mente-Carlo is: 134.127
reachable node size: 4029
orginal's influence:113.714
PhysicalMem(MB) 145.801
VirtualMem(MB) 173.188
time:5.42229
tmp: 0.356213
estimate influence by StopAlgorithm is: 135.967
255 __ 7727570
Sample num: 255
lower ratio:0.125804
upper ratio:-2.87912e-18
Sample num: 510
lower ratio:0.232284
upper ratio:-0.0138558
Sample num: 1020
lower ratio:0.333593
upper ratio:-0.00969278
Sample num: 2040
lower ratio:0.419037
upper ratio:0.0157416
Dsu_bu: 29.9437
Ds_bu25.9288
approximation ratio: 0.308451
Sample num: 4080
lower ratio:0.516321
upper ratio:0.0661815
Sample num: 8160
lower ratio:0.577268
RR_num of lower bound:8160 max_num:7727570
upper ratio:0.189176
Sample num: 16320
upper ratio:0.263296
estimate influence by Mente-Carlo is: 215.249
reachable node size: 955
estimate influence by StopAlgorithm is: 221.829
136 __ 1336951
Sample num: 136
lower ratio:0.067489
upper ratio:-0.0109808
Sample num: 272
lower ratio:0.149761
upper ratio:0.028345
Sample num: 544
lower ratio:0.250612
upper ratio:0.0685619
Sample num: 1088
lower ratio:0.355319
upper ratio:0.179223
Sample num: 32640
upper ratio:0.416032
Sample num: 2176
lower ratio:0.428531
upper ratio:0.303147
Sample num: 4352
lower ratio:0.502554
upper ratio:0.420294
Sample num: 8704
lower ratio:0.550496
RR_num of lower bound:8704 max_num:1336951
upper ratio:0.506651
Sample num: 17408
upper ratio:0.542257
RR_num of upper bound: 17408
upper's influence:177.192
lower's influence:183.381
orginal's influence:177.336
PhysicalMem(MB) 274.941
VirtualMem(MB) 308.879
time:2.64123
tmp: 0.356213
Sample num: 65280
upper ratio:0.54836
RR_num of upper bound: 65280
upper's influence:108.046
lower's influence:106.615
Dsu_bu: 52.0435
Ds_bu42.1083
approximation ratio: 0.288211
orginal's influence:102.843
PhysicalMem(MB) 216.004
VirtualMem(MB) 226.32
time:7.86838
tmp: 0.356213
Dsu_bu: 48.4911
Ds_bu29.4784
approximation ratio: 0.216547
estimate influence by Mente-Carlo is: 2071.62
reachable node size: 52093
estimate influence by Mente-Carlo is: 215.083
reachable node size: 955
estimate influence by StopAlgorithm is: 217.624
203 __ 1134953
Sample num: 203
lower ratio:0.138513
upper ratio:0.0213887
Sample num: 406
lower ratio:0.220181
upper ratio:0.0275093
Sample num: 812
lower ratio:0.305755
upper ratio:0.112142
Sample num: 1624
lower ratio:0.389243
upper ratio:0.194549
Sample num: 3248
lower ratio:0.45245
upper ratio:0.357058
Sample num: 6496
lower ratio:0.512936
upper ratio:0.489957
Sample num: 12992
lower ratio:0.559893
RR_num of lower bound:12992 max_num:1134953
upper ratio:0.559821
RR_num of upper bound: 12992
upper's influence:164.028
lower's influence:164.09
orginal's influence:163.982
PhysicalMem(MB) 401.148
VirtualMem(MB) 499.934
time:2.9232
tmp: 0.356213
Dsu_bu: 74.9144
Ds_bu56.7096
approximation ratio: 0.26965
estimate influence by StopAlgorithm is: 2058.81
256 __ 131724550
estimate influence by Mente-Carlo is: 2073.84
reachable node size: 52093
Sample num: 256
lower ratio:-0.00752883
upper ratio:0
Sample num: 512
lower ratio:0.0355942
upper ratio:0
estimate influence by StopAlgorithm is: 2106.42
409 __ 105441261
Sample num: 409
lower ratio:0.0640172
upper ratio:-0.00711681
Sample num: 1024
lower ratio:0.0941658
upper ratio:0
Sample num: 818
lower ratio:0.15006
upper ratio:-0.00584717
Sample num: 2048
lower ratio:0.201993
upper ratio:-0.00597086
Sample num: 1636
lower ratio:0.258153
upper ratio:-0.00962862
Sample num: 3272
lower ratio:0.375215
upper ratio:-0.0097973
Sample num: 4096
lower ratio:0.338126
upper ratio:-0.00789569
Sample num: 6544
lower ratio:0.45524
upper ratio:0.0116306
Sample num: 8192
lower ratio:0.437077
upper ratio:0.0056978
Sample num: 13088
lower ratio:0.538667
RR_num of lower bound:13088 max_num:105441261
upper ratio:0.0587928
Sample num: 26176
upper ratio:0.144977
Sample num: 16384
lower ratio:0.540875
RR_num of lower bound:16384 max_num:131724550
upper ratio:0.0412753
Sample num: 52352
upper ratio:0.309356
Sample num: 32768
upper ratio:0.170773
Sample num: 65536
upper ratio:0.355548
Sample num: 104704
upper ratio:0.502939
Sample num: 131072
upper ratio:0.456026
Sample num: 209408
upper ratio:0.613521
RR_num of upper bound: 209408
upper's influence:1850.9
lower's influence:1941.49
orginal's influence:1950.44
PhysicalMem(MB) 3622.18
VirtualMem(MB) 3938.24
time:425.005
tmp: 0.356213
Dsu_bu: 177.228
Ds_bu227.108
approximation ratio: 0.456468
estimate influence by Mente-Carlo is: 618.737
reachable node size: 317070
estimate influence by StopAlgorithm is: 620.857
415 __ 652163107
Sample num: 415
lower ratio:0.0275841
upper ratio:8.07787e-18
Sample num: 830
lower ratio:0.102613
upper ratio:7.73868e-18
Sample num: 1660
lower ratio:0.218771
upper ratio:7.73868e-18
Sample num: 262144
upper ratio:0.543465
RR_num of upper bound: 262144
upper's influence:1957.75
lower's influence:1976.92
Sample num: 3320
lower ratio:0.318921
upper ratio:6.89652e-18
orginal's influence:1984.03
PhysicalMem(MB) 4476.59
VirtualMem(MB) 6008.94
time:530.09
tmp: 0.356213
Dsu_bu: 64.4
Ds_bu76.8487
approximation ratio: 0.42507
estimate influence by Mente-Carlo is: 625.655
reachable node size: 317070
Sample num: 6640
lower ratio:0.412446
upper ratio:5.56397e-18
estimate influence by StopAlgorithm is: 609.738
260 __ 813887461
Sample num: 260
lower ratio:-0.0149865
upper ratio:-5.90438e-18
Sample num: 520
lower ratio:0.0057926
upper ratio:-5.90438e-18
Sample num: 1040
lower ratio:0.0823876
upper ratio:-5.62349e-18
Sample num: 2080
lower ratio:0.176748
upper ratio:-5.37301e-18
Sample num: 4160
lower ratio:0.281221
upper ratio:-4.28807e-18
Sample num: 13280
lower ratio:0.522033
upper ratio:4.80949e-18
Sample num: 8320
lower ratio:0.422047
upper ratio:-4.28807e-18
Sample num: 16640
lower ratio:0.511985
upper ratio:-4.1543e-18
Sample num: 26560
lower ratio:0.587361
RR_num of lower bound:26560 max_num:652163107
upper ratio:4.6065e-18
Sample num: 53120
upper ratio:3.64214e-18
Sample num: 106240
upper ratio:-0.00759699
Sample num: 33280
lower ratio:0.580838
RR_num of lower bound:33280 max_num:813887461
upper ratio:-3.70317e-18
Sample num: 66560
upper ratio:-0.00920374
Sample num: 212480
upper ratio:0.0036994
Sample num: 133120
upper ratio:-0.0107022
Sample num: 266240
upper ratio:-0.000541284
Sample num: 424960
upper ratio:0.076238
Sample num: 532480
upper ratio:0.0353571
Sample num: 849920
upper ratio:0.217135
Sample num: 1064960
upper ratio:0.144401
Sample num: 1699840
upper ratio:0.373949
Sample num: 2129920
upper ratio:0.2312
Sample num: 3399680
upper ratio:0.468138
Sample num: 4259840
upper ratio:0.444582
Sample num: 6799360
upper ratio:0.598182
RR_num of upper bound: 6799360
upper's influence:582.399
lower's influence:582.617
orginal's influence:596.911
PhysicalMem(MB) 3053.2
VirtualMem(MB) 3082.95
time:10287.4
tmp: 0.356213
Dsu_bu: 38.5901
Ds_bu36.7012
approximation ratio: 0.338778
estimate influence by Mente-Carlo is: 967.284
reachable node size: 47666
estimate influence by StopAlgorithm is: 993.305
363 __ 85540261
Sample num: 363
lower ratio:0.143318
upper ratio:5.12561e-18
Sample num: 726
lower ratio:0.223423
upper ratio:4.29781e-18
Sample num: 1452
lower ratio:0.349853
upper ratio:3.09514e-18
Sample num: 2904
lower ratio:0.410047
upper ratio:-0.00733281
Sample num: 5808
lower ratio:0.498752
upper ratio:0.00455761
Sample num: 11616
lower ratio:0.521404
upper ratio:0.0866037
Sample num: 23232
lower ratio:0.559672
RR_num of lower bound:23232 max_num:85540261
upper ratio:0.184394
Sample num: 46464
upper ratio:0.328171
Sample num: 92928
upper ratio:0.402531
Sample num: 185856
upper ratio:0.529453
Sample num: 371712
upper ratio:0.585778
RR_num of upper bound: 371712
upper's influence:777.98
lower's influence:763.284
orginal's influence:834.761
PhysicalMem(MB) 4680.64
VirtualMem(MB) 5219.42
time:273.899
tmp: 0.356213
Dsu_bu: 180.941
Ds_bu238.549
approximation ratio: 0.469624
estimate influence by Mente-Carlo is: 1178.78
reachable node size: 218111
estimate influence by StopAlgorithm is: 1160.69
411 __ 443918016
Sample num: 411
lower ratio:0.331509
upper ratio:0
Sample num: 822
lower ratio:0.425561
upper ratio:0
Sample num: 1644
lower ratio:0.496473
upper ratio:-0.00749882
Sample num: 3288
lower ratio:0.553702
RR_num of lower bound:3288 max_num:443918016
upper ratio:-0.0105389
Sample num: 6576
upper ratio:0.00484012
Sample num: 13152
upper ratio:0.0643176
Sample num: 26304
upper ratio:0.167298
Sample num: 52608
upper ratio:0.283231
Sample num: 105216
upper ratio:0.407347
Sample num: 210432
upper ratio:0.531048
Sample num: 420864
upper ratio:0.601222
RR_num of upper bound: 420864
upper's influence:560.81
lower's influence:538.884
orginal's influence:735.872
PhysicalMem(MB) 933.695
VirtualMem(MB) 965.77
time:702.195
tmp: 0.356213
Dsu_bu: 417.56
Ds_bu602.01
approximation ratio: 0.513564
estimate influence by Mente-Carlo is: 1614.65
reachable node size: 81294
estimate influence by StopAlgorithm is: 1584.8
365 __ 146918702
Sample num: 365
lower ratio:0.22587
upper ratio:2.65365e-18
Sample num: 730
lower ratio:0.340337
upper ratio:-0.00891511
Sample num: 1460
lower ratio:0.423274
upper ratio:-0.0117861
Sample num: 2920
lower ratio:0.49472
upper ratio:-0.0103397
Sample num: 5840
lower ratio:0.550231
RR_num of lower bound:5840 max_num:146918702
upper ratio:0.00975244
Sample num: 11680
upper ratio:0.0726782
Sample num: 23360
upper ratio:0.190737
Sample num: 46720
upper ratio:0.351427
Sample num: 93440
upper ratio:0.465484
Sample num: 186880
upper ratio:0.551981
RR_num of upper bound: 186880
upper's influence:1280.32
lower's influence:1223.43
orginal's influence:1355.35
PhysicalMem(MB) 2163.41
VirtualMem(MB) 2515.46
time:198.567
tmp: 0.356213
Dsu_bu: 188.341
Ds_bu369.016
approximation ratio: 0.697927
estimate influence by Mente-Carlo is: 66.699
reachable node size: 2314
estimate influence by StopAlgorithm is: 67.5187
276 __ 4192068
Sample num: 276
lower ratio:0.146412
upper ratio:-5.85512e-18
Sample num: 552
lower ratio:0.243158
upper ratio:-0.00866963
Sample num: 1104
lower ratio:0.343782
upper ratio:-0.0095296
Sample num: 2208
lower ratio:0.44234
upper ratio:-0.00442294
Sample num: 4416
lower ratio:0.532145
RR_num of lower bound:4416 max_num:4192068
upper ratio:0.0221209
Sample num: 8832
upper ratio:0.0721818
Sample num: 17664
upper ratio:0.212251
Sample num: 35328
upper ratio:0.358979
Sample num: 70656
upper ratio:0.494154
Sample num: 141312
upper ratio:0.630259
RR_num of upper bound: 141312
upper's influence:53.2534
lower's influence:54.1272
orginal's influence:61.0273
PhysicalMem(MB) 46.5938
VirtualMem(MB) 57.1992
time:8.7512
tmp: 0.356213
Dsu_bu: 28.1542
Ds_bu14.0138
approximation ratio: 0.177306
estimate influence by Mente-Carlo is: 8853.42
reachable node size: 1134880
estimate influence by StopAlgorithm is: 8806.64
462 __ 2599486760
Sample num: 462
lower ratio:0.0482558
upper ratio:-0.00989905
Sample num: 924
lower ratio:0.13599
upper ratio:-0.00876405
Sample num: 1848
lower ratio:0.23032
upper ratio:-7.46211e-18
Sample num: 3696
lower ratio:0.306199
upper ratio:-0.00590054
Sample num: 7392
lower ratio:0.424092
upper ratio:-0.0135316
Sample num: 8519680
upper ratio:0.606851
RR_num of upper bound: 8519680
upper's influence:606.056
lower's influence:588.397
orginal's influence:617.138
PhysicalMem(MB) 3726.24
VirtualMem(MB) 4334.21
time:12915
tmp: 0.356213
Dsu_bu: 4.97431
Ds_bu18.8574
approximation ratio: 1.35039
estimate influence by Mente-Carlo is: 955.19
reachable node size: 47666
estimate influence by StopAlgorithm is: 936.845
229 __ 107749516
Sample num: 229
lower ratio:0.0569086
upper ratio:-1.0239e-17
Sample num: 458
lower ratio:0.0926711
upper ratio:-7.37818e-18
Sample num: 916
lower ratio:0.193863
upper ratio:-6.64181e-18
Sample num: 1832
lower ratio:0.341809
upper ratio:-0.00733392
Sample num: 3664
lower ratio:0.40403
upper ratio:-0.00720778
Sample num: 7328
lower ratio:0.470527
upper ratio:0.0234192
Sample num: 14656
lower ratio:0.534112
RR_num of lower bound:14656 max_num:107749516
upper ratio:0.0951512
Sample num: 29312
upper ratio:0.261314
Sample num: 58624
upper ratio:0.368893
Sample num: 117248
upper ratio:0.439526
Sample num: 14784
lower ratio:0.497916
upper ratio:-0.0120108
Sample num: 234496
upper ratio:0.529428
Sample num: 468992
upper ratio:0.614636
RR_num of upper bound: 468992
upper's influence:826.338
lower's influence:822.72
orginal's influence:873.54
PhysicalMem(MB) 2974.86
VirtualMem(MB) 3112.05
time:300.637
tmp: 0.356213
Dsu_bu: 76.7144
Ds_bu92.1756
approximation ratio: 0.428005
estimate influence by Mente-Carlo is: 1175.8
reachable node size: 218111
estimate influence by StopAlgorithm is: 1170.17
257 __ 554375779
Sample num: 257
lower ratio:0.236016
upper ratio:-6.26365e-18
Sample num: 514
lower ratio:0.331635
upper ratio:-5.94164e-18
Sample num: 1028
lower ratio:0.413435
upper ratio:-5.40405e-18
Sample num: 2056
lower ratio:0.488438
upper ratio:-4.97055e-18
Sample num: 4112
lower ratio:0.556986
RR_num of lower bound:4112 max_num:554375779
upper ratio:-0.0168392
Sample num: 8224
upper ratio:-0.00938715
Sample num: 16448
upper ratio:0.0739066
Sample num: 32896
upper ratio:0.188189
Sample num: 65792
upper ratio:0.315522
Sample num: 131584
upper ratio:0.409352
Sample num: 263168
upper ratio:0.550186
RR_num of upper bound: 263168
upper's influence:685.953
lower's influence:708.56
orginal's influence:853.093
PhysicalMem(MB) 1091.96
VirtualMem(MB) 1270.52
time:465.464
tmp: 0.356213
Dsu_bu: 321.543
Ds_bu472.133
approximation ratio: 0.52304
estimate influence by Mente-Carlo is: 1608.68
reachable node size: 81294
estimate influence by StopAlgorithm is: 1592.62
231 __ 184969613
Sample num: 231
lower ratio:0.103505
upper ratio:2.89243e-18
Sample num: 462
lower ratio:0.209439
upper ratio:-0.0096323
Sample num: 924
lower ratio:0.299032
upper ratio:2.20283e-18
Sample num: 1848
lower ratio:0.399395
upper ratio:-0.0129623
Sample num: 3696
lower ratio:0.474087
upper ratio:-0.0113643
Sample num: 7392
lower ratio:0.551896
RR_num of lower bound:7392 max_num:184969613
upper ratio:0.0149839
Sample num: 14784
upper ratio:0.104542
Sample num: 29568
upper ratio:0.22379
Sample num: 59136
upper ratio:0.364705
Sample num: 118272
upper ratio:0.493596
Sample num: 236544
upper ratio:0.657717
RR_num of upper bound: 236544
upper's influence:1336.56
lower's influence:1349.02
orginal's influence:1464.83
PhysicalMem(MB) 2686.67
VirtualMem(MB) 2924.29
time:241.266
tmp: 0.356213
Dsu_bu: 130.076
Ds_bu301.786
approximation ratio: 0.826445
estimate influence by Mente-Carlo is: 66.6849
reachable node size: 2314
estimate influence by StopAlgorithm is: 64.9078
178 __ 4877487
Sample num: 178
lower ratio:0.0925901
upper ratio:0
Sample num: 356
lower ratio:0.175219
upper ratio:0
Sample num: 712
lower ratio:0.258682
upper ratio:0
Sample num: 1424
lower ratio:0.376786
upper ratio:-0.0121504
Sample num: 2848
lower ratio:0.495673
upper ratio:-0.00743098
Sample num: 5696
lower ratio:0.561376
RR_num of lower bound:5696 max_num:4877487
upper ratio:0.0214056
Sample num: 11392
upper ratio:0.134362
Sample num: 22784
upper ratio:0.193033
Sample num: 45568
upper ratio:0.473142
Sample num: 91136
upper ratio:0.561122
RR_num of upper bound: 91136
upper's influence:56.6529
lower's influence:57.2956
orginal's influence:62.855
PhysicalMem(MB) 59.4531
VirtualMem(MB) 75.0625
time:6.40397
tmp: 0.356213
Dsu_bu: 12.9931
Ds_bu6.65362
approximation ratio: 0.182413
estimate influence by Mente-Carlo is: 8805.36
reachable node size: 1134880
estimate influence by StopAlgorithm is: 8831.88
287 __ 3223023447
Sample num: 287
lower ratio:-0.00870811
upper ratio:1.05174e-17
Sample num: 574
lower ratio:0.0441204
upper ratio:9.67669e-18
Sample num: 1148
lower ratio:0.119885
upper ratio:8.6758e-18
Sample num: 2296
lower ratio:0.210857
upper ratio:8.13259e-18
Sample num: 4592
lower ratio:0.320033
upper ratio:7.88962e-18
Sample num: 29568
lower ratio:0.562557
RR_num of lower bound:29568 max_num:2599486760
upper ratio:0.00222175
Sample num: 9184
lower ratio:0.451954
upper ratio:-0.00663889
Sample num: 59136
upper ratio:0.0403959
Sample num: 118272
upper ratio:0.135434
Sample num: 18368
lower ratio:0.501993
upper ratio:-0.0146203
Sample num: 236544
upper ratio:0.246108
Sample num: 36736
lower ratio:0.545966
RR_num of lower bound:36736 max_num:3223023447
upper ratio:0.00982151
Sample num: 73472
upper ratio:0.0508761
Sample num: 473088
upper ratio:0.434955
Sample num: 146944
upper ratio:0.150221
Sample num: 946176
upper ratio:0.562282
RR_num of upper bound: 946176
upper's influence:7858.83
lower's influence:8020.63
orginal's influence:8447.03
PhysicalMem(MB) 47639.3
VirtualMem(MB) 48081.9
time:11553.7
tmp: 0.356213
Dsu_bu: 633.164
Ds_bu795.56
approximation ratio: 0.447576
estimate influence by Mente-Carlo is: 6804.14
reachable node size: 1504285
estimate influence by StopAlgorithm is: 6624.95
475 __ 3545878563
Sample num: 475
lower ratio:0.0574134
upper ratio:-2.27422e-17
Sample num: 950
lower ratio:0.166542
upper ratio:-2.16723e-17
Sample num: 1900
lower ratio:0.300526
upper ratio:-2.0718e-17
Sample num: 3800
lower ratio:0.403099
upper ratio:-1.43453e-17
Sample num: 7600
lower ratio:0.480983
upper ratio:-1.21598e-17
Sample num: 15200
lower ratio:0.566078
RR_num of lower bound:15200 max_num:3545878563
upper ratio:-0.00561182
Sample num: 293888
upper ratio:0.257662
Sample num: 30400
upper ratio:-0.00425373
Sample num: 60800
upper ratio:-0.00463171
Sample num: 121600
upper ratio:0.0552164
Sample num: 243200
upper ratio:0.145153
Sample num: 587776
upper ratio:0.454187
Sample num: 486400
upper ratio:0.31826
Sample num: 1175552
upper ratio:0.568598
RR_num of upper bound: 1175552
upper's influence:8189.19
lower's influence:8221.07
orginal's influence:8339.92
PhysicalMem(MB) 55766.4
VirtualMem(MB) 69062.6
time:23565.1
tmp: 0.356213
Dsu_bu: 489.861
Ds_bu460.713
approximation ratio: 0.335018
estimate influence by Mente-Carlo is: 6850
reachable node size: 1504285
estimate influence by StopAlgorithm is: 7013
295 __ 4389277066
Sample num: 295
lower ratio:0.00150104
upper ratio:0
Sample num: 590
lower ratio:0.0514759
upper ratio:0
Sample num: 1180
lower ratio:0.13047
upper ratio:0
Sample num: 2360
lower ratio:0.240312
upper ratio:0
Sample num: 4720
lower ratio:0.344155
upper ratio:0
Sample num: 9440
lower ratio:0.432275
upper ratio:0
Sample num: 18880
lower ratio:0.545787
RR_num of lower bound:18880 max_num:4389277066
upper ratio:-0.00963612
Sample num: 37760
upper ratio:-0.00963612
Sample num: 75520
upper ratio:-0.0111179
estimate influence by Mente-Carlo is: 132.798
reachable node size: 4029
estimate influence by StopAlgorithm is: 135.552
166 __ 9937714
Sample num: 166
lower ratio:0.054761
upper ratio:1.57433e-17
Sample num: 332
lower ratio:0.169999
upper ratio:-0.01301
Sample num: 664
lower ratio:0.264273
upper ratio:-0.0123214
Sample num: 1328
lower ratio:0.354085
upper ratio:-0.00684623
Sample num: 2656
lower ratio:0.45173
upper ratio:0.0157008
Sample num: 5312
lower ratio:0.533272
RR_num of lower bound:5312 max_num:9937714
upper ratio:0.0821468
Sample num: 10624
upper ratio:0.1823
Sample num: 21248
upper ratio:0.295085
Sample num: 42496
upper ratio:0.452093
estimate influence by Mente-Carlo is: 132.922
reachable node size: 4029
estimate influence by StopAlgorithm is: 132.986
255 __ 7727570
Sample num: 255
lower ratio:0.152181
upper ratio:-0.0091264
Sample num: 510
lower ratio:0.236506
upper ratio:-0.0105101
Sample num: 1020
lower ratio:0.317684
upper ratio:-0.00793615
Sample num: 2040
lower ratio:0.460914
upper ratio:0.0116074
Sample num: 4080
lower ratio:0.541205
RR_num of lower bound:4080 max_num:7727570
upper ratio:0.0671979
Sample num: 8160
upper ratio:0.198966
Sample num: 16320
upper ratio:0.275056
Sample num: 84992
upper ratio:0.586127
RR_num of upper bound: 84992
upper's influence:112.57
lower's influence:111.185
Sample num: 32640
upper ratio:0.395858
orginal's influence:113.928
PhysicalMem(MB) 148.926
VirtualMem(MB) 173.246
time:9.00704
approximation: 0.214364
Sample num: 65280
upper ratio:0.532403
RR_num of upper bound: 65280
upper's influence:107.615
lower's influence:101.812
orginal's influence:112.673
PhysicalMem(MB) 115.547
VirtualMem(MB) 126.566
time:7.10098
estimate influence by Mente-Carlo is: 215.536
reachable node size: 955
estimate influence by StopAlgorithm is: 218.777
136 __ 1336951
Sample num: 136
lower ratio:0.0674199
upper ratio:-0.00835007
Sample num: 272
lower ratio:0.143339
upper ratio:0.0193436
Sample num: 544
lower ratio:0.245432
upper ratio:0.0688087
Sample num: 1088
lower ratio:0.321079
upper ratio:0.164163
approximation: 0.182996
Sample num: 2176
lower ratio:0.415851
upper ratio:0.29972
Sample num: 4352
lower ratio:0.501331
upper ratio:0.393619
Sample num: 8704
lower ratio:0.556658
RR_num of lower bound:8704 max_num:1336951
upper ratio:0.497772
Sample num: 17408
upper ratio:0.577405
RR_num of upper bound: 17408
upper's influence:181.637
lower's influence:176.759
orginal's influence:172.838
PhysicalMem(MB) 273.59
VirtualMem(MB) 307.281
time:2.63172
estimate influence by Mente-Carlo is: 214.895
reachable node size: 955
estimate influence by StopAlgorithm is: 222.38
203 __ 1134953
Sample num: 203
lower ratio:0.161516
upper ratio:0.0110736
Sample num: 406
lower ratio:0.241345
upper ratio:0.13426
Sample num: 812
lower ratio:0.32073
upper ratio:0.197647
Sample num: 1624
lower ratio:0.406971
upper ratio:0.310285
Sample num: 3248
lower ratio:0.456324
upper ratio:0.386958
Sample num: 6496
lower ratio:0.500251
upper ratio:0.454617
approximation: 0.186919
Sample num: 12992
lower ratio:0.53908
RR_num of lower bound:12992 max_num:1134953
upper ratio:0.563647
RR_num of upper bound: 12992
upper's influence:163.535
lower's influence:165.576
orginal's influence:159.044
PhysicalMem(MB) 402.441
VirtualMem(MB) 499.086
time:2.87775
estimate influence by Mente-Carlo is: 2071.26
reachable node size: 52093
approximation: 0.199686
estimate influence by Mente-Carlo is: 2074.52
reachable node size: 52093
estimate influence by StopAlgorithm is: 2054.28
256 __ 131724550
Sample num: 256
estimate influence by StopAlgorithm is: 2005.95
409 __ 105441261
lower ratio:-0.01109
upper ratio:0
Sample num: 512
lower ratio:0.0330744
upper ratio:0
Sample num: 409
lower ratio:0.0780941
upper ratio:-5.08982e-18
Sample num: 1024
lower ratio:0.101445
upper ratio:0
Sample num: 818
lower ratio:0.160246
upper ratio:-0.00597743
Sample num: 1636
lower ratio:0.267784
upper ratio:-0.00962862
Sample num: 2048
lower ratio:0.203359
upper ratio:-0.00597086
Sample num: 3272
lower ratio:0.358632
upper ratio:-0.0113045
Sample num: 4096
lower ratio:0.317869
upper ratio:-0.00962437
Sample num: 6544
lower ratio:0.464649
upper ratio:-0.00225766
Sample num: 8192
lower ratio:0.433778
upper ratio:-0.0101516
estimate influence by Mente-Carlo is: 133.274
reachable node size: 4029
estimate influence by StopAlgorithm is: 128.793
166 __ 9937714
Sample num: 166
lower ratio:0.105242
upper ratio:-0.0127218
Sample num: 332
lower ratio:0.20616
upper ratio:1.14764e-17
Sample num: 664
lower ratio:0.329056
upper ratio:8.91119e-18
Sample num: 1328
lower ratio:0.403438
upper ratio:-0.0064953
Sample num: 2656
lower ratio:0.491162
upper ratio:0.00681324
Sample num: 5312
lower ratio:0.563712
RR_num of lower bound:5312 max_num:9937714
upper ratio:0.0419707
Sample num: 10624
upper ratio:0.157249
Sample num: 21248
upper ratio:0.262419
Sample num: 42496
upper ratio:0.444966
estimate influence by Mente-Carlo is: 133.106
reachable node size: 4029
estimate influence by StopAlgorithm is: 132.524
255 __ 7727570
Sample num: 255
lower ratio:0.172562
upper ratio:-0.014572
Sample num: 510
lower ratio:0.244774
upper ratio:-0.0127737
Sample num: 1020
lower ratio:0.367368
upper ratio:-0.00835533
Sample num: 2040
lower ratio:0.445112
upper ratio:0.0159527
Sample num: 4080
lower ratio:0.516894
upper ratio:0.0510784
Sample num: 84992
upper ratio:0.585669
RR_num of upper bound: 84992
upper's influence:112.888
lower's influence:112.579
Sample num: 8160
lower ratio:0.5768
RR_num of lower bound:8160 max_num:7727570
upper ratio:0.170355
orginal's influence:110.844
PhysicalMem(MB) 147.41
VirtualMem(MB) 172.777
time:9.02866
Sample num: 16320
upper ratio:0.283269
Sample num: 32640
upper ratio:0.439158
approximation: 0.215836
Sample num: 65280
upper ratio:0.510526
estimate influence by Mente-Carlo is: 216.21
reachable node size: 955
estimate influence by StopAlgorithm is: 216.026
136 __ 1336951
Sample num: 136
lower ratio:0.0573313
upper ratio:-0.00390649
Sample num: 272
lower ratio:0.139891
upper ratio:0.0150086
Sample num: 544
lower ratio:0.244476
upper ratio:0.0361486
Sample num: 1088
lower ratio:0.346108
upper ratio:0.143203
Sample num: 2176
lower ratio:0.416345
upper ratio:0.275696
Sample num: 4352
lower ratio:0.502219
upper ratio:0.400706
Sample num: 8704
lower ratio:0.565514
RR_num of lower bound:8704 max_num:1336951
upper ratio:0.528129
Sample num: 17408
upper ratio:0.546667
RR_num of upper bound: 17408
upper's influence:186.091
lower's influence:174.487
orginal's influence:184.334
PhysicalMem(MB) 274.578
VirtualMem(MB) 307.859
time:2.60917
approximation: 0.186534
Sample num: 130560
upper ratio:0.607033
RR_num of upper bound: 130560
upper's influence:101.908
lower's influence:98.1367
orginal's influence:109.155
PhysicalMem(MB) 214.492
VirtualMem(MB) 226.488
time:13.4497
estimate influence by Mente-Carlo is: 2077.26
reachable node size: 52093
approximation: 0.185782
estimate influence by Mente-Carlo is: 216.205
reachable node size: 955
estimate influence by StopAlgorithm is: 213.576
203 __ 1134953
Sample num: 203
lower ratio:0.144413
upper ratio:0.0316681
Sample num: 406
lower ratio:0.236292
upper ratio:0.0923026
Sample num: 812
lower ratio:0.336699
upper ratio:0.133236
Sample num: 1624
lower ratio:0.409428
upper ratio:0.264454
Sample num: 3248
lower ratio:0.457169
upper ratio:0.405705
Sample num: 6496
lower ratio:0.504768
upper ratio:0.492887
estimate influence by StopAlgorithm is: 2130.68
256 __ 131724550
Sample num: 12992
lower ratio:0.540363
RR_num of lower bound:12992 max_num:1134953
upper ratio:0.547202
RR_num of upper bound: 12992
upper's influence:159.088
lower's influence:161.889
orginal's influence:167.879
PhysicalMem(MB) 402.641
VirtualMem(MB) 499.922
time:2.98342
approximation: 0.197096
Sample num: 256
lower ratio:-0.00463847
upper ratio:0
estimate influence by Mente-Carlo is: 2083.65
reachable node size: 52093
Sample num: 512
lower ratio:0.0294378
upper ratio:-0.00801913
estimate influence by StopAlgorithm is: 2021.99
409 __ 105441261
Sample num: 1024
lower ratio:0.101828
upper ratio:0
Sample num: 409
lower ratio:0.0640954
upper ratio:-6.53155e-18
Sample num: 818
lower ratio:0.155175
upper ratio:-4.97242e-18
Sample num: 2048
lower ratio:0.214589
upper ratio:0
Sample num: 1636
lower ratio:0.269687
upper ratio:-0.00611445
Sample num: 4096
lower ratio:0.323558
upper ratio:-0.00584091
Sample num: 3272
lower ratio:0.373766
upper ratio:-0.0103308
Sample num: 6544
lower ratio:0.471901
upper ratio:0.0156526
Sample num: 8192
lower ratio:0.437411
upper ratio:-0.00499175
Sample num: 13088
lower ratio:0.542605
RR_num of lower bound:13088 max_num:105441261
upper ratio:0.0195481
Sample num: 26176
upper ratio:0.12978
Sample num: 16384
lower ratio:0.529693
upper ratio:0.0325478
Sample num: 52352
upper ratio:0.300515
Sample num: 104704
upper ratio:0.464706
Sample num: 32768
lower ratio:0.590828
RR_num of lower bound:32768 max_num:131724550
upper ratio:0.125218
Sample num: 65536
upper ratio:0.301431
Sample num: 209408
upper ratio:0.584621
RR_num of upper bound: 209408
upper's influence:1938
lower's influence:1877.27
orginal's influence:1956.66
PhysicalMem(MB) 3626.43
VirtualMem(MB) 3940.54
time:438.161
approximation: 0.312877
Sample num: 131072
upper ratio:0.441201
estimate influence by Mente-Carlo is: 621.877
reachable node size: 317070
estimate influence by StopAlgorithm is: 635.743
415 __ 652163107
Sample num: 415
lower ratio:0.0261372
upper ratio:9.90678e-18
Sample num: 830
lower ratio:0.0992941
upper ratio:9.90678e-18
Sample num: 1660
lower ratio:0.203247
upper ratio:8.45527e-18
Sample num: 3320
lower ratio:0.325452
upper ratio:-0.0099717
Sample num: 6640
lower ratio:0.43896
upper ratio:6.2428e-18
Sample num: 262144
upper ratio:0.550299
RR_num of upper bound: 262144
upper's influence:1984.92
Sample num: 13280
lower ratio:0.533673
RR_num of lower bound:13280 max_num:652163107
upper ratio:4.91882e-18
lower's influence:1940.2
orginal's influence:1992.93
PhysicalMem(MB) 8749.59
VirtualMem(MB) 11811.5
time:700.008
Sample num: 26560
upper ratio:-0.00580871
approximation: 0.318458
Sample num: 53120
upper ratio:4.17404e-18
estimate influence by Mente-Carlo is: 623.68
reachable node size: 317070
estimate influence by StopAlgorithm is: 629.827
260 __ 813887461
Sample num: 260
lower ratio:-0.0157104
upper ratio:-6.22233e-18
Sample num: 520
lower ratio:0.0121596
upper ratio:-5.62349e-18
Sample num: 1040
lower ratio:0.0782091
upper ratio:-5.37301e-18
Sample num: 2080
lower ratio:0.191817
upper ratio:-5.14784e-18
Sample num: 106240
upper ratio:-0.00466096
Sample num: 4160
lower ratio:0.29887
upper ratio:-4.58859e-18
Sample num: 8320
lower ratio:0.393931
upper ratio:-4.28807e-18
Sample num: 16640
lower ratio:0.499119
upper ratio:-4.1543e-18
Sample num: 212480
upper ratio:0.0220479
Sample num: 33280
lower ratio:0.594207
RR_num of lower bound:33280 max_num:813887461
upper ratio:-0.00635756
Sample num: 66560
upper ratio:-0.0122247
Sample num: 424960
upper ratio:0.0672753
Sample num: 133120
upper ratio:-0.00563576
Sample num: 266240
upper ratio:0.0141545
Sample num: 532480
upper ratio:0.0723921
Sample num: 849920
upper ratio:0.165617
Sample num: 1064960
upper ratio:0.119984
Sample num: 1699840
upper ratio:0.323446
Sample num: 2129920
upper ratio:0.301102
Sample num: 3399680
upper ratio:0.474765
Sample num: 4259840
upper ratio:0.443441
Sample num: 6799360
upper ratio:0.614892
RR_num of upper bound: 6799360
upper's influence:586.571
lower's influence:579.138
orginal's influence:596.804
PhysicalMem(MB) 1682.62
VirtualMem(MB) 1704.15
time:10744.9
approximation: 0.220172
estimate influence by Mente-Carlo is: 969.381
reachable node size: 47666
estimate influence by StopAlgorithm is: 967.547
363 __ 85540261
Sample num: 363
lower ratio:0.10577
upper ratio:5.57565e-18
Sample num: 726
lower ratio:0.252557
upper ratio:-0.00713751
Sample num: 1452
lower ratio:0.375814
upper ratio:-0.0102012
Sample num: 2904
lower ratio:0.476482
upper ratio:-0.000400099
Sample num: 5808
lower ratio:0.522617
upper ratio:0.00461388
Sample num: 11616
lower ratio:0.574605
RR_num of lower bound:11616 max_num:85540261
upper ratio:0.0600022
Sample num: 23232
upper ratio:0.160246
Sample num: 46464
upper ratio:0.30281
Sample num: 92928
upper ratio:0.420046
Sample num: 185856
upper ratio:0.51881
Sample num: 371712
upper ratio:0.602629
RR_num of upper bound: 371712
upper's influence:758.663
lower's influence:759.545
orginal's influence:826.892
PhysicalMem(MB) 2335.42
VirtualMem(MB) 2612.11
time:244.42
approximation: 0.300015
estimate influence by Mente-Carlo is: 1174.65
reachable node size: 218111
estimate influence by StopAlgorithm is: 1185.6
411 __ 443918016
Sample num: 411
lower ratio:0.31606
upper ratio:0
Sample num: 822
lower ratio:0.411766
upper ratio:0
Sample num: 1644
lower ratio:0.487663
upper ratio:0
Sample num: 3288
lower ratio:0.549065
RR_num of lower bound:3288 max_num:443918016
upper ratio:-0.0129708
Sample num: 6576
upper ratio:-0.00291046
Sample num: 13152
upper ratio:0.0529178
Sample num: 26304
upper ratio:0.13578
Sample num: 52608
upper ratio:0.263142
Sample num: 105216
upper ratio:0.420697
Sample num: 210432
upper ratio:0.574683
RR_num of upper bound: 210432
upper's influence:566.36
lower's influence:534.161
orginal's influence:776.625
PhysicalMem(MB) 938.781
VirtualMem(MB) 967.949
time:413.003
approximation: 0.320412
estimate influence by Mente-Carlo is: 1618.44
reachable node size: 81294
estimate influence by StopAlgorithm is: 1620.94
365 __ 146918702
Sample num: 365
lower ratio:0.178128
upper ratio:2.45165e-18
Sample num: 730
lower ratio:0.277118
upper ratio:-0.00711624
Sample num: 1460
lower ratio:0.361005
upper ratio:1.54155e-18
Sample num: 2920
lower ratio:0.452591
upper ratio:-0.00854747
Sample num: 5840
lower ratio:0.533056
RR_num of lower bound:5840 max_num:146918702
upper ratio:0.0129292
Sample num: 11680
upper ratio:0.115529
Sample num: 23360
upper ratio:0.206624
Sample num: 46720
upper ratio:0.378409
Sample num: 93440
upper ratio:0.455165
Sample num: 186880
upper ratio:0.58454
RR_num of upper bound: 186880
upper's influence:1259.72
lower's influence:1238.63
orginal's influence:1418.34
PhysicalMem(MB) 2113.89
VirtualMem(MB) 2466.94
time:194.901
approximation: 0.288809
estimate influence by Mente-Carlo is: 66.3854
reachable node size: 2314
estimate influence by StopAlgorithm is: 67.9031
276 __ 4192068
Sample num: 276
lower ratio:0.138648
upper ratio:-6.13021e-18
Sample num: 552
lower ratio:0.257527
upper ratio:-4.81753e-18
Sample num: 1104
lower ratio:0.36089
upper ratio:-3.80465e-18
Sample num: 2208
lower ratio:0.462185
upper ratio:-0.0105165
Sample num: 4416
lower ratio:0.533503
RR_num of lower bound:4416 max_num:4192068
upper ratio:0.00801467
Sample num: 8832
upper ratio:0.105316
Sample num: 17664
upper ratio:0.282477
Sample num: 35328
upper ratio:0.401399
Sample num: 70656
upper ratio:0.485886
Sample num: 141312
upper ratio:0.665992
RR_num of upper bound: 141312
upper's influence:53.2929
lower's influence:53.4653
orginal's influence:58.1875
PhysicalMem(MB) 47.0039
VirtualMem(MB) 57.2656
time:9.06983
approximation: 0.169318
estimate influence by Mente-Carlo is: 8832.46
reachable node size: 1134880
estimate influence by StopAlgorithm is: 8886.27
462 __ 2599486760
Sample num: 462
lower ratio:0.0442732
upper ratio:-1.05387e-17
Sample num: 924
lower ratio:0.173755
upper ratio:-9.3304e-18
Sample num: 1848
lower ratio:0.271468
upper ratio:-0.00682182
Sample num: 3696
lower ratio:0.345131
upper ratio:-0.00553742
Sample num: 7392
lower ratio:0.449675
upper ratio:-0.00928371
Sample num: 8519680
upper ratio:0.617469
RR_num of upper bound: 8519680
upper's influence:595.39
lower's influence:590.596
orginal's influence:629.466
PhysicalMem(MB) 3711.93
VirtualMem(MB) 4323.67
time:13633.2
approximation: 0.23146
estimate influence by Mente-Carlo is: 961.372
reachable node size: 47666
estimate influence by StopAlgorithm is: 951.197
229 __ 107749516
Sample num: 229
lower ratio:0.0177667
upper ratio:-8.73266e-18
Sample num: 458
lower ratio:0.086159
upper ratio:-6.86765e-18
Sample num: 916
lower ratio:0.270825
upper ratio:-6.43249e-18
Sample num: 1832
lower ratio:0.341511
upper ratio:-0.0136457
Sample num: 3664
lower ratio:0.417829
upper ratio:-0.0117788
Sample num: 7328
lower ratio:0.495931
upper ratio:0.00254081
Sample num: 14656
lower ratio:0.568688
RR_num of lower bound:14656 max_num:107749516
upper ratio:0.0852513
Sample num: 29312
upper ratio:0.151443
Sample num: 58624
upper ratio:0.291068
Sample num: 117248
upper ratio:0.459028
Sample num: 14784
lower ratio:0.512001
upper ratio:-0.01167
Sample num: 234496
upper ratio:0.55644
RR_num of upper bound: 234496
upper's influence:819.314
lower's influence:830.835
orginal's influence:870.429
PhysicalMem(MB) 2951.83
VirtualMem(MB) 3095.18
time:189.286
approximation: 0.301981
estimate influence by Mente-Carlo is: 1175.43
reachable node size: 218111
estimate influence by StopAlgorithm is: 1210.3
257 __ 554375779
Sample num: 257
lower ratio:0.216798
upper ratio:-0.0115888
Sample num: 514
lower ratio:0.330614
upper ratio:-0.0191409
Sample num: 1028
lower ratio:0.417553
upper ratio:-0.0158186
Sample num: 2056
lower ratio:0.499446
upper ratio:-0.0199549
Sample num: 4112
lower ratio:0.55039
RR_num of lower bound:4112 max_num:554375779
upper ratio:-0.0116155
Sample num: 8224
upper ratio:0.00990239
Sample num: 16448
upper ratio:0.0918443
Sample num: 32896
upper ratio:0.188625
Sample num: 65792
upper ratio:0.364159
Sample num: 131584
upper ratio:0.500662
Sample num: 263168
upper ratio:0.584849
RR_num of upper bound: 263168
upper's influence:704.114
lower's influence:693.489
orginal's influence:841.877
PhysicalMem(MB) 1089.7
VirtualMem(MB) 1269.71
time:489.185
approximation: 0.317924
estimate influence by Mente-Carlo is: 1608.29
reachable node size: 81294
estimate influence by StopAlgorithm is: 1607.37
231 __ 184969613
Sample num: 231
lower ratio:0.0733247
upper ratio:3.03718e-18
Sample num: 462
lower ratio:0.174549
upper ratio:2.27741e-18
Sample num: 924
lower ratio:0.267445
upper ratio:2.27741e-18
Sample num: 1848
lower ratio:0.386119
upper ratio:-0.00753022
Sample num: 3696
lower ratio:0.477777
upper ratio:-0.0113596
Sample num: 7392
lower ratio:0.55463
RR_num of lower bound:7392 max_num:184969613
upper ratio:0.00462436
Sample num: 14784
upper ratio:0.081695
Sample num: 29568
upper ratio:0.281301
Sample num: 59136
upper ratio:0.416053
Sample num: 118272
upper ratio:0.540253
RR_num of upper bound: 118272
upper's influence:1336.84
lower's influence:1320.99
orginal's influence:1495.16
PhysicalMem(MB) 2693.29
VirtualMem(MB) 2929.68
time:137.266
approximation: 0.304992
estimate influence by Mente-Carlo is: 66.5688
reachable node size: 2314
estimate influence by StopAlgorithm is: 67.9333
178 __ 4877487
Sample num: 178
lower ratio:0.0554144
upper ratio:-0.013222
Sample num: 356
lower ratio:0.11797
upper ratio:-0.0117536
Sample num: 712
lower ratio:0.225855
upper ratio:-0.0144949
Sample num: 1424
lower ratio:0.336994
upper ratio:-0.00807831
Sample num: 2848
lower ratio:0.467258
upper ratio:-0.00169716
Sample num: 5696
lower ratio:0.563406
RR_num of lower bound:5696 max_num:4877487
upper ratio:0.0269818
Sample num: 11392
upper ratio:0.141442
Sample num: 22784
upper ratio:0.227022
Sample num: 45568
upper ratio:0.436276
Sample num: 91136
upper ratio:0.536222
RR_num of upper bound: 91136
upper's influence:59.187
lower's influence:57.7095
orginal's influence:61.7516
PhysicalMem(MB) 56.0273
VirtualMem(MB) 75.0742
time:6.50985
approximation: 0.213172
estimate influence by Mente-Carlo is: 8780.71
reachable node size: 1134880
estimate influence by StopAlgorithm is: 8624.96
287 __ 3223023447
Sample num: 287
lower ratio:4.51783e-18
upper ratio:1.05174e-17
Sample num: 574
lower ratio:0.00340099
upper ratio:9.67669e-18
Sample num: 1148
lower ratio:0.0731163
upper ratio:8.39386e-18
Sample num: 2296
lower ratio:0.207503
upper ratio:8.13259e-18
Sample num: 4592
lower ratio:0.321314
upper ratio:8.13259e-18
Sample num: 29568
lower ratio:0.584952
RR_num of lower bound:29568 max_num:2599486760
upper ratio:0.00200347
Sample num: 9184
lower ratio:0.401341
upper ratio:7.45092e-18
Sample num: 59136
upper ratio:0.036754
Sample num: 118272
upper ratio:0.120805
Sample num: 18368
lower ratio:0.507391
upper ratio:-0.0130115
Sample num: 236544
upper ratio:0.219508
Sample num: 36736
lower ratio:0.591593
RR_num of lower bound:36736 max_num:3223023447
upper ratio:0.0028262
Sample num: 73472
upper ratio:0.0596718
Sample num: 473088
upper ratio:0.395483
Sample num: 146944
upper ratio:0.178693
Sample num: 946176
upper ratio:0.531041
Sample num: 293888
upper ratio:0.327552
Sample num: 1892352
upper ratio:0.629399
RR_num of upper bound: 1892352
upper's influence:8171.64
lower's influence:7954.98
orginal's influence:8167.46
PhysicalMem(MB) 46738.8
VirtualMem(MB) 47999.4
time:21538.8
approximation: 0.335494
estimate influence by Mente-Carlo is: 6854.92
reachable node size: 1504285
estimate influence by StopAlgorithm is: 6934.28
475 __ 3545878563
Sample num: 475
lower ratio:0.0511712
upper ratio:-2.27422e-17
Sample num: 950
lower ratio:0.141775
upper ratio:-2.16723e-17
Sample num: 1900
lower ratio:0.253618
upper ratio:-1.83755e-17
Sample num: 3800
lower ratio:0.382013
upper ratio:-1.36327e-17
Sample num: 7600
lower ratio:0.494378
upper ratio:-1.21598e-17
Sample num: 587776
upper ratio:0.410639
Sample num: 15200
lower ratio:0.551898
RR_num of lower bound:15200 max_num:3545878563
upper ratio:-0.00491247
Sample num: 30400
upper ratio:-0.00641271
Sample num: 60800
upper ratio:-0.00512065
Sample num: 121600
upper ratio:0.0443562
Sample num: 243200
upper ratio:0.150751
Sample num: 1175552
upper ratio:0.538737
RR_num of upper bound: 1175552
upper's influence:8410.4
lower's influence:8330.16
orginal's influence:8294.88
PhysicalMem(MB) 59429.6
VirtualMem(MB) 69435.8
time:26440.5
approximation: 0.336236
estimate influence by Mente-Carlo is: 6825.55
reachable node size: 1504285
estimate influence by StopAlgorithm is: 6676.87
295 __ 4389277066
Sample num: 295
lower ratio:-0.00853419
upper ratio:0
Sample num: 590
lower ratio:0.0507851
upper ratio:0
Sample num: 1180
lower ratio:0.140364
upper ratio:0
Sample num: 2360
lower ratio:0.246837
upper ratio:0
Sample num: 4720
lower ratio:0.34768
upper ratio:0
Sample num: 9440
lower ratio:0.432757
upper ratio:0
Sample num: 18880
lower ratio:0.554814
RR_num of lower bound:18880 max_num:4389277066
upper ratio:-0.00713239
Sample num: 37760
upper ratio:-0.0116686
Sample num: 75520
upper ratio:0.0278939
Sample num: 486400
upper ratio:0.324088
Sample num: 151040
upper ratio:0.0540931
Sample num: 302080
upper ratio:0.216315
Sample num: 972800
upper ratio:0.446787
Sample num: 604160
upper ratio:0.334317
Sample num: 1208320
upper ratio:0.511975
Sample num: 1945600
upper ratio:0.566789
RR_num of upper bound: 1945600
upper's influence:6163.62
lower's influence:6283.39
orginal's influence:6475.74
PhysicalMem(MB) 46710.4
VirtualMem(MB) 48691.6
time:64548.5
approximation: 0.314399
estimate influence by Mente-Carlo is: 131.791
reachable node size: 4029
estimate influence by StopAlgorithm is: 130.956
255 __ 7727570
Sample num: 255
lower ratio:0.144389
upper ratio:-2.76132e-18
Sample num: 510
lower ratio:0.208478
upper ratio:-0.0102371
Sample num: 1020
lower ratio:0.340624
upper ratio:-0.00731268
Sample num: 2040
lower ratio:0.413683
upper ratio:0.0137619
Sample num: 4080
lower ratio:0.496097
upper ratio:0.0783137
Sample num: 8160
lower ratio:0.573214
RR_num of lower bound:8160 max_num:7727570
upper ratio:0.141835
Sample num: 16320
upper ratio:0.252532
Sample num: 32640
upper ratio:0.364448
Sample num: 65280
upper ratio:0.485871
Sample num: 130560
upper ratio:0.595554
RR_num of upper bound: 130560
upper's influence:107.813
lower's influence:105.208
orginal's influence:107.724
PhysicalMem(MB) 212.68
VirtualMem(MB) 225.129
time:13.3827
approximation: 0.186995
estimate influence by Mente-Carlo is: 215.644
reachable node size: 955
estimate influence by StopAlgorithm is: 210.519
203 __ 1134953
Sample num: 203
lower ratio:0.160641
upper ratio:0.00730457
Sample num: 406
lower ratio:0.239966
upper ratio:0.116954
Sample num: 812
lower ratio:0.334619
upper ratio:0.167193
Sample num: 1624
lower ratio:0.398469
upper ratio:0.289767
Sample num: 3248
lower ratio:0.46573
upper ratio:0.421568
Sample num: 6496
lower ratio:0.513377
upper ratio:0.514311
Sample num: 12992
lower ratio:0.550772
RR_num of lower bound:12992 max_num:1134953
upper ratio:0.599788
RR_num of upper bound: 12992
upper's influence:158.913
lower's influence:156.185
orginal's influence:163.273
PhysicalMem(MB) 404.105
VirtualMem(MB) 500.633
time:2.93125
approximation: 0.196838
estimate influence by Mente-Carlo is: 2073.36
reachable node size: 52093
estimate influence by StopAlgorithm is: 2120.35
409 __ 105441261
Sample num: 409
lower ratio:0.0656816
upper ratio:-5.08982e-18
Sample num: 818
lower ratio:0.153788
upper ratio:-0.00597743
Sample num: 1636
lower ratio:0.251968
upper ratio:-0.0109339
Sample num: 3272
lower ratio:0.367723
upper ratio:-0.00947432
Sample num: 6544
lower ratio:0.470026
upper ratio:0.0107534
Sample num: 13088
lower ratio:0.55003
RR_num of lower bound:13088 max_num:105441261
upper ratio:0.0845106
Sample num: 26176
upper ratio:0.179901
Sample num: 52352
upper ratio:0.317566
Sample num: 104704
upper ratio:0.483489
Sample num: 209408
upper ratio:0.61962
RR_num of upper bound: 209408
upper's influence:1933.34
lower's influence:1888.16
orginal's influence:1991.76
PhysicalMem(MB) 3634.23
VirtualMem(MB) 3948.12
time:439.072
approximation: 0.31333
estimate influence by Mente-Carlo is: 625.011
reachable node size: 317070
estimate influence by StopAlgorithm is: 629.883
415 __ 652163107
Sample num: 415
lower ratio:0.0242997
upper ratio:9.90678e-18
Sample num: 830
lower ratio:0.103453
upper ratio:9.90678e-18
Sample num: 1660
lower ratio:0.215126
upper ratio:8.07787e-18
Sample num: 3320
lower ratio:0.347879
upper ratio:7.43174e-18
Sample num: 6640
lower ratio:0.443395
upper ratio:6.2428e-18
Sample num: 13280
lower ratio:0.535688
RR_num of lower bound:13280 max_num:652163107
upper ratio:5.03396e-18
Sample num: 26560
upper ratio:-0.00593706
Sample num: 53120
upper ratio:-0.00515263
Sample num: 106240
upper ratio:0.00200439
Sample num: 212480
upper ratio:0.0362582
Sample num: 424960
upper ratio:0.0810508
Sample num: 849920
upper ratio:0.187427
Sample num: 1699840
upper ratio:0.283754
Sample num: 3399680
upper ratio:0.462873
Sample num: 6799360
upper ratio:0.605987
RR_num of upper bound: 6799360
upper's influence:586.772
lower's influence:588.409
orginal's influence:615.869
PhysicalMem(MB) 1690.82
VirtualMem(MB) 1707.56
time:10605
approximation: 0.224157
estimate influence by Mente-Carlo is: 961.093
reachable node size: 47666
estimate influence by StopAlgorithm is: 968.461
363 __ 85540261
Sample num: 363
lower ratio:0.124156
upper ratio:5.12561e-18
Sample num: 726
lower ratio:0.246835
upper ratio:4.58912e-18
Sample num: 1452
lower ratio:0.369137
upper ratio:-0.00892168
Sample num: 2904
lower ratio:0.417781
upper ratio:-0.00983383
Sample num: 5808
lower ratio:0.493002
upper ratio:0.0391066
Sample num: 11616
lower ratio:0.544549
RR_num of lower bound:11616 max_num:85540261
upper ratio:0.0501538
Sample num: 23232
upper ratio:0.138816
Sample num: 46464
upper ratio:0.331301
Sample num: 92928
upper ratio:0.424132
Sample num: 185856
upper ratio:0.553732
RR_num of upper bound: 185856
upper's influence:797.272
lower's influence:748.977
orginal's influence:827.414
PhysicalMem(MB) 2360.56
VirtualMem(MB) 2633.19
time:140.322
approximation: 0.29846
estimate influence by Mente-Carlo is: 1177.6
reachable node size: 218111
estimate influence by StopAlgorithm is: 1171.26
411 __ 443918016
Sample num: 411
lower ratio:0.319457
upper ratio:0
Sample num: 822
lower ratio:0.408306
upper ratio:0
Sample num: 1644
lower ratio:0.489724
upper ratio:-0.0141056
Sample num: 3288
lower ratio:0.545679
RR_num of lower bound:3288 max_num:443918016
upper ratio:-0.0143511
Sample num: 6576
upper ratio:0.00241689
Sample num: 13152
upper ratio:0.0775035
Sample num: 26304
upper ratio:0.155854
Sample num: 52608
upper ratio:0.301172
Sample num: 105216
upper ratio:0.487178
Sample num: 210432
upper ratio:0.563863
RR_num of upper bound: 210432
upper's influence:546.087
lower's influence:552.491
orginal's influence:745.46
PhysicalMem(MB) 938.453
VirtualMem(MB) 967.84
time:410.504
approximation: 0.32251
estimate influence by Mente-Carlo is: 1610.76
reachable node size: 81294
estimate influence by StopAlgorithm is: 1564.84
365 __ 146918702
Sample num: 365
lower ratio:0.241075
upper ratio:-0.0134749
Sample num: 730
lower ratio:0.317499
upper ratio:1.6817e-18
Sample num: 1460
lower ratio:0.409518
upper ratio:-0.00982653
Sample num: 2920
lower ratio:0.498244
upper ratio:-0.00615638
Sample num: 5840
lower ratio:0.571546
RR_num of lower bound:5840 max_num:146918702
upper ratio:0.0197294
Sample num: 11680
upper ratio:0.121437
Sample num: 23360
upper ratio:0.235782
Sample num: 46720
upper ratio:0.339669
Sample num: 93440
upper ratio:0.469997
Sample num: 186880
upper ratio:0.571363
RR_num of upper bound: 186880
upper's influence:1243.28
lower's influence:1248.72
orginal's influence:1409.3
PhysicalMem(MB) 2168.01
VirtualMem(MB) 2514.93
time:195.467
approximation: 0.293463
estimate influence by Mente-Carlo is: 66.1539
reachable node size: 2314
estimate influence by StopAlgorithm is: 66.7012
276 __ 4192068
Sample num: 276
lower ratio:0.153613
upper ratio:-6.13021e-18
Sample num: 552
lower ratio:0.258569
upper ratio:-0.0145053
Sample num: 1104
lower ratio:0.349852
upper ratio:-0.00999839
Sample num: 2208
lower ratio:0.449143
upper ratio:-0.00460721
Sample num: 4416
lower ratio:0.534622
RR_num of lower bound:4416 max_num:4192068
upper ratio:0.0656553
Sample num: 8832
upper ratio:0.116882
Sample num: 17664
upper ratio:0.273711
Sample num: 35328
upper ratio:0.422782
Sample num: 70656
upper ratio:0.566177
RR_num of upper bound: 70656
upper's influence:54.6267
lower's influence:54.2567
orginal's influence:59.5566
PhysicalMem(MB) 46.1523
VirtualMem(MB) 56.7734
time:5.21903
approximation: 0.16662
estimate influence by Mente-Carlo is: 8845.95
reachable node size: 1134880
estimate influence by StopAlgorithm is: 8913.1
462 __ 2599486760
Sample num: 462
lower ratio:0.0433718
upper ratio:-1.05387e-17
Sample num: 924
lower ratio:0.159474
upper ratio:-8.99702e-18
Sample num: 1848
lower ratio:0.230826
upper ratio:-6.8984e-18
Sample num: 3696
lower ratio:0.363536
upper ratio:-6.28184e-18
Sample num: 7392
lower ratio:0.450886
upper ratio:-0.00565271
Sample num: 14784
lower ratio:0.506553
upper ratio:-0.0108003
Sample num: 29568
lower ratio:0.559413
RR_num of lower bound:29568 max_num:2599486760
upper ratio:-0.00242681
Sample num: 59136
upper ratio:0.0588494
Sample num: 118272
upper ratio:0.157351
estimate influence by Mente-Carlo is: 133.414
reachable node size: 4029
estimate influence by StopAlgorithm is: 134.341
166 __ 9937714
Sample num: 166
lower ratio:0.0430165
upper ratio:1.47781e-17
Sample num: 332
lower ratio:0.162994
upper ratio:-0.00947633
Sample num: 664
lower ratio:0.244751
upper ratio:-0.0116803
Sample num: 1328
lower ratio:0.364882
upper ratio:-0.000457321
Sample num: 2656
lower ratio:0.469049
upper ratio:0.0293437
Sample num: 5312
lower ratio:0.556864
RR_num of lower bound:5312 max_num:9937714
upper ratio:0.08031
Sample num: 10624
upper ratio:0.148996
Sample num: 21248
upper ratio:0.286363
Sample num: 42496
upper ratio:0.429207
estimate influence by Mente-Carlo is: 134.209
reachable node size: 4029
estimate influence by StopAlgorithm is: 132.997
255 __ 7727570
Sample num: 255
lower ratio:0.110992
upper ratio:-0.0087892
Sample num: 510
lower ratio:0.189919
upper ratio:-0.0116572
Sample num: 1020
lower ratio:0.314709
upper ratio:-0.00332021
Sample num: 2040
lower ratio:0.409463
upper ratio:0.00909229
Sample num: 4080
lower ratio:0.475423
upper ratio:0.0769779
Sample num: 84992
upper ratio:0.554021
RR_num of upper bound: 84992
upper's influence:113.464
Sample num: 8160
lower ratio:0.560674
RR_num of lower bound:8160 max_num:7727570
upper ratio:0.154698
lower's influence:109.49
orginal's influence:115.138
PhysicalMem(MB) 148.324
VirtualMem(MB) 175.496
time:9.03566
Sample num: 16320
upper ratio:0.295697
Sample num: 32640
upper ratio:0.39337
approximation: 0.213301
Sample num: 65280
upper ratio:0.516628
estimate influence by Mente-Carlo is: 215.433
reachable node size: 955
estimate influence by StopAlgorithm is: 206.629
136 __ 1336951
Sample num: 136
lower ratio:0.0585097
upper ratio:-0.0101195
Sample num: 272
lower ratio:0.146955
upper ratio:0.036907
Sample num: 544
lower ratio:0.232437
upper ratio:0.064724
Sample num: 1088
lower ratio:0.33238
upper ratio:0.134458
Sample num: 2176
lower ratio:0.432513
upper ratio:0.259213
Sample num: 4352
lower ratio:0.485436
upper ratio:0.345163
Sample num: 8704
lower ratio:0.549009
RR_num of lower bound:8704 max_num:1336951
upper ratio:0.491176
Sample num: 17408
upper ratio:0.568832
RR_num of upper bound: 17408
upper's influence:180.261
lower's influence:176.257
orginal's influence:178.649
PhysicalMem(MB) 276.008
VirtualMem(MB) 308.23
time:2.61932
approximation: 0.186634
Sample num: 130560
upper ratio:0.579632
RR_num of upper bound: 130560
upper's influence:105.632
lower's influence:102.536
orginal's influence:103.259
PhysicalMem(MB) 213.496
VirtualMem(MB) 225.848
time:13.4321
estimate influence by Mente-Carlo is: 2068.23
reachable node size: 52093
approximation: 0.185448
estimate influence by Mente-Carlo is: 215.154
reachable node size: 955
estimate influence by StopAlgorithm is: 210.189
203 __ 1134953
Sample num: 203
lower ratio:0.144928
upper ratio:0.0300978
Sample num: 406
lower ratio:0.216193
upper ratio:0.0823522
Sample num: 812
lower ratio:0.322578
upper ratio:0.175819
Sample num: 1624
lower ratio:0.403441
upper ratio:0.265077
Sample num: 3248
lower ratio:0.468215
upper ratio:0.317053
Sample num: 6496
lower ratio:0.525901
upper ratio:0.468216
estimate influence by StopAlgorithm is: 2049.17
256 __ 131724550
Sample num: 12992
lower ratio:0.554129
RR_num of lower bound:12992 max_num:1134953
upper ratio:0.524975
Sample num: 25984
upper ratio:0.588257
RR_num of upper bound: 25984
upper's influence:162.784
lower's influence:162.04
orginal's influence:163.642
PhysicalMem(MB) 400.805
VirtualMem(MB) 499.633
time:3.97153
Sample num: 256
lower ratio:-0.00705073
upper ratio:0
approximation: 0.197273
estimate influence by Mente-Carlo is: 2068.3
reachable node size: 52093
Sample num: 512
lower ratio:0.0398537
upper ratio:-0.00829207
estimate influence by StopAlgorithm is: 2088.16
409 __ 105441261
Sample num: 1024
lower ratio:0.117249
upper ratio:0
Sample num: 409
lower ratio:0.0869424
upper ratio:-5.4835e-18
Sample num: 818
lower ratio:0.167381
upper ratio:-0.00984311
Sample num: 2048
lower ratio:0.220274
upper ratio:0
Sample num: 1636
lower ratio:0.275425
upper ratio:-0.00942441
Sample num: 4096
lower ratio:0.337119
upper ratio:-0.0121411
Sample num: 3272
lower ratio:0.383024
upper ratio:-0.00768623
Sample num: 6544
lower ratio:0.470046
upper ratio:3.57085e-05
Sample num: 8192
lower ratio:0.458067
upper ratio:-0.0119897
Sample num: 236544
upper ratio:0.29841
Sample num: 13088
lower ratio:0.542823
RR_num of lower bound:13088 max_num:105441261
upper ratio:0.0253306
Sample num: 26176
upper ratio:0.172985
Sample num: 16384
lower ratio:0.537954
RR_num of lower bound:16384 max_num:131724550
upper ratio:0.0294103
Sample num: 32768
upper ratio:0.176273
Sample num: 52352
upper ratio:0.287717
Sample num: 65536
upper ratio:0.272414
Sample num: 104704
upper ratio:0.456015
Sample num: 131072
upper ratio:0.421047
Sample num: 209408
upper ratio:0.551896
RR_num of upper bound: 209408
upper's influence:1860.15
lower's influence:1876.18
orginal's influence:1977.85
PhysicalMem(MB) 3626.71
VirtualMem(MB) 3940.67
time:441.302
approximation: 0.314406
estimate influence by Mente-Carlo is: 623.326
reachable node size: 317070
Sample num: 262144
upper ratio:0.559367
RR_num of upper bound: 262144
upper's influence:1994.43
estimate influence by StopAlgorithm is: 610.431
415 __ 652163107
lower's influence:2005.23
orginal's influence:2032.31
PhysicalMem(MB) 4475.96
VirtualMem(MB) 6009.55
time:540.607
Sample num: 415
lower ratio:0.0310145
upper ratio:9.90678e-18
Sample num: 830
lower ratio:0.0847738
upper ratio:9.35792e-18
Sample num: 1660
lower ratio:0.241471
upper ratio:8.07787e-18
Sample num: 3320
lower ratio:0.333705
upper ratio:6.66133e-18
approximation: 0.320337
estimate influence by Mente-Carlo is: 620.135
reachable node size: 317070
Sample num: 6640
lower ratio:0.450704
upper ratio:5.03396e-18
estimate influence by StopAlgorithm is: 616.854
260 __ 813887461
Sample num: 260
lower ratio:-0.0135192
upper ratio:-6.22233e-18
Sample num: 520
lower ratio:0.0229132
upper ratio:-6.22233e-18
Sample num: 1040
lower ratio:0.0780315
upper ratio:-5.90438e-18
Sample num: 2080
lower ratio:0.15048
upper ratio:-5.62349e-18
Sample num: 4160
lower ratio:0.279753
upper ratio:-5.62349e-18
Sample num: 13280
lower ratio:0.537607
RR_num of lower bound:13280 max_num:652163107
upper ratio:4.51206e-18
Sample num: 26560
upper ratio:-0.00479945
Sample num: 8320
lower ratio:0.38913
upper ratio:-4.1543e-18
Sample num: 53120
upper ratio:-0.006798
Sample num: 16640
lower ratio:0.481333
upper ratio:-3.80511e-18
Sample num: 106240
upper ratio:-0.00767948
Sample num: 212480
upper ratio:-0.00037013
Sample num: 33280
lower ratio:0.56306
RR_num of lower bound:33280 max_num:813887461
upper ratio:-3.6073e-18
Sample num: 66560
upper ratio:-0.00959791
Sample num: 133120
upper ratio:-0.00996099
Sample num: 424960
upper ratio:0.0411767
Sample num: 266240
upper ratio:-0.000612609
Sample num: 532480
upper ratio:0.0368623
Sample num: 849920
upper ratio:0.155897
Sample num: 473088
upper ratio:0.442769
Sample num: 1064960
upper ratio:0.155788
Sample num: 1699840
upper ratio:0.308683
Sample num: 2129920
upper ratio:0.270043
Sample num: 3399680
upper ratio:0.451576
Sample num: 946176
upper ratio:0.566124
RR_num of upper bound: 946176
upper's influence:8070.15
lower's influence:8261.52
orginal's influence:8314.83
PhysicalMem(MB) 47585.7
VirtualMem(MB) 48000.2
time:10901.8
approximation: 0.335387
estimate influence by Mente-Carlo is: 6846.63
reachable node size: 1504285
estimate influence by StopAlgorithm is: 6812.99
475 __ 3545878563
Sample num: 4259840
upper ratio:0.388794
Sample num: 475
lower ratio:0.082965
upper ratio:-2.0718e-17
Sample num: 950
lower ratio:0.163204
upper ratio:-1.986e-17
Sample num: 1900
lower ratio:0.309265
upper ratio:-1.71313e-17
Sample num: 3800
lower ratio:0.400061
upper ratio:-0.00627101
Sample num: 7600
lower ratio:0.510189
upper ratio:-1.16664e-17
Sample num: 15200
lower ratio:0.556678
RR_num of lower bound:15200 max_num:3545878563
upper ratio:-0.00491247
Sample num: 30400
upper ratio:-0.00958044
Sample num: 60800
upper ratio:0.0321728
Sample num: 6799360
upper ratio:0.583324
RR_num of upper bound: 6799360
upper's influence:606.553
lower's influence:584.882
orginal's influence:607.082
PhysicalMem(MB) 1690.04
VirtualMem(MB) 1708.22
time:10760.2
approximation: 0.219583
estimate influence by Mente-Carlo is: 963.189
reachable node size: 47666
estimate influence by StopAlgorithm is: 954.707
363 __ 85540261
Sample num: 363
lower ratio:0.148798
upper ratio:5.12561e-18
Sample num: 726
lower ratio:0.204993
upper ratio:4.04598e-18
Sample num: 1452
lower ratio:0.342074
upper ratio:-0.0125511
Sample num: 2904
lower ratio:0.419845
upper ratio:-0.00892168
Sample num: 5808
lower ratio:0.508519
upper ratio:0.00479215
Sample num: 11616
lower ratio:0.554895
RR_num of lower bound:11616 max_num:85540261
upper ratio:0.051837
Sample num: 23232
upper ratio:0.15162
Sample num: 46464
upper ratio:0.277506
Sample num: 92928
upper ratio:0.421672
Sample num: 185856
upper ratio:0.526668
Sample num: 121600
upper ratio:0.070403
Sample num: 371712
upper ratio:0.604534
RR_num of upper bound: 371712
upper's influence:793.598
lower's influence:760.677
orginal's influence:823.88
PhysicalMem(MB) 2352.8
VirtualMem(MB) 2626.65
time:244.199
approximation: 0.299936
estimate influence by Mente-Carlo is: 1179.24
reachable node size: 218111
estimate influence by StopAlgorithm is: 1170.37
411 __ 443918016
Sample num: 411
lower ratio:0.325106
upper ratio:0
Sample num: 822
lower ratio:0.419212
upper ratio:0
Sample num: 1644
lower ratio:0.499313
upper ratio:-0.0204447
Sample num: 3288
lower ratio:0.557533
RR_num of lower bound:3288 max_num:443918016
upper ratio:-0.00433557
Sample num: 6576
upper ratio:0.0284496
Sample num: 13152
upper ratio:0.0952562
Sample num: 26304
upper ratio:0.176913
Sample num: 52608
upper ratio:0.327938
Sample num: 105216
upper ratio:0.411674
Sample num: 210432
upper ratio:0.568849
RR_num of upper bound: 210432
upper's influence:571.015
lower's influence:561.256
orginal's influence:771.729
PhysicalMem(MB) 936.68
VirtualMem(MB) 965.801
time:416.055
Sample num: 2416640
upper ratio:0.617201
RR_num of upper bound: 2416640
approximation: 0.316603
estimate influence by Mente-Carlo is: 1616.58
reachable node size: 81294
estimate influence by StopAlgorithm is: 1628.36
365 __ 146918702
Sample num: 365
lower ratio:0.17905
upper ratio:2.28243e-18
Sample num: 730
lower ratio:0.312649
upper ratio:-0.00625958
Sample num: 1460
lower ratio:0.41809
upper ratio:-0.00549271
upper's influence:6494.44
Sample num: 2920
lower ratio:0.49741
upper ratio:-0.00770373
Sample num: 5840
lower ratio:0.554823
RR_num of lower bound:5840 max_num:146918702
upper ratio:0.0351219
Sample num: 11680
upper ratio:0.133029
Sample num: 23360
upper ratio:0.213376
Sample num: 46720
upper ratio:0.331185
lower's influence:6298.78
Sample num: 93440
upper ratio:0.450567
orginal's influence:6773.66
PhysicalMem(MB) 57104
VirtualMem(MB) 58146.1
time:86193.9
Sample num: 186880
upper ratio:0.578797
RR_num of upper bound: 186880
upper's influence:1227.52
lower's influence:1214.34
orginal's influence:1402.87
PhysicalMem(MB) 2155.53
VirtualMem(MB) 2504.19
time:194.475
approximation: 0.293856
estimate influence by Mente-Carlo is: 66.3456
reachable node size: 2314
estimate influence by StopAlgorithm is: 64.8438
276 __ 4192068
Sample num: 276
lower ratio:0.195466
upper ratio:-0.0124745
Sample num: 552
lower ratio:0.287826
upper ratio:-0.0155072
Sample num: 1104
lower ratio:0.392604
upper ratio:-0.00803073
Sample num: 2208
lower ratio:0.45701
upper ratio:-0.00851824
Sample num: 4416
lower ratio:0.553541
RR_num of lower bound:4416 max_num:4192068
upper ratio:0.0681773
Sample num: 8832
upper ratio:0.160016
Sample num: 17664
upper ratio:0.270791
Sample num: 35328
upper ratio:0.400231
Sample num: 70656
upper ratio:0.499995
Sample num: 141312
upper ratio:0.63197
RR_num of upper bound: 141312
upper's influence:55.6291
lower's influence:52.8591
orginal's influence:57.2903
PhysicalMem(MB) 46.293
VirtualMem(MB) 56.918
time:8.90715
approximation: 0.170084
estimate influence by Mente-Carlo is: 8805.37
reachable node size: 1134880
estimate influence by StopAlgorithm is: 8707.36
462 __ 2599486760
Sample num: 462
lower ratio:0.0191684
upper ratio:-1.05387e-17
Sample num: 924
lower ratio:0.0920671
upper ratio:-9.69489e-18
Sample num: 1848
lower ratio:0.202527
upper ratio:-6.57362e-18
Sample num: 3696
lower ratio:0.336193
upper ratio:-0.0057736
Sample num: 7392
lower ratio:0.449419
upper ratio:-6.018e-18
approximation: 0.315287
estimate influence by Mente-Carlo is: 133.652
reachable node size: 4029
estimate influence by StopAlgorithm is: 139.018
166 __ 9937714
Sample num: 166
lower ratio:0.0469479
upper ratio:1.32146e-17
Sample num: 332
lower ratio:0.11884
upper ratio:1.19938e-17
Sample num: 664
lower ratio:0.273468
upper ratio:-0.00702835
Sample num: 1328
lower ratio:0.369129
upper ratio:-0.0090828
Sample num: 2656
lower ratio:0.443549
upper ratio:0.0066933
Sample num: 5312
lower ratio:0.557688
RR_num of lower bound:5312 max_num:9937714
upper ratio:0.082965
Sample num: 10624
upper ratio:0.131764
Sample num: 21248
upper ratio:0.299746
Sample num: 42496
upper ratio:0.461526
Sample num: 84992
upper ratio:0.58
RR_num of upper bound: 84992
upper's influence:104.572
lower's influence:112.078
orginal's influence:111.343
PhysicalMem(MB) 147.684
VirtualMem(MB) 174.512
time:9.02604
approximation: 0.217724
estimate influence by Mente-Carlo is: 215.626
reachable node size: 955
estimate influence by StopAlgorithm is: 214.579
136 __ 1336951
Sample num: 136
lower ratio:0.075237
upper ratio:-0.00960272
Sample num: 272
lower ratio:0.165104
upper ratio:0.012046
Sample num: 544
lower ratio:0.269559
upper ratio:0.125908
Sample num: 1088
lower ratio:0.36535
upper ratio:0.156748
Sample num: 2176
lower ratio:0.44891
upper ratio:0.292038
Sample num: 4352
lower ratio:0.502589
upper ratio:0.391272
Sample num: 8704
lower ratio:0.562924
RR_num of lower bound:8704 max_num:1336951
upper ratio:0.50978
Sample num: 17408
upper ratio:0.543058
RR_num of upper bound: 17408
upper's influence:171.018
lower's influence:179.814
orginal's influence:186.45
PhysicalMem(MB) 275.578
VirtualMem(MB) 308.855
time:2.59421
approximation: 0.187372
estimate influence by Mente-Carlo is: 2069.44
reachable node size: 52093
estimate influence by StopAlgorithm is: 2105.42
256 __ 131724550
Sample num: 256
lower ratio:-0.00173862
upper ratio:0
Sample num: 512
lower ratio:0.0300446
upper ratio:0
Sample num: 1024
lower ratio:0.115619
upper ratio:-0.0132135
Sample num: 14784
lower ratio:0.526965
upper ratio:-0.0106051
Sample num: 2048
lower ratio:0.227201
upper ratio:0
Sample num: 4096
lower ratio:0.336386
upper ratio:-0.00669415
Sample num: 8192
lower ratio:0.459352
upper ratio:0.0284458
Sample num: 16384
lower ratio:0.51686
upper ratio:0.066442
Sample num: 32768
lower ratio:0.588788
RR_num of lower bound:32768 max_num:131724550
upper ratio:0.159901
Sample num: 65536
upper ratio:0.234193
Sample num: 131072
upper ratio:0.383931
Sample num: 262144
upper ratio:0.525475
Sample num: 243200
upper ratio:0.191294
Sample num: 8519680
upper ratio:0.572214
RR_num of upper bound: 8519680
upper's influence:597.546
lower's influence:594.076
orginal's influence:616.775
PhysicalMem(MB) 3711.8
VirtualMem(MB) 4322.45
time:13783.4
approximation: 0.23085
estimate influence by Mente-Carlo is: 964
reachable node size: 47666
estimate influence by StopAlgorithm is: 940.721
229 __ 107749516
Sample num: 229
lower ratio:0.0623545
upper ratio:-8.73266e-18
Sample num: 458
lower ratio:0.142649
upper ratio:-7.37818e-18
Sample num: 916
lower ratio:0.219666
upper ratio:-6.86765e-18
Sample num: 1832
lower ratio:0.346424
upper ratio:-0.00733392
Sample num: 3664
lower ratio:0.427463
upper ratio:-0.0128582
Sample num: 7328
lower ratio:0.514019
upper ratio:0.00237865
Sample num: 14656
lower ratio:0.589997
RR_num of lower bound:14656 max_num:107749516
upper ratio:0.101162
Sample num: 29312
upper ratio:0.222746
Sample num: 524288
upper ratio:0.655661
RR_num of upper bound: 524288
Sample num: 29568
lower ratio:0.595665
RR_num of lower bound:29568 max_num:2599486760
upper ratio:0.00493397
upper's influence:1982.26
lower's influence:2013.7
Sample num: 58624
upper ratio:0.33704
orginal's influence:1992.51
PhysicalMem(MB) 8745.65
VirtualMem(MB) 11807.8
time:1064.77
Sample num: 117248
upper ratio:0.458908
approximation: 0.319601
estimate influence by Mente-Carlo is: 624.745
reachable node size: 317070
estimate influence by StopAlgorithm is: 625.224
260 __ 813887461
Sample num: 260
lower ratio:-0.0146711
upper ratio:-6.58629e-18
Sample num: 520
lower ratio:0.0110735
upper ratio:-6.58629e-18
Sample num: 1040
lower ratio:0.0981751
upper ratio:-6.58629e-18
Sample num: 234496
upper ratio:0.576724
RR_num of upper bound: 234496
upper's influence:823.445
lower's influence:825.549
orginal's influence:862.032
PhysicalMem(MB) 2935.54
VirtualMem(MB) 3081.33
time:175.044
Sample num: 2080
lower ratio:0.183417
upper ratio:-6.58629e-18
approximation: 0.301888
estimate influence by Mente-Carlo is: 1178.24
reachable node size: 218111
Sample num: 4160
lower ratio:0.288213
upper ratio:-5.90438e-18
estimate influence by StopAlgorithm is: 1170.29
257 __ 554375779
Sample num: 257
lower ratio:0.229385
upper ratio:-6.63256e-18
Sample num: 514
lower ratio:0.328532
upper ratio:-6.26365e-18
Sample num: 1028
lower ratio:0.402249
upper ratio:-0.00957728
Sample num: 2056
lower ratio:0.483909
upper ratio:-0.0168392
Sample num: 8320
lower ratio:0.404858
upper ratio:-0.0131387
Sample num: 4112
lower ratio:0.552327
RR_num of lower bound:4112 max_num:554375779
upper ratio:-0.0136944
Sample num: 8224
upper ratio:0.0623835
Sample num: 16448
upper ratio:0.103572
Sample num: 32896
upper ratio:0.19915
Sample num: 59136
upper ratio:0.0408414
Sample num: 65792
upper ratio:0.278226
Sample num: 16640
lower ratio:0.50306
upper ratio:-0.0131387
Sample num: 131584
upper ratio:0.45623
Sample num: 33280
lower ratio:0.586168
RR_num of lower bound:33280 max_num:813887461
upper ratio:-0.0152982
Sample num: 66560
upper ratio:-0.013597
Sample num: 263168
upper ratio:0.559302
RR_num of upper bound: 263168
upper's influence:686.377
lower's influence:693.891
orginal's influence:851.175
PhysicalMem(MB) 1100.52
VirtualMem(MB) 1277.5
time:486.51
Sample num: 133120
upper ratio:-0.000763267
approximation: 0.317457
estimate influence by Mente-Carlo is: 1617.92
reachable node size: 81294
estimate influence by StopAlgorithm is: 1576.18
231 __ 184969613
Sample num: 231
lower ratio:0.0757783
upper ratio:2.64702e-18
Sample num: 462
lower ratio:0.194247
upper ratio:2.20283e-18
Sample num: 924
lower ratio:0.316876
upper ratio:2.06936e-18
Sample num: 1848
lower ratio:0.394733
upper ratio:-0.0109425
Sample num: 3696
lower ratio:0.497907
upper ratio:-0.0118814
Sample num: 7392
lower ratio:0.560595
RR_num of lower bound:7392 max_num:184969613
upper ratio:0.0348006
Sample num: 14784
upper ratio:0.128431
Sample num: 29568
upper ratio:0.287008
Sample num: 59136
upper ratio:0.406645
Sample num: 118272
upper ratio:0.551697
RR_num of upper bound: 118272
upper's influence:1361.44
lower's influence:1375.28
orginal's influence:1483.17
PhysicalMem(MB) 2679.18
VirtualMem(MB) 2917.09
time:137.047
Sample num: 118272
upper ratio:0.159776
approximation: 0.296509
Sample num: 266240
upper ratio:0.0294113
estimate influence by Mente-Carlo is: 66.3833
reachable node size: 2314
estimate influence by StopAlgorithm is: 64.556
178 __ 4877487
Sample num: 178
lower ratio:0.0442431
upper ratio:-0.013222
Sample num: 356
lower ratio:0.157437
upper ratio:-0.0117536
Sample num: 712
lower ratio:0.241578
upper ratio:0
Sample num: 1424
lower ratio:0.349377
upper ratio:0
Sample num: 2848
lower ratio:0.444709
upper ratio:-0.00643789
Sample num: 5696
lower ratio:0.537732
RR_num of lower bound:5696 max_num:4877487
upper ratio:0.0549573
Sample num: 11392
upper ratio:0.14474
Sample num: 22784
upper ratio:0.2968
Sample num: 45568
upper ratio:0.410403
Sample num: 91136
upper ratio:0.527215
Sample num: 182272
upper ratio:0.636802
RR_num of upper bound: 182272
upper's influence:57.5059
lower's influence:56.7191
orginal's influence:60.7667
PhysicalMem(MB) 60.0703
VirtualMem(MB) 75.6602
time:11.2752
approximation: 0.22191
estimate influence by Mente-Carlo is: 8761.34
reachable node size: 1134880
estimate influence by StopAlgorithm is: 8836.26
287 __ 3223023447
Sample num: 287
lower ratio:-0.0105316
upper ratio:1.15614e-17
Sample num: 574
lower ratio:0.0599976
upper ratio:1.05174e-17
Sample num: 1148
lower ratio:0.175792
upper ratio:-0.00764212
Sample num: 2296
lower ratio:0.259773
upper ratio:-0.00764212
Sample num: 4592
lower ratio:0.34995
upper ratio:-0.00741381
Sample num: 532480
upper ratio:0.0823984
Sample num: 9184
lower ratio:0.490427
upper ratio:-0.00720082
Sample num: 236544
upper ratio:0.267886
Sample num: 1064960
upper ratio:0.15506
Sample num: 18368
lower ratio:0.567824
RR_num of lower bound:18368 max_num:3223023447
upper ratio:-0.00553283
Sample num: 36736
upper ratio:-0.00878585
Sample num: 73472
upper ratio:0.0576214
Sample num: 2129920
upper ratio:0.252068
Sample num: 146944
upper ratio:0.160289
Sample num: 473088
upper ratio:0.437843
Sample num: 486400
upper ratio:0.35792
Sample num: 293888
upper ratio:0.279384
Sample num: 4259840
upper ratio:0.433963
Sample num: 587776
upper ratio:0.4309
Sample num: 946176
upper ratio:0.49217
Sample num: 1175552
upper ratio:0.530772
Sample num: 8519680
upper ratio:0.548439
RR_num of upper bound: 8519680
upper's influence:595.96
lower's influence:602.087
orginal's influence:620.869
PhysicalMem(MB) 3701.72
VirtualMem(MB) 4312.78
time:13460.7
approximation: 0.230259
estimate influence by Mente-Carlo is: 963.689
reachable node size: 47666
estimate influence by StopAlgorithm is: 968.299
229 __ 107749516
Sample num: 229
lower ratio:0.00954514
upper ratio:-9.66988e-18
Sample num: 458
lower ratio:0.106638
upper ratio:-7.11222e-18
Sample num: 916
lower ratio:0.232113
upper ratio:-0.0109545
Sample num: 1832
lower ratio:0.353149
upper ratio:-0.0125697
Sample num: 3664
lower ratio:0.409429
upper ratio:-0.0115648
Sample num: 7328
lower ratio:0.496581
upper ratio:-0.00532126
Sample num: 14656
lower ratio:0.604543
RR_num of lower bound:14656 max_num:107749516
upper ratio:0.0520932
Sample num: 29312
upper ratio:0.137971
Sample num: 58624
upper ratio:0.312976
Sample num: 117248
upper ratio:0.430997
Sample num: 234496
upper ratio:0.523898
Sample num: 468992
upper ratio:0.628567
RR_num of upper bound: 468992
upper's influence:839.18
lower's influence:836.825
orginal's influence:858.966
PhysicalMem(MB) 2948.86
VirtualMem(MB) 3091.38
time:311.621
approximation: 0.30301
estimate influence by Mente-Carlo is: 1178.48
reachable node size: 218111
estimate influence by StopAlgorithm is: 1198.66
257 __ 554375779
Sample num: 257
lower ratio:0.23197
upper ratio:-5.94164e-18
Sample num: 514
lower ratio:0.34196
upper ratio:-5.65738e-18
Sample num: 1028
lower ratio:0.426157
upper ratio:-5.65738e-18
Sample num: 2056
lower ratio:0.493414
upper ratio:-0.0131659
Sample num: 4112
lower ratio:0.542811
RR_num of lower bound:4112 max_num:554375779
upper ratio:-3.62215e-18
Sample num: 8224
upper ratio:0.029785
Sample num: 16448
upper ratio:0.0636594
Sample num: 32896
upper ratio:0.148772
Sample num: 65792
upper ratio:0.261489
Sample num: 131584
upper ratio:0.397687
Sample num: 263168
upper ratio:0.541107
RR_num of upper bound: 263168
upper's influence:705.083
lower's influence:707.638
orginal's influence:892.644
PhysicalMem(MB) 1092.72
VirtualMem(MB) 1272.53
time:488.986
approximation: 0.319516
estimate influence by Mente-Carlo is: 1590.56
reachable node size: 81294
estimate influence by StopAlgorithm is: 1541.39
231 __ 184969613
Sample num: 231
lower ratio:0.0794854
upper ratio:2.89243e-18
Sample num: 462
lower ratio:0.157108
upper ratio:2.35815e-18
Sample num: 924
lower ratio:0.263632
upper ratio:-0.011547
Sample num: 1848
lower ratio:0.365084
upper ratio:-0.0138623
Sample num: 3696
lower ratio:0.462884
upper ratio:-0.00833057
Sample num: 7392
lower ratio:0.540832
RR_num of lower bound:7392 max_num:184969613
upper ratio:0.0363552
Sample num: 14784
upper ratio:0.102299
Sample num: 29568
upper ratio:0.237648
Sample num: 59136
upper ratio:0.359823
Sample num: 118272
upper ratio:0.513343
Sample num: 236544
upper ratio:0.619628
RR_num of upper bound: 236544
upper's influence:1374.87
lower's influence:1342.65
orginal's influence:1471.26
PhysicalMem(MB) 2674.07
VirtualMem(MB) 2913.12
time:249.372
approximation: 0.304045
estimate influence by Mente-Carlo is: 66.4533
reachable node size: 2314
estimate influence by StopAlgorithm is: 64.924
178 __ 4877487
Sample num: 178
lower ratio:0.0576741
upper ratio:-0.0124357
Sample num: 356
lower ratio:0.144546
upper ratio:-0.00933163
Sample num: 712
lower ratio:0.259988
upper ratio:-0.0139449
Sample num: 1424
lower ratio:0.345028
upper ratio:-0.014989
Sample num: 2848
lower ratio:0.442303
upper ratio:0.0237614
Sample num: 5696
lower ratio:0.550796
RR_num of lower bound:5696 max_num:4877487
upper ratio:0.0732913
Sample num: 11392
upper ratio:0.171481
Sample num: 22784
upper ratio:0.292475
Sample num: 45568
upper ratio:0.41051
Sample num: 91136
upper ratio:0.512789
Sample num: 182272
upper ratio:0.610859
RR_num of upper bound: 182272
upper's influence:57.4499
lower's influence:57.6617
orginal's influence:61.4687
PhysicalMem(MB) 57.7773
VirtualMem(MB) 75.6992
time:11.2519
approximation: 0.220639
estimate influence by Mente-Carlo is: 8758.11
reachable node size: 1134880
estimate influence by StopAlgorithm is: 8547.14
287 __ 3223023447
Sample num: 287
lower ratio:-0.00292847
upper ratio:1.05174e-17
Sample num: 574
lower ratio:0.035141
upper ratio:9.67669e-18
Sample num: 1148
lower ratio:0.172861
upper ratio:9.31348e-18
Sample num: 2296
lower ratio:0.302112
upper ratio:-0.00764212
Sample num: 4592
lower ratio:0.406096
upper ratio:-0.00741381
Sample num: 9184
lower ratio:0.527381
upper ratio:-0.0156989
Sample num: 972800
upper ratio:0.416154
Sample num: 18368
lower ratio:0.584618
RR_num of lower bound:18368 max_num:3223023447
upper ratio:-0.0136729
Sample num: 36736
upper ratio:-0.00332167
Sample num: 73472
upper ratio:0.0611395
Sample num: 146944
upper ratio:0.117034
Sample num: 1892352
upper ratio:0.563309
RR_num of upper bound: 1892352
upper's influence:8078.16
lower's influence:8043.64
orginal's influence:8309.69
PhysicalMem(MB) 47726.8
VirtualMem(MB) 48153.3
time:19648
approximation: 0.334404
estimate influence by Mente-Carlo is: 133.043
reachable node size: 4029
estimate influence by StopAlgorithm is: 129.929
255 __ 7727570
Sample num: 255
lower ratio:0.152718
upper ratio:-0.010846
Sample num: 510
lower ratio:0.238028
upper ratio:-0.0119681
Sample num: 1020
lower ratio:0.306484
upper ratio:-0.00722453
Sample num: 2040
lower ratio:0.423835
upper ratio:0.0136081
Sample num: 4080
lower ratio:0.507809
upper ratio:0.059665
Sample num: 8160
lower ratio:0.571007
RR_num of lower bound:8160 max_num:7727570
upper ratio:0.175094
Sample num: 16320
upper ratio:0.233675
Sample num: 32640
upper ratio:0.383879
Sample num: 65280
upper ratio:0.498466
Sample num: 130560
upper ratio:0.587673
RR_num of upper bound: 130560
upper's influence:106.695
lower's influence:101.613
orginal's influence:107.447
PhysicalMem(MB) 214.453
VirtualMem(MB) 226.215
time:13.4091
approximation: 0.185548
estimate influence by Mente-Carlo is: 215.606
reachable node size: 955
estimate influence by StopAlgorithm is: 212.016
203 __ 1134953
Sample num: 203
lower ratio:0.145529
upper ratio:0.0028846
Sample num: 406
lower ratio:0.213685
upper ratio:0.0212618
Sample num: 812
lower ratio:0.313676
upper ratio:0.141901
Sample num: 1624
lower ratio:0.392888
upper ratio:0.268773
Sample num: 3248
lower ratio:0.455426
upper ratio:0.405576
Sample num: 6496
lower ratio:0.503577
upper ratio:0.507808
Sample num: 12992
lower ratio:0.54628
RR_num of lower bound:12992 max_num:1134953
upper ratio:0.56277
RR_num of upper bound: 12992
upper's influence:162.297
lower's influence:164.479
orginal's influence:165.182
PhysicalMem(MB) 398.668
VirtualMem(MB) 497.637
time:2.84182
approximation: 0.197545
estimate influence by Mente-Carlo is: 2075.17
reachable node size: 52093
estimate influence by StopAlgorithm is: 2065.66
409 __ 105441261
Sample num: 409
lower ratio:0.084083
upper ratio:-0.0117193
Sample num: 818
lower ratio:0.164427
upper ratio:-0.0135099
Sample num: 1636
lower ratio:0.27592
upper ratio:-0.0118741
Sample num: 3272
lower ratio:0.383697
upper ratio:-0.0108655
Sample num: 6544
lower ratio:0.467081
upper ratio:0.0119593
Sample num: 13088
lower ratio:0.550696
RR_num of lower bound:13088 max_num:105441261
upper ratio:0.0892756
Sample num: 26176
upper ratio:0.134017
Sample num: 52352
upper ratio:0.282189
Sample num: 104704
upper ratio:0.441904
Sample num: 209408
upper ratio:0.585952
RR_num of upper bound: 209408
upper's influence:1886.35
lower's influence:1935.17
orginal's influence:1910.17
PhysicalMem(MB) 3632.22
VirtualMem(MB) 3945.11
time:436.809
approximation: 0.314253
estimate influence by Mente-Carlo is: 622.756
reachable node size: 317070
estimate influence by StopAlgorithm is: 627.724
415 __ 652163107
Sample num: 415
lower ratio:0.0224878
upper ratio:8.8786e-18
Sample num: 830
lower ratio:0.0996759
upper ratio:8.8786e-18
Sample num: 1660
lower ratio:0.222227
upper ratio:8.45527e-18
Sample num: 3320
lower ratio:0.343726
upper ratio:7.15229e-18
Sample num: 6640
lower ratio:0.464342
upper ratio:6.2428e-18
Sample num: 13280
lower ratio:0.55138
RR_num of lower bound:13280 max_num:652163107
upper ratio:-0.00607202
Sample num: 26560
upper ratio:-0.00593706
Sample num: 53120
upper ratio:-0.00429484
Sample num: 106240
upper ratio:0.00422076
Sample num: 293888
upper ratio:0.231222
Sample num: 212480
upper ratio:0.00352096
Sample num: 424960
upper ratio:0.0808344
Sample num: 849920
upper ratio:0.129501
Sample num: 1699840
upper ratio:0.290568
Sample num: 587776
upper ratio:0.403518
Sample num: 3399680
upper ratio:0.446741
Sample num: 2351104
upper ratio:0.613014
RR_num of upper bound: 2351104
upper's influence:8215.19
lower's influence:8074.19
orginal's influence:8223.65
PhysicalMem(MB) 30081.9
VirtualMem(MB) 35077.1
time:23461.8
approximation: 0.335491
estimate influence by Mente-Carlo is: 134.324
reachable node size: 4029
estimate influence by StopAlgorithm is: 132.389
166 __ 9937714
Sample num: 166
lower ratio:0.0314692
upper ratio:1.19938e-17
Sample num: 332
lower ratio:0.220113
upper ratio:-0.0153811
Sample num: 664
lower ratio:0.318692
upper ratio:8.91119e-18
Sample num: 1328
lower ratio:0.412678
upper ratio:-0.0105974
Sample num: 2656
lower ratio:0.467885
upper ratio:0.010229
Sample num: 5312
lower ratio:0.53998
RR_num of lower bound:5312 max_num:9937714
upper ratio:0.0683805
Sample num: 10624
upper ratio:0.190905
Sample num: 21248
upper ratio:0.348644
Sample num: 42496
upper ratio:0.427436
Sample num: 84992
upper ratio:0.530008
Sample num: 169984
upper ratio:0.661405
RR_num of upper bound: 169984
upper's influence:107.183
lower's influence:113.726
orginal's influence:114.078
PhysicalMem(MB) 147.031
VirtualMem(MB) 172.051
time:16.1857
approximation: 0.216574
estimate influence by Mente-Carlo is: 216.458
reachable node size: 955
estimate influence by StopAlgorithm is: 216.658
136 __ 1336951
Sample num: 136
lower ratio:0.0656469
upper ratio:-0.0117135
Sample num: 272
lower ratio:0.159603
upper ratio:-0.000389235
Sample num: 544
lower ratio:0.265312
upper ratio:0.0230482
Sample num: 1088
lower ratio:0.365296
upper ratio:0.169627
Sample num: 2176
lower ratio:0.457774
upper ratio:0.29784
Sample num: 4352
lower ratio:0.52011
upper ratio:0.390888
Sample num: 8704
lower ratio:0.563209
RR_num of lower bound:8704 max_num:1336951
upper ratio:0.487941
Sample num: 17408
upper ratio:0.561112
RR_num of upper bound: 17408
upper's influence:182.86
lower's influence:173.166
orginal's influence:184.608
PhysicalMem(MB) 274.219
VirtualMem(MB) 307.98
time:2.58575
approximation: 0.187256
estimate influence by Mente-Carlo is: 2068.04
reachable node size: 52093
estimate influence by StopAlgorithm is: 2029.17
256 __ 131724550
Sample num: 256
lower ratio:-0.00746236
upper ratio:0
Sample num: 512
lower ratio:0.0270859
upper ratio:0
Sample num: 1024
lower ratio:0.100619
upper ratio:0
Sample num: 2048
lower ratio:0.226075
upper ratio:-0.01619
Sample num: 4096
lower ratio:0.343108
upper ratio:-0.00654434
Sample num: 8192
lower ratio:0.439351
upper ratio:0.0142916
Sample num: 16384
lower ratio:0.522411
upper ratio:0.10152
Sample num: 32768
lower ratio:0.595553
RR_num of lower bound:32768 max_num:131724550
upper ratio:0.152223
Sample num: 65536
upper ratio:0.282258
Sample num: 131072
upper ratio:0.420323
Sample num: 262144
upper ratio:0.562687
RR_num of upper bound: 262144
upper's influence:1936.49
lower's influence:1944.17
orginal's influence:1947.9
PhysicalMem(MB) 8748.14
VirtualMem(MB) 11806.8
time:696.758
approximation: 0.319062
estimate influence by Mente-Carlo is: 622.889
reachable node size: 317070
estimate influence by StopAlgorithm is: 613.061
260 __ 813887461
Sample num: 260
lower ratio:-0.0157215
upper ratio:-6.58629e-18
Sample num: 520
lower ratio:0.0279184
upper ratio:-6.58629e-18
Sample num: 1040
lower ratio:0.103975
upper ratio:-6.58629e-18
Sample num: 2080
lower ratio:0.18471
upper ratio:-5.90438e-18
Sample num: 4160
lower ratio:0.292922
upper ratio:-4.75847e-18
Sample num: 8320
lower ratio:0.390164
upper ratio:-4.28807e-18
Sample num: 16640
lower ratio:0.496023
upper ratio:-4.28807e-18
Sample num: 33280
lower ratio:0.57918
RR_num of lower bound:33280 max_num:813887461
upper ratio:-4.02987e-18
Sample num: 66560
upper ratio:-0.00959791
Sample num: 133120
upper ratio:-0.0108836
Sample num: 266240
upper ratio:-0.00839219
Sample num: 532480
upper ratio:0.0304432
Sample num: 1175552
upper ratio:0.497676
Sample num: 1064960
upper ratio:0.0870613
Sample num: 6799360
upper ratio:0.61522
RR_num of upper bound: 6799360
upper's influence:587.578
lower's influence:564.961
orginal's influence:586.891
PhysicalMem(MB) 1689.12
VirtualMem(MB) 1707.86
time:10698.7
approximation: 0.223036
estimate influence by Mente-Carlo is: 960.869
reachable node size: 47666
Sample num: 2129920
upper ratio:0.212062
estimate influence by StopAlgorithm is: 958.065
363 __ 85540261
Sample num: 363
lower ratio:0.100352
upper ratio:4.93098e-18
Sample num: 726
lower ratio:0.282149
upper ratio:3.82564e-18
Sample num: 1452
lower ratio:0.368521
upper ratio:-0.00929839
Sample num: 2904
lower ratio:0.439061
upper ratio:-0.00783324
Sample num: 5808
lower ratio:0.506733
upper ratio:0.00512542
Sample num: 11616
lower ratio:0.580181
RR_num of lower bound:11616 max_num:85540261
upper ratio:0.0777824
Sample num: 23232
upper ratio:0.219962
Sample num: 46464
upper ratio:0.385177
Sample num: 92928
upper ratio:0.432631
Sample num: 185856
upper ratio:0.540441
RR_num of upper bound: 185856
upper's influence:769.528
lower's influence:776.708
orginal's influence:852.67
PhysicalMem(MB) 2358.09
VirtualMem(MB) 2628.8
time:140.94
approximation: 0.298972
estimate influence by Mente-Carlo is: 1178.26
reachable node size: 218111
estimate influence by StopAlgorithm is: 1188.87
411 __ 443918016
Sample num: 411
lower ratio:0.3326
upper ratio:0
Sample num: 822
lower ratio:0.420943
upper ratio:0
Sample num: 1644
lower ratio:0.490429
upper ratio:-0.00749882
Sample num: 3288
lower ratio:0.546362
RR_num of lower bound:3288 max_num:443918016
upper ratio:-0.0118846
Sample num: 6576
upper ratio:-0.011013
Sample num: 13152
upper ratio:0.0836065
Sample num: 26304
upper ratio:0.22703
Sample num: 52608
upper ratio:0.286578
Sample num: 105216
upper ratio:0.447953
Sample num: 210432
upper ratio:0.561466
RR_num of upper bound: 210432
upper's influence:560.17
lower's influence:555.535
orginal's influence:748.419
PhysicalMem(MB) 936.918
VirtualMem(MB) 967.426
time:412.613
approximation: 0.325696
estimate influence by Mente-Carlo is: 1616.99
reachable node size: 81294
estimate influence by StopAlgorithm is: 1565.9
365 __ 146918702
Sample num: 365
lower ratio:0.1909
upper ratio:2.77042e-18
Sample num: 730
lower ratio:0.290885
upper ratio:-0.0118862
Sample num: 1460
lower ratio:0.359893
upper ratio:-0.00811144
Sample num: 2920
lower ratio:0.471318
upper ratio:-0.00908521
Sample num: 5840
lower ratio:0.539722
RR_num of lower bound:5840 max_num:146918702
upper ratio:0.0457458
Sample num: 11680
upper ratio:0.132905
Sample num: 23360
upper ratio:0.229473
Sample num: 46720
upper ratio:0.381153
Sample num: 93440
upper ratio:0.499374
Sample num: 186880
upper ratio:0.571645
RR_num of upper bound: 186880
upper's influence:1228.18
lower's influence:1230.91
orginal's influence:1410.51
PhysicalMem(MB) 2156.2
VirtualMem(MB) 2505.73
time:195.007
approximation: 0.291998
estimate influence by Mente-Carlo is: 66.4235
reachable node size: 2314
estimate influence by StopAlgorithm is: 64.8086
276 __ 4192068
Sample num: 276
lower ratio:0.172903
upper ratio:-0.0111846
Sample num: 552
lower ratio:0.281125
upper ratio:-0.0083696
Sample num: 1104
lower ratio:0.404559
upper ratio:-0.0105222
Sample num: 2208
lower ratio:0.484789
upper ratio:-0.00146654
Sample num: 4416
lower ratio:0.576686
RR_num of lower bound:4416 max_num:4192068
upper ratio:0.0213346
Sample num: 8832
upper ratio:0.0711295
Sample num: 17664
upper ratio:0.229825
Sample num: 35328
upper ratio:0.43296
Sample num: 70656
upper ratio:0.54092
RR_num of upper bound: 70656
upper's influence:54.139
lower's influence:54.1089
orginal's influence:58.0885
PhysicalMem(MB) 47.0039
VirtualMem(MB) 57.0273
time:5.23301
approximation: 0.168688
estimate influence by Mente-Carlo is: 8870.15
reachable node size: 1134880
estimate influence by StopAlgorithm is: 8918.9
462 __ 2599486760
Sample num: 462
lower ratio:0.0100187
upper ratio:-1.15871e-17
Sample num: 924
lower ratio:0.104851
upper ratio:-9.3304e-18
Sample num: 1848
lower ratio:0.194896
upper ratio:-7.07513e-18
Sample num: 3696
lower ratio:0.287058
upper ratio:-6.28184e-18
Sample num: 7392
lower ratio:0.413818
upper ratio:-0.011913
Sample num: 14784
lower ratio:0.498014
upper ratio:-0.01167
Sample num: 29568
lower ratio:0.570481
RR_num of lower bound:29568 max_num:2599486760
upper ratio:-0.00233667
Sample num: 4259840
upper ratio:0.429698
Sample num: 59136
upper ratio:0.0172163
Sample num: 118272
upper ratio:0.112008
Sample num: 236544
upper ratio:0.214018
Sample num: 473088
upper ratio:0.377582
Sample num: 1945600
upper ratio:0.536965
RR_num of upper bound: 1945600
upper's influence:6350.83
lower's influence:6208.57
orginal's influence:6387.68
PhysicalMem(MB) 46857.5
VirtualMem(MB) 48823.2
time:43968.4
approximation: 0.314452
estimate influence by Mente-Carlo is: 135.025
reachable node size: 4029
estimate influence by StopAlgorithm is: 134.306
255 __ 7727570
Sample num: 255
lower ratio:0.0809132
upper ratio:-0.0103478
Sample num: 510
lower ratio:0.245473
upper ratio:-2.55605e-18
Sample num: 1020
lower ratio:0.347599
upper ratio:-0.00619352
Sample num: 2040
lower ratio:0.447934
upper ratio:-0.00723006
Sample num: 4080
lower ratio:0.517505
upper ratio:0.0241465
Sample num: 8160
lower ratio:0.582137
RR_num of lower bound:8160 max_num:7727570
upper ratio:0.112545
Sample num: 16320
upper ratio:0.196369
Sample num: 2351104
upper ratio:0.603857
RR_num of upper bound: 2351104
Sample num: 32640
upper ratio:0.345178
Sample num: 65280
upper ratio:0.471103
Sample num: 130560
upper ratio:0.570226
RR_num of upper bound: 130560
upper's influence:105.93
lower's influence:103.272
orginal's influence:109.781
PhysicalMem(MB) 212.664
VirtualMem(MB) 225.141
time:13.3657
approximation: 0.183274
estimate influence by Mente-Carlo is: 214.856
reachable node size: 955
estimate influence by StopAlgorithm is: 211.348
203 __ 1134953
Sample num: 203
lower ratio:0.136365
upper ratio:0.0103807
Sample num: 406
lower ratio:0.232613
upper ratio:0.0650211
Sample num: 812
lower ratio:0.324117
upper ratio:0.110622
Sample num: 1624
lower ratio:0.394578
upper ratio:0.226245
Sample num: 3248
lower ratio:0.465323
upper ratio:0.352422
Sample num: 6496
lower ratio:0.519093
upper ratio:0.482165
Sample num: 12992
lower ratio:0.555493
RR_num of lower bound:12992 max_num:1134953
upper ratio:0.543532
RR_num of upper bound: 12992
upper's influence:166.592
lower's influence:159.103
orginal's influence:165.434
PhysicalMem(MB) 401.938
VirtualMem(MB) 498.586
time:2.85305
approximation: 0.197785
estimate influence by Mente-Carlo is: 2073.2
reachable node size: 52093
upper's influence:8151.5
estimate influence by StopAlgorithm is: 2081.6
409 __ 105441261
Sample num: 409
lower ratio:0.0642361
upper ratio:-5.34472e-18
Sample num: 818
lower ratio:0.143714
upper ratio:-4.86099e-18
Sample num: 1636
lower ratio:0.272704
upper ratio:-4.75506e-18
lower's influence:8493.07
Sample num: 3272
lower ratio:0.386816
upper ratio:-0.00716693
orginal's influence:8193.51
PhysicalMem(MB) 30331.4
VirtualMem(MB) 35256
time:23403.5
Sample num: 6544
lower ratio:0.463954
upper ratio:-0.00606862
Sample num: 13088
lower ratio:0.55441
RR_num of lower bound:13088 max_num:105441261
upper ratio:0.0408872
Sample num: 26176
upper ratio:0.152668
Sample num: 52352
upper ratio:0.298109
Sample num: 104704
upper ratio:0.472737
approximation: 0.339373
Sample num: 209408
upper ratio:0.572018
RR_num of upper bound: 209408
upper's influence:1934.58
lower's influence:1819.68
orginal's influence:1937.8
PhysicalMem(MB) 3612.43
VirtualMem(MB) 3931.3
time:438.392
approximation: 0.313037
estimate influence by Mente-Carlo is: 6867.86
reachable node size: 1504285
estimate influence by Mente-Carlo is: 623.08
reachable node size: 317070
estimate influence by StopAlgorithm is: 620.887
415 __ 652163107
Sample num: 415
lower ratio:0.0257675
upper ratio:9.90678e-18
Sample num: 830
lower ratio:0.0960345
upper ratio:9.35792e-18
Sample num: 1660
lower ratio:0.211441
upper ratio:9.35792e-18
estimate influence by StopAlgorithm is: 6988.34
295 __ 4389277066
Sample num: 3320
lower ratio:0.338322
upper ratio:8.45527e-18
Sample num: 295
lower ratio:-0.0136405
upper ratio:0
Sample num: 6640
lower ratio:0.440324
upper ratio:6.2428e-18
Sample num: 590
lower ratio:0.0329721
upper ratio:0
Sample num: 13280
lower ratio:0.525934
upper ratio:4.91882e-18
Sample num: 1180
lower ratio:0.0971519
upper ratio:0
Sample num: 2360
lower ratio:0.200269
upper ratio:0
Sample num: 26560
lower ratio:0.602377
RR_num of lower bound:26560 max_num:652163107
upper ratio:-0.00593706
Sample num: 8519680
upper ratio:0.588724
RR_num of upper bound: 8519680
Sample num: 53120
upper ratio:-0.0105467
upper's influence:606.628
lower's influence:605.316
orginal's influence:619.239
PhysicalMem(MB) 3711.73
VirtualMem(MB) 4321.77
time:13543.9
Sample num: 106240
upper ratio:-0.00930929
approximation: 0.231245
estimate influence by Mente-Carlo is: 964.941
reachable node size: 47666
estimate influence by StopAlgorithm is: 969.572
229 __ 107749516
Sample num: 229
lower ratio:0.0266526
upper ratio:-8.73266e-18
Sample num: 458
lower ratio:0.0878625
upper ratio:-8.34046e-18
Sample num: 916
lower ratio:0.216402
upper ratio:-6.86765e-18
Sample num: 1832
lower ratio:0.33215
upper ratio:-6.0562e-18
Sample num: 3664
lower ratio:0.438263
upper ratio:-0.0115648
Sample num: 7328
lower ratio:0.497454
upper ratio:0.0092914
Sample num: 14656
lower ratio:0.548279
RR_num of lower bound:14656 max_num:107749516
upper ratio:0.0780226
Sample num: 29312
upper ratio:0.146592
Sample num: 4720
lower ratio:0.327862
upper ratio:0
Sample num: 58624
upper ratio:0.319026
Sample num: 117248
upper ratio:0.452808
Sample num: 212480
upper ratio:0.0113601
Sample num: 234496
upper ratio:0.555451
RR_num of upper bound: 234496
upper's influence:843.171
lower's influence:815.06
orginal's influence:866.701
PhysicalMem(MB) 2973.16
VirtualMem(MB) 3111.04
time:176.087
approximation: 0.302973
estimate influence by Mente-Carlo is: 1181.95
reachable node size: 218111
estimate influence by StopAlgorithm is: 1190.37
257 __ 554375779
Sample num: 257
lower ratio:0.210923
upper ratio:-5.94164e-18
Sample num: 514
lower ratio:0.300756
upper ratio:-5.40405e-18
Sample num: 1028
lower ratio:0.405885
upper ratio:-4.97055e-18
Sample num: 2056
lower ratio:0.479947
upper ratio:-0.0163997
Sample num: 4112
lower ratio:0.54701
RR_num of lower bound:4112 max_num:554375779
upper ratio:-0.000571778
Sample num: 8224
upper ratio:0.03967
Sample num: 16448
upper ratio:0.0807624
Sample num: 32896
upper ratio:0.17661
Sample num: 65792
upper ratio:0.302476
Sample num: 131584
upper ratio:0.444897
Sample num: 424960
upper ratio:0.0812006
Sample num: 9440
lower ratio:0.443465
upper ratio:0
Sample num: 263168
upper ratio:0.616886
RR_num of upper bound: 263168
upper's influence:708.562
lower's influence:667.874
orginal's influence:866.216
PhysicalMem(MB) 1095.87
VirtualMem(MB) 1274.02
time:486.211
approximation: 0.315251
estimate influence by Mente-Carlo is: 1600.92
reachable node size: 81294
estimate influence by StopAlgorithm is: 1616.95
231 __ 184969613
Sample num: 231
lower ratio:0.0907571
upper ratio:2.44593e-18
Sample num: 462
lower ratio:0.187359
upper ratio:2.27741e-18
Sample num: 924
lower ratio:0.296351
upper ratio:-0.00753022
Sample num: 1848
lower ratio:0.408176
upper ratio:-0.0120743
Sample num: 3696
lower ratio:0.511917
upper ratio:-0.00817806
Sample num: 7392
lower ratio:0.559144
RR_num of lower bound:7392 max_num:184969613
upper ratio:0.0128001
Sample num: 14784
upper ratio:0.076822
Sample num: 29568
upper ratio:0.187992
Sample num: 59136
upper ratio:0.347247
Sample num: 118272
upper ratio:0.497146
Sample num: 236544
upper ratio:0.59485
RR_num of upper bound: 236544
upper's influence:1304.05
lower's influence:1296.4
orginal's influence:1473.76
PhysicalMem(MB) 2694.99
VirtualMem(MB) 2931.97
time:346.302
approximation: 0.3028
estimate influence by Mente-Carlo is: 66.4941
reachable node size: 2314
estimate influence by StopAlgorithm is: 66.9089
178 __ 4877487
Sample num: 178
lower ratio:0.0797467
upper ratio:0
Sample num: 356
lower ratio:0.172146
upper ratio:0
Sample num: 712
lower ratio:0.261422
upper ratio:-0.0139449
Sample num: 1424
lower ratio:0.382462
upper ratio:-0.0140843
Sample num: 2848
lower ratio:0.481567
upper ratio:-0.00833583
Sample num: 5696
lower ratio:0.541288
RR_num of lower bound:5696 max_num:4877487
upper ratio:0.0415753
Sample num: 11392
upper ratio:0.0844979
Sample num: 22784
upper ratio:0.205112
Sample num: 45568
upper ratio:0.344622
Sample num: 91136
upper ratio:0.468055
Sample num: 182272
upper ratio:0.604582
RR_num of upper bound: 182272
upper's influence:56.3128
lower's influence:59.4146
orginal's influence:61.0714
PhysicalMem(MB) 55.9062
VirtualMem(MB) 75.4062
time:12.2052
approximation: 0.219886
Sample num: 849920
upper ratio:0.179803
estimate influence by Mente-Carlo is: 8805.07
reachable node size: 1134880
estimate influence by StopAlgorithm is: 8687.57
287 __ 3223023447
Sample num: 287
lower ratio:-0.0134339
upper ratio:9.67669e-18
Sample num: 574
lower ratio:0.00897621
upper ratio:8.98121e-18
Sample num: 1148
lower ratio:0.0778476
upper ratio:8.13259e-18
Sample num: 946176
upper ratio:0.502444
Sample num: 2296
lower ratio:0.264464
upper ratio:8.13259e-18
Sample num: 4592
lower ratio:0.363527
upper ratio:7.88962e-18
Sample num: 18880
lower ratio:0.538366
RR_num of lower bound:18880 max_num:4389277066
upper ratio:0
Sample num: 9184
lower ratio:0.42261
upper ratio:7.45092e-18
Sample num: 37760
upper ratio:-0.00888904
Sample num: 1699840
upper ratio:0.360104
Sample num: 18368
lower ratio:0.535042
RR_num of lower bound:18368 max_num:3223023447
upper ratio:-0.00602849
Sample num: 36736
upper ratio:-0.0108739
Sample num: 73472
upper ratio:0.0417612
Sample num: 75520
upper ratio:-0.00869046
Sample num: 146944
upper ratio:0.177257
Sample num: 3399680
upper ratio:0.486654
Sample num: 151040
upper ratio:0.00627375
Sample num: 293888
upper ratio:0.372984
Sample num: 1892352
upper ratio:0.632289
RR_num of upper bound: 1892352
upper's influence:8177.84
lower's influence:8146.1
orginal's influence:8164.33
PhysicalMem(MB) 40336.3
VirtualMem(MB) 47942.2
time:20324.4
approximation: 0.334359
Sample num: 6799360
upper ratio:0.654849
RR_num of upper bound: 6799360
upper's influence:580.147
lower's influence:595.284
orginal's influence:604.806
PhysicalMem(MB) 3048.8
VirtualMem(MB) 3079.91
time:12233.5
estimate influence by Mente-Carlo is: 133.826
reachable node size: 4029
estimate influence by StopAlgorithm is: 133.042
255 __ 7727570
Sample num: 255
lower ratio:0.124715
upper ratio:-2.87912e-18
Sample num: 510
lower ratio:0.226779
upper ratio:-0.0128248
Sample num: 1020
lower ratio:0.313776
upper ratio:-0.00683466
Sample num: 2040
lower ratio:0.440205
upper ratio:-0.00234222
Sample num: 4080
lower ratio:0.532741
RR_num of lower bound:4080 max_num:7727570
upper ratio:0.0502448
Sample num: 8160
upper ratio:0.137336
Sample num: 16320
upper ratio:0.31296
Sample num: 32640
upper ratio:0.405679
Sample num: 65280
upper ratio:0.513262
Sample num: 130560
upper ratio:0.610918
RR_num of upper bound: 130560
upper's influence:100.725
lower's influence:101.746
orginal's influence:100.99
PhysicalMem(MB) 114.488
VirtualMem(MB) 125.609
time:13.2069
approximation: 0.184198
estimate influence by Mente-Carlo is: 215.722
reachable node size: 955
estimate influence by StopAlgorithm is: 211.202
203 __ 1134953
Sample num: 203
lower ratio:0.145158
upper ratio:-0.00284274
Sample num: 406
lower ratio:0.229118
upper ratio:0.0149355
Sample num: 812
lower ratio:0.316073
upper ratio:0.148538
Sample num: 1624
lower ratio:0.392382
upper ratio:0.25134
Sample num: 3248
lower ratio:0.463368
upper ratio:0.395559
Sample num: 6496
lower ratio:0.504998
upper ratio:0.475693
Sample num: 12992
lower ratio:0.543016
RR_num of lower bound:12992 max_num:1134953
upper ratio:0.579102
RR_num of upper bound: 12992
upper's influence:168.481
lower's influence:169.467
orginal's influence:157.103
PhysicalMem(MB) 400.391
VirtualMem(MB) 498.715
time:3.00282
approximation: 0.196758
estimate influence by Mente-Carlo is: 2070.02
reachable node size: 52093
estimate influence by StopAlgorithm is: 2035.06
409 __ 105441261
Sample num: 409
lower ratio:0.0635628
upper ratio:-5.78756e-18
Sample num: 818
lower ratio:0.164087
upper ratio:-4.97242e-18
Sample num: 1636
lower ratio:0.279653
upper ratio:-0.00560493
approximation: 0.224438
Sample num: 3272
lower ratio:0.396686
upper ratio:-0.0103083
estimate influence by Mente-Carlo is: 951.101
reachable node size: 47666
estimate influence by StopAlgorithm is: 928.689
363 __ 85540261
Sample num: 363
lower ratio:0.137512
upper ratio:4.16752e-18
Sample num: 726
lower ratio:0.258604
upper ratio:-0.0101713
Sample num: 1452
lower ratio:0.350401
upper ratio:-0.0115288
Sample num: 2904
lower ratio:0.426006
upper ratio:-0.00479985
Sample num: 5808
lower ratio:0.512229
upper ratio:-0.000316562
Sample num: 6544
lower ratio:0.470527
upper ratio:0.00831569
Sample num: 11616
lower ratio:0.561633
RR_num of lower bound:11616 max_num:85540261
upper ratio:0.105803
Sample num: 23232
upper ratio:0.213285
Sample num: 46464
upper ratio:0.327935
Sample num: 92928
upper ratio:0.448901
Sample num: 13088
lower ratio:0.541275
RR_num of lower bound:13088 max_num:105441261
upper ratio:0.039051
Sample num: 26176
upper ratio:0.155338
Sample num: 185856
upper ratio:0.546316
RR_num of upper bound: 185856
upper's influence:765.632
lower's influence:762.079
orginal's influence:830.909
PhysicalMem(MB) 2394.16
VirtualMem(MB) 2661.49
time:162.553
Sample num: 52352
upper ratio:0.329589
approximation: 0.299954
estimate influence by Mente-Carlo is: 1172.68
reachable node size: 218111
estimate influence by StopAlgorithm is: 1153.56
411 __ 443918016
Sample num: 411
lower ratio:0.323774
upper ratio:0
Sample num: 822
lower ratio:0.417144
upper ratio:0
Sample num: 1644
lower ratio:0.486441
upper ratio:0
Sample num: 104704
upper ratio:0.441438
Sample num: 3288
lower ratio:0.539688
RR_num of lower bound:3288 max_num:443918016
upper ratio:-0.0108305
Sample num: 6576
upper ratio:0.022454
Sample num: 13152
upper ratio:0.089522
Sample num: 26304
upper ratio:0.220107
Sample num: 52608
upper ratio:0.375551
Sample num: 209408
upper ratio:0.555193
RR_num of upper bound: 209408
upper's influence:1911.7
lower's influence:1869.32
orginal's influence:2042.19
PhysicalMem(MB) 3628.53
VirtualMem(MB) 3942.66
time:472.632
Sample num: 105216
upper ratio:0.459645
approximation: 0.314223
estimate influence by Mente-Carlo is: 621.339
reachable node size: 317070
estimate influence by StopAlgorithm is: 647.285
415 __ 652163107
Sample num: 415
lower ratio:0.024733
upper ratio:8.8786e-18
Sample num: 830
lower ratio:0.0891141
upper ratio:8.45527e-18
Sample num: 1660
lower ratio:0.204178
upper ratio:8.07787e-18
Sample num: 3320
lower ratio:0.326161
upper ratio:7.73868e-18
Sample num: 210432
upper ratio:0.567269
RR_num of upper bound: 210432
Sample num: 6640
lower ratio:0.443065
upper ratio:-0.00747524
upper's influence:557.381
lower's influence:550.161
orginal's influence:760.066
PhysicalMem(MB) 936.559
VirtualMem(MB) 967.375
time:462.543
Sample num: 13280
lower ratio:0.526656
upper ratio:-0.00593706
approximation: 0.328525
estimate influence by Mente-Carlo is: 1612.68
reachable node size: 81294
estimate influence by StopAlgorithm is: 1645.69
365 __ 146918702
Sample num: 365
lower ratio:0.171744
upper ratio:-0.00891511
Sample num: 730
lower ratio:0.279238
upper ratio:-0.00711624
Sample num: 1460
lower ratio:0.395935
upper ratio:-0.0113427
Sample num: 2920
lower ratio:0.48353
upper ratio:-0.00688546
Sample num: 5840
lower ratio:0.54845
RR_num of lower bound:5840 max_num:146918702
upper ratio:0.022384
Sample num: 11680
upper ratio:0.103828
Sample num: 23360
upper ratio:0.23716
Sample num: 46720
upper ratio:0.352569
Sample num: 93440
upper ratio:0.46691
Sample num: 26560
lower ratio:0.606142
RR_num of lower bound:26560 max_num:652163107
upper ratio:-0.0114008
Sample num: 53120
upper ratio:-0.00496904
Sample num: 186880
upper ratio:0.581199
RR_num of upper bound: 186880
upper's influence:1202.93
lower's influence:1228.58
orginal's influence:1420.65
PhysicalMem(MB) 2153.38
VirtualMem(MB) 2502.56
time:252.211
Sample num: 106240
upper ratio:-0.00242358
approximation: 0.291928
estimate influence by Mente-Carlo is: 66.0323
reachable node size: 2314
estimate influence by StopAlgorithm is: 66.823
276 __ 4192068
Sample num: 276
lower ratio:0.158564
upper ratio:-6.43786e-18
Sample num: 552
lower ratio:0.287782
upper ratio:-0.0160903
Sample num: 1104
lower ratio:0.37295
upper ratio:-0.0112677
Sample num: 2208
lower ratio:0.48657
upper ratio:0.0022526
Sample num: 4416
lower ratio:0.55904
RR_num of lower bound:4416 max_num:4192068
upper ratio:0.0639572
Sample num: 8832
upper ratio:0.198066
Sample num: 17664
upper ratio:0.323763
Sample num: 35328
upper ratio:0.441047
Sample num: 70656
upper ratio:0.510602
Sample num: 141312
upper ratio:0.649341
RR_num of upper bound: 141312
upper's influence:52.2186
lower's influence:51.5361
orginal's influence:61.1252
PhysicalMem(MB) 46.8477
VirtualMem(MB) 57.1445
time:9.0693
approximation: 0.163043
estimate influence by Mente-Carlo is: 8771.04
reachable node size: 1134880
estimate influence by StopAlgorithm is: 8732.81
462 __ 2599486760
Sample num: 462
lower ratio:0.0185509
upper ratio:-1.00956e-17
Sample num: 302080
upper ratio:0.0904269
Sample num: 924
lower ratio:0.123697
upper ratio:-8.69062e-18
Sample num: 212480
upper ratio:0.0271861
Sample num: 1848
lower ratio:0.208312
upper ratio:-7.07513e-18
Sample num: 3696
lower ratio:0.297903
upper ratio:-0.00590054
Sample num: 424960
upper ratio:0.0672753
Sample num: 7392
lower ratio:0.394051
upper ratio:-0.0123994
Sample num: 14784
lower ratio:0.489274
upper ratio:-0.00761806
Sample num: 587776
upper ratio:0.466809
Sample num: 849920
upper ratio:0.218161
Sample num: 29568
lower ratio:0.569927
RR_num of lower bound:29568 max_num:2599486760
upper ratio:0.00461826
Sample num: 1699840
upper ratio:0.346077
Sample num: 59136
upper ratio:0.0549907
Sample num: 118272
upper ratio:0.166923
Sample num: 236544
upper ratio:0.235557
Sample num: 3399680
upper ratio:0.4838
Sample num: 473088
upper ratio:0.392288
Sample num: 1175552
upper ratio:0.550195
RR_num of upper bound: 1175552
upper's influence:8409.48
lower's influence:7986.68
orginal's influence:8165.23
PhysicalMem(MB) 30033.6
VirtualMem(MB) 35108.5
time:21082.2
approximation: 0.338434
estimate influence by Mente-Carlo is: 132.777
reachable node size: 4029
estimate influence by StopAlgorithm is: 134.91
166 __ 9937714
Sample num: 166
lower ratio:0.0436781
upper ratio:1.57433e-17
Sample num: 332
lower ratio:0.15398
upper ratio:1.19938e-17
Sample num: 664
lower ratio:0.275756
upper ratio:-0.00722876
Sample num: 1328
lower ratio:0.362216
upper ratio:-0.00604495
Sample num: 2656
lower ratio:0.479397
upper ratio:0.0288479
Sample num: 5312
lower ratio:0.557468
RR_num of lower bound:5312 max_num:9937714
upper ratio:0.0536839
Sample num: 10624
upper ratio:0.178019
Sample num: 21248
upper ratio:0.264535
Sample num: 42496
upper ratio:0.453992
Sample num: 84992
upper ratio:0.565419
RR_num of upper bound: 84992
upper's influence:110.175
lower's influence:115.376
orginal's influence:110.467
PhysicalMem(MB) 146.863
VirtualMem(MB) 172.664
time:8.95844
approximation: 0.218379
estimate influence by Mente-Carlo is: 215.275
reachable node size: 955
estimate influence by StopAlgorithm is: 214.28
136 __ 1336951
Sample num: 136
lower ratio:0.0841151
upper ratio:-0.00047447
Sample num: 272
lower ratio:0.160081
upper ratio:0.0122798
Sample num: 544
lower ratio:0.247122
upper ratio:0.0658608
Sample num: 1088
lower ratio:0.338451
upper ratio:0.180388
Sample num: 2176
lower ratio:0.423904
upper ratio:0.30046
Sample num: 4352
lower ratio:0.497863
upper ratio:0.469754
Sample num: 8704
lower ratio:0.563608
RR_num of lower bound:8704 max_num:1336951
upper ratio:0.553287
RR_num of upper bound: 8704
upper's influence:180.561
lower's influence:179.702
orginal's influence:179.962
PhysicalMem(MB) 273.91
VirtualMem(MB) 308.453
time:1.909
approximation: 0.187771
estimate influence by Mente-Carlo is: 2072.82
reachable node size: 52093
estimate influence by StopAlgorithm is: 2032.3
256 __ 131724550
Sample num: 256
lower ratio:-0.00804867
upper ratio:-0.00829207
Sample num: 512
lower ratio:0.0355112
upper ratio:-0.0132135
Sample num: 1024
lower ratio:0.137828
upper ratio:-0.0127969
Sample num: 2048
lower ratio:0.209997
upper ratio:-0.0144517
Sample num: 4096
lower ratio:0.332803
upper ratio:-0.0118769
Sample num: 8192
lower ratio:0.425082
upper ratio:-0.00519482
Sample num: 604160
upper ratio:0.197563
Sample num: 16384
lower ratio:0.524562
upper ratio:0.0516068
Sample num: 32768
lower ratio:0.587944
RR_num of lower bound:32768 max_num:131724550
upper ratio:0.134659
Sample num: 65536
upper ratio:0.218291
Sample num: 131072
upper ratio:0.353102
Sample num: 262144
upper ratio:0.475738
Sample num: 6799360
upper ratio:0.594462
RR_num of upper bound: 6799360
upper's influence:589.485
lower's influence:588.409
orginal's influence:596.664
PhysicalMem(MB) 3038.66
VirtualMem(MB) 3069.61
time:11444.4
Sample num: 524288
upper ratio:0.622512
RR_num of upper bound: 524288
upper's influence:2009.36
lower's influence:1915.3
approximation: 0.222042
orginal's influence:2016.08
PhysicalMem(MB) 8745.76
VirtualMem(MB) 11810.4
time:1062.44
estimate influence by Mente-Carlo is: 961.491
reachable node size: 47666
estimate influence by StopAlgorithm is: 939.348
363 __ 85540261
Sample num: 363
lower ratio:0.125461
upper ratio:6.46696e-18
Sample num: 726
lower ratio:0.22207
upper ratio:4.93098e-18
Sample num: 1452
lower ratio:0.317283
upper ratio:3.37742e-18
Sample num: 2904
lower ratio:0.412816
upper ratio:-0.00933449
Sample num: 5808
lower ratio:0.501838
upper ratio:-0.00772382
approximation: 0.319921
Sample num: 11616
lower ratio:0.543449
RR_num of lower bound:11616 max_num:85540261
upper ratio:0.0532192
Sample num: 23232
upper ratio:0.164037
estimate influence by Mente-Carlo is: 625.294
reachable node size: 317070
Sample num: 46464
upper ratio:0.286769
estimate influence by StopAlgorithm is: 661.242
260 __ 813887461
Sample num: 260
lower ratio:-3.92419e-18
upper ratio:-5.90438e-18
Sample num: 520
lower ratio:0.00212306
upper ratio:-5.90438e-18
Sample num: 92928
upper ratio:0.475957
Sample num: 1040
lower ratio:0.0577229
upper ratio:-5.90438e-18
Sample num: 2080
lower ratio:0.174915
upper ratio:-5.37301e-18
Sample num: 4160
lower ratio:0.284119
upper ratio:-5.14784e-18
Sample num: 185856
upper ratio:0.55631
RR_num of upper bound: 185856
upper's influence:778.068
lower's influence:761.879
orginal's influence:832.377
PhysicalMem(MB) 2357.52
VirtualMem(MB) 2630.24
time:141.713
approximation: 0.298838
estimate influence by Mente-Carlo is: 1175.81
reachable node size: 218111
Sample num: 8320
lower ratio:0.403253
upper ratio:-4.28807e-18
estimate influence by StopAlgorithm is: 1174.23
411 __ 443918016
Sample num: 411
lower ratio:0.341754
upper ratio:0
Sample num: 822
lower ratio:0.426803
upper ratio:0
Sample num: 1644
lower ratio:0.499667
upper ratio:-0.008863
Sample num: 3288
lower ratio:0.561144
RR_num of lower bound:3288 max_num:443918016
upper ratio:-0.0113092
Sample num: 6576
upper ratio:0.00526084
Sample num: 13152
upper ratio:0.0750753
Sample num: 26304
upper ratio:0.189004
Sample num: 16640
lower ratio:0.503739
upper ratio:-4.28807e-18
Sample num: 52608
upper ratio:0.288016
Sample num: 105216
upper ratio:0.439397
Sample num: 33280
lower ratio:0.586528
RR_num of lower bound:33280 max_num:813887461
upper ratio:-4.02987e-18
Sample num: 210432
upper ratio:0.576448
RR_num of upper bound: 210432
Sample num: 66560
upper ratio:-0.00606611
upper's influence:583.328
lower's influence:554.053
orginal's influence:770.71
PhysicalMem(MB) 937.758
VirtualMem(MB) 968.391
time:411.913
Sample num: 133120
upper ratio:-0.0101741
approximation: 0.318045
estimate influence by Mente-Carlo is: 1611.27
reachable node size: 81294
estimate influence by StopAlgorithm is: 1614.13
365 __ 146918702
Sample num: 365
lower ratio:0.196039
upper ratio:2.54793e-18
Sample num: 730
lower ratio:0.302832
upper ratio:2.01333e-18
Sample num: 1460
lower ratio:0.393408
upper ratio:1.57408e-18
Sample num: 2920
lower ratio:0.484577
upper ratio:-0.00834228
Sample num: 5840
lower ratio:0.540603
RR_num of lower bound:5840 max_num:146918702
upper ratio:0.0456488
Sample num: 11680
upper ratio:0.105071
Sample num: 23360
upper ratio:0.203202
Sample num: 46720
upper ratio:0.378909
Sample num: 946176
upper ratio:0.53112
Sample num: 93440
upper ratio:0.498399
Sample num: 186880
upper ratio:0.573468
RR_num of upper bound: 186880
Sample num: 266240
upper ratio:0.0103927
upper's influence:1238.31
lower's influence:1213.19
orginal's influence:1381.69
PhysicalMem(MB) 2169.27
VirtualMem(MB) 2517.27
time:197.405
approximation: 0.291292
estimate influence by Mente-Carlo is: 66.4141
reachable node size: 2314
estimate influence by StopAlgorithm is: 64.9197
276 __ 4192068
Sample num: 276
lower ratio:0.139758
upper ratio:-5.85512e-18
Sample num: 552
lower ratio:0.260168
upper ratio:-0.00678359
Sample num: 1104
lower ratio:0.363568
upper ratio:-0.007843
Sample num: 2208
lower ratio:0.484151
upper ratio:0.00626272
Sample num: 4416
lower ratio:0.564299
RR_num of lower bound:4416 max_num:4192068
upper ratio:0.0729868
Sample num: 8832
upper ratio:0.174925
Sample num: 17664
upper ratio:0.232116
Sample num: 35328
upper ratio:0.40791
Sample num: 70656
upper ratio:0.545956
RR_num of upper bound: 70656
upper's influence:55.0186
lower's influence:53.1972
orginal's influence:59.1757
PhysicalMem(MB) 46.4531
VirtualMem(MB) 56.9805
time:5.23439
approximation: 0.161277
estimate influence by Mente-Carlo is: 8746.57
reachable node size: 1134880
estimate influence by StopAlgorithm is: 8836.65
462 __ 2599486760
Sample num: 462
lower ratio:0.0554994
upper ratio:-1.05387e-17
Sample num: 924
lower ratio:0.164977
upper ratio:-9.69489e-18
Sample num: 1848
lower ratio:0.258895
upper ratio:-0.00682182
Sample num: 3696
lower ratio:0.395212
upper ratio:-0.00989249
Sample num: 532480
upper ratio:0.0449969
Sample num: 7392
lower ratio:0.521293
upper ratio:-0.0136831
Sample num: 1064960
upper ratio:0.214174
Sample num: 14784
lower ratio:0.551586
RR_num of lower bound:14784 max_num:2599486760
upper ratio:-0.0104435
Sample num: 29568
upper ratio:0.0107676
Sample num: 59136
upper ratio:0.0439063
Sample num: 2129920
upper ratio:0.280826
Sample num: 118272
upper ratio:0.0905512
Sample num: 236544
upper ratio:0.273692
Sample num: 4259840
upper ratio:0.450963
Sample num: 1892352
upper ratio:0.630807
RR_num of upper bound: 1892352
upper's influence:8141.22
lower's influence:7974.49
orginal's influence:8068.45
PhysicalMem(MB) 47957
VirtualMem(MB) 48356.6
time:20848
approximation: 0.335052
estimate influence by Mente-Carlo is: 6851.01
reachable node size: 1504285
estimate influence by StopAlgorithm is: 6773.15
475 __ 3545878563
Sample num: 475
lower ratio:0.0665081
upper ratio:-1.986e-17
Sample num: 950
lower ratio:0.147572
upper ratio:-1.90831e-17
Sample num: 1900
lower ratio:0.256338
upper ratio:-1.71313e-17
Sample num: 3800
lower ratio:0.359111
upper ratio:-1.39785e-17
Sample num: 7600
lower ratio:0.502503
upper ratio:-1.21598e-17
Sample num: 473088
upper ratio:0.431414
Sample num: 15200
lower ratio:0.56581
RR_num of lower bound:15200 max_num:3545878563
upper ratio:-1.06096e-17
Sample num: 30400
upper ratio:-0.00877122
Sample num: 60800
upper ratio:-0.00265929
Sample num: 8519680
upper ratio:0.544634
RR_num of upper bound: 8519680
upper's influence:616.872
lower's influence:602.297
orginal's influence:587.823
PhysicalMem(MB) 3707.99
VirtualMem(MB) 4318.8
time:13509.4
approximation: 0.229571
estimate influence by Mente-Carlo is: 963.004
reachable node size: 47666
estimate influence by StopAlgorithm is: 992.252
229 __ 107749516
Sample num: 229
lower ratio:0.0455911
upper ratio:-8.73266e-18
Sample num: 458
lower ratio:0.150415
upper ratio:-6.86765e-18
Sample num: 916
lower ratio:0.252859
upper ratio:-6.43249e-18
Sample num: 1832
lower ratio:0.335595
upper ratio:-5.17641e-18
Sample num: 3664
lower ratio:0.459471
upper ratio:-0.00929605
Sample num: 7328
lower ratio:0.506166
upper ratio:0.0128709
Sample num: 14656
lower ratio:0.568059
RR_num of lower bound:14656 max_num:107749516
upper ratio:0.120201
Sample num: 29312
upper ratio:0.205919
Sample num: 58624
upper ratio:0.384793
Sample num: 117248
upper ratio:0.484706
Sample num: 234496
upper ratio:0.575317
RR_num of upper bound: 234496
upper's influence:819.232
lower's influence:820.503
orginal's influence:849.446
PhysicalMem(MB) 2947.2
VirtualMem(MB) 3089.22
time:176.214
approximation: 0.302703
estimate influence by Mente-Carlo is: 1174.1
reachable node size: 218111
estimate influence by StopAlgorithm is: 1191.87
257 __ 554375779
Sample num: 257
lower ratio:0.210071
upper ratio:-6.26365e-18
Sample num: 514
lower ratio:0.312618
upper ratio:-5.94164e-18
Sample num: 1028
lower ratio:0.405915
upper ratio:-0.0174353
Sample num: 2056
lower ratio:0.485868
upper ratio:-0.0165304
Sample num: 4112
lower ratio:0.548399
RR_num of lower bound:4112 max_num:554375779
upper ratio:-0.00385415
Sample num: 8224
upper ratio:0.0180022
Sample num: 16448
upper ratio:0.0560839
Sample num: 32896
upper ratio:0.170457
Sample num: 65792
upper ratio:0.300066
Sample num: 131584
upper ratio:0.495408
Sample num: 263168
upper ratio:0.587775
RR_num of upper bound: 263168
upper's influence:705.51
lower's influence:684.159
orginal's influence:841.474
PhysicalMem(MB) 1092.26
VirtualMem(MB) 1270.93
time:487.475
approximation: 0.314211
estimate influence by Mente-Carlo is: 1591.71
reachable node size: 81294
estimate influence by StopAlgorithm is: 1628.48
231 __ 184969613
Sample num: 231
lower ratio:0.105471
upper ratio:3.20084e-18
Sample num: 462
lower ratio:0.171711
upper ratio:2.76323e-18
Sample num: 924
lower ratio:0.32275
upper ratio:-0.00828732
Sample num: 1848
lower ratio:0.406304
upper ratio:-0.0126142
Sample num: 3696
lower ratio:0.501544
upper ratio:-0.0118814
Sample num: 7392
lower ratio:0.572466
RR_num of lower bound:7392 max_num:184969613
upper ratio:0.0233288
Sample num: 14784
upper ratio:0.079602
Sample num: 29568
upper ratio:0.214314
Sample num: 59136
upper ratio:0.307927
Sample num: 118272
upper ratio:0.52146
Sample num: 236544
upper ratio:0.642432
RR_num of upper bound: 236544
upper's influence:1305.38
lower's influence:1349.87
orginal's influence:1498.98
PhysicalMem(MB) 2674.58
VirtualMem(MB) 2911.5
time:243.833
approximation: 0.304041
estimate influence by Mente-Carlo is: 66.3833
reachable node size: 2314
estimate influence by StopAlgorithm is: 69.5664
178 __ 4877487
Sample num: 178
lower ratio:0.0498286
upper ratio:0
Sample num: 356
lower ratio:0.183205
upper ratio:0
Sample num: 712
lower ratio:0.289856
upper ratio:0
Sample num: 1424
lower ratio:0.365484
upper ratio:0
Sample num: 2848
lower ratio:0.467579
upper ratio:-0.011273
Sample num: 5696
lower ratio:0.542359
RR_num of lower bound:5696 max_num:4877487
upper ratio:0.0195233
Sample num: 11392
upper ratio:0.103114
Sample num: 22784
upper ratio:0.258575
Sample num: 45568
upper ratio:0.385284
Sample num: 91136
upper ratio:0.5038
Sample num: 182272
upper ratio:0.619958
RR_num of upper bound: 182272
upper's influence:58.3709
lower's influence:57.1458
orginal's influence:63.0582
PhysicalMem(MB) 57.8047
VirtualMem(MB) 75.7305
time:11.2326
approximation: 0.221295
estimate influence by Mente-Carlo is: 8803.58
reachable node size: 1134880
estimate influence by StopAlgorithm is: 8485.77
287 __ 3223023447
Sample num: 287
lower ratio:-0.0118092
upper ratio:1.10091e-17
Sample num: 574
lower ratio:0.0530984
upper ratio:9.31348e-18
Sample num: 1148
lower ratio:0.126072
upper ratio:8.13259e-18
Sample num: 2296
lower ratio:0.224479
upper ratio:8.13259e-18
Sample num: 121600
upper ratio:0.0798157
Sample num: 4592
lower ratio:0.388347
upper ratio:8.13259e-18
Sample num: 9184
lower ratio:0.472489
upper ratio:-0.0179344
Sample num: 18368
lower ratio:0.525587
upper ratio:-0.0161523
Sample num: 36736
lower ratio:0.557703
RR_num of lower bound:36736 max_num:3223023447
upper ratio:0.0281468
Sample num: 73472
upper ratio:0.087579
Sample num: 243200
upper ratio:0.206942
Sample num: 146944
upper ratio:0.160273
Sample num: 1208320
upper ratio:0.312333
Sample num: 293888
upper ratio:0.343662
Sample num: 946176
upper ratio:0.537677
RR_num of upper bound: 946176
upper's influence:8044.66
lower's influence:7843.15
orginal's influence:8410.55
PhysicalMem(MB) 24334.9
VirtualMem(MB) 24531.2
time:20761.5
approximation: 0.334353
estimate influence by Mente-Carlo is: 132.729
reachable node size: 4029
estimate influence by StopAlgorithm is: 133.472
255 __ 7727570
Sample num: 255
lower ratio:0.135394
upper ratio:-2.65412e-18
Sample num: 510
lower ratio:0.201856
upper ratio:-0.0117901
Sample num: 1020
lower ratio:0.31125
upper ratio:-0.00718642
Sample num: 2040
lower ratio:0.420493
upper ratio:-0.000180179
Sample num: 4080
lower ratio:0.499385
upper ratio:0.0251009
Sample num: 8160
lower ratio:0.562556
RR_num of lower bound:8160 max_num:7727570
upper ratio:0.146116
Sample num: 16320
upper ratio:0.264969
Sample num: 32640
upper ratio:0.37911
Sample num: 65280
upper ratio:0.489628
Sample num: 130560
upper ratio:0.583301
RR_num of upper bound: 130560
upper's influence:105.609
lower's influence:99.7338
orginal's influence:105.935
PhysicalMem(MB) 214.109
VirtualMem(MB) 226.348
time:13.421
approximation: 0.186234
estimate influence by Mente-Carlo is: 215.082
reachable node size: 955
estimate influence by StopAlgorithm is: 218.377
203 __ 1134953
Sample num: 203
lower ratio:0.12914
upper ratio:-0.0084783
Sample num: 406
lower ratio:0.218375
upper ratio:0.0256382
Sample num: 812
lower ratio:0.319601
upper ratio:0.171771
Sample num: 1624
lower ratio:0.403777
upper ratio:0.293204
Sample num: 3248
lower ratio:0.468333
upper ratio:0.434248
Sample num: 6496
lower ratio:0.519528
upper ratio:0.511749
Sample num: 12992
lower ratio:0.550065
RR_num of lower bound:12992 max_num:1134953
upper ratio:0.590773
RR_num of upper bound: 12992
upper's influence:170.649
lower's influence:153.93
orginal's influence:162.86
PhysicalMem(MB) 401.09
VirtualMem(MB) 499.008
time:2.90689
approximation: 0.197381
estimate influence by Mente-Carlo is: 2072.09
reachable node size: 52093
estimate influence by StopAlgorithm is: 2086.91
409 __ 105441261
Sample num: 409
lower ratio:0.0680194
upper ratio:-5.34472e-18
Sample num: 818
lower ratio:0.161822
upper ratio:-4.86099e-18
Sample num: 1636
lower ratio:0.277415
upper ratio:-4.65422e-18
Sample num: 3272
lower ratio:0.359983
upper ratio:-0.0104808
Sample num: 6544
lower ratio:0.465303
upper ratio:0.00751342
Sample num: 13088
lower ratio:0.544529
RR_num of lower bound:13088 max_num:105441261
upper ratio:0.0457406
Sample num: 26176
upper ratio:0.173269
Sample num: 52352
upper ratio:0.327182
Sample num: 104704
upper ratio:0.487209
Sample num: 587776
upper ratio:0.492296
Sample num: 209408
upper ratio:0.582966
RR_num of upper bound: 209408
upper's influence:1930.31
lower's influence:1880.02
orginal's influence:1952.57
PhysicalMem(MB) 3632.67
VirtualMem(MB) 3946.14
time:436.411
approximation: 0.311771
estimate influence by Mente-Carlo is: 622.258
reachable node size: 317070
estimate influence by StopAlgorithm is: 611.064
415 __ 652163107
Sample num: 415
lower ratio:0.0384002
upper ratio:9.35792e-18
Sample num: 830
lower ratio:0.121607
upper ratio:8.8786e-18
Sample num: 1660
lower ratio:0.232127
upper ratio:7.73868e-18
Sample num: 3320
lower ratio:0.343318
upper ratio:7.43174e-18
Sample num: 6640
lower ratio:0.423071
upper ratio:-0.0123566
Sample num: 13280
lower ratio:0.527829
upper ratio:4.91882e-18
Sample num: 26560
lower ratio:0.596238
RR_num of lower bound:26560 max_num:652163107
upper ratio:4.51206e-18
Sample num: 53120
upper ratio:-0.00464224
Sample num: 106240
upper ratio:-0.00459938
Sample num: 212480
upper ratio:-0.00494338
Sample num: 424960
upper ratio:0.0431674
Sample num: 849920
upper ratio:0.133676
Sample num: 486400
upper ratio:0.392691
Sample num: 1699840
upper ratio:0.302885
Sample num: 1175552
upper ratio:0.554971
RR_num of upper bound: 1175552
upper's influence:8338.54
lower's influence:8293.21
orginal's influence:8251.22
PhysicalMem(MB) 59446.4
VirtualMem(MB) 69418.6
time:13751.5
Sample num: 3399680
upper ratio:0.519758
approximation: 0.336535
estimate influence by Mente-Carlo is: 133.768
reachable node size: 4029
estimate influence by StopAlgorithm is: 138.874
166 __ 9937714
Sample num: 166
lower ratio:0.0681303
upper ratio:1.39442e-17
Sample num: 332
lower ratio:0.193148
upper ratio:1.05818e-17
Sample num: 664
lower ratio:0.27695
upper ratio:-0.00877367
Sample num: 1328
lower ratio:0.381956
upper ratio:-0.00963332
Sample num: 2656
lower ratio:0.49953
upper ratio:0.00945307
Sample num: 5312
lower ratio:0.57857
RR_num of lower bound:5312 max_num:9937714
upper ratio:0.0995305
Sample num: 10624
upper ratio:0.227149
Sample num: 21248
upper ratio:0.419255
Sample num: 42496
upper ratio:0.474696
Sample num: 84992
upper ratio:0.581669
RR_num of upper bound: 84992
upper's influence:109.598
lower's influence:110.978
orginal's influence:112.007
PhysicalMem(MB) 144.945
VirtualMem(MB) 172.531
time:9.00388
approximation: 0.213117
estimate influence by Mente-Carlo is: 216.12
reachable node size: 955
estimate influence by StopAlgorithm is: 214.988
136 __ 1336951
Sample num: 136
lower ratio:0.0539095
upper ratio:-0.000427195
Sample num: 272
lower ratio:0.162285
upper ratio:0.0249841
Sample num: 544
lower ratio:0.245634
upper ratio:0.0831901
Sample num: 1088
lower ratio:0.366858
upper ratio:0.183499
Sample num: 2176
lower ratio:0.434914
upper ratio:0.265421
Sample num: 4352
lower ratio:0.494164
upper ratio:0.383021
Sample num: 8704
lower ratio:0.558803
RR_num of lower bound:8704 max_num:1336951
upper ratio:0.5153
Sample num: 17408
upper ratio:0.580489
RR_num of upper bound: 17408
upper's influence:183.033
lower's influence:177.79
orginal's influence:182.802
PhysicalMem(MB) 272.688
VirtualMem(MB) 307.93
time:2.60863
approximation: 0.188194
estimate influence by Mente-Carlo is: 2074.66
reachable node size: 52093
estimate influence by StopAlgorithm is: 2125.62
256 __ 131724550
Sample num: 256
lower ratio:-0.00686432
upper ratio:-0.00829207
Sample num: 512
lower ratio:0.0406749
upper ratio:-0.0077663
Sample num: 1024
lower ratio:0.137126
upper ratio:-0.00753128
Sample num: 2048
lower ratio:0.201379
upper ratio:0
Sample num: 4096
lower ratio:0.319158
upper ratio:-0.0133089
Sample num: 8192
lower ratio:0.437086
upper ratio:-0.00884379
Sample num: 16384
lower ratio:0.521624
upper ratio:0.0245316
Sample num: 32768
lower ratio:0.583317
RR_num of lower bound:32768 max_num:131724550
upper ratio:0.127036
Sample num: 65536
upper ratio:0.225752
Sample num: 131072
upper ratio:0.361806
Sample num: 262144
upper ratio:0.505021
Sample num: 524288
upper ratio:0.643358
RR_num of upper bound: 524288
upper's influence:1959.26
lower's influence:1940.23
orginal's influence:2008.29
PhysicalMem(MB) 8759.91
VirtualMem(MB) 11817.7
time:1060.79
approximation: 0.317602
estimate influence by Mente-Carlo is: 625.087
reachable node size: 317070
estimate influence by StopAlgorithm is: 630.495
260 __ 813887461
Sample num: 260
lower ratio:-0.0137785
upper ratio:-6.58629e-18
Sample num: 520
lower ratio:0.0124408
upper ratio:-6.58629e-18
Sample num: 1040
lower ratio:0.079374
upper ratio:-6.58629e-18
Sample num: 2080
lower ratio:0.165668
upper ratio:-6.22233e-18
Sample num: 4160
lower ratio:0.274039
upper ratio:-4.58859e-18
Sample num: 8320
lower ratio:0.38915
upper ratio:-4.28807e-18
Sample num: 16640
lower ratio:0.49039
upper ratio:-4.28807e-18
Sample num: 33280
lower ratio:0.576325
RR_num of lower bound:33280 max_num:813887461
upper ratio:-0.0113466
Sample num: 66560
upper ratio:-0.0131697
Sample num: 133120
upper ratio:-0.0059336
Sample num: 266240
upper ratio:0.00470272
Sample num: 532480
upper ratio:0.0555441
Sample num: 1064960
upper ratio:0.126702
Sample num: 2129920
upper ratio:0.299018
Sample num: 6799360
upper ratio:0.635567
RR_num of upper bound: 6799360
upper's influence:586.339
lower's influence:568.562
orginal's influence:620.137
PhysicalMem(MB) 3045.79
VirtualMem(MB) 3075.95
time:10826
approximation: 0.221755
estimate influence by Mente-Carlo is: 963.527
reachable node size: 47666
estimate influence by StopAlgorithm is: 993.36
363 __ 85540261
Sample num: 363
lower ratio:0.119631
upper ratio:5.57565e-18
Sample num: 726
lower ratio:0.183409
upper ratio:3.82564e-18
Sample num: 1452
lower ratio:0.344232
upper ratio:2.86079e-18
Sample num: 2904
lower ratio:0.447063
upper ratio:-0.00483295
Sample num: 5808
lower ratio:0.512153
upper ratio:-0.00694553
Sample num: 11616
lower ratio:0.542448
RR_num of lower bound:11616 max_num:85540261
upper ratio:0.0471948
Sample num: 23232
upper ratio:0.223899
Sample num: 46464
upper ratio:0.366353
Sample num: 92928
upper ratio:0.501005
Sample num: 185856
upper ratio:0.61408
RR_num of upper bound: 185856
upper's influence:750.446
lower's influence:785.316
orginal's influence:827.035
PhysicalMem(MB) 2350.08
VirtualMem(MB) 2623.05
time:141.267
approximation: 0.298797
estimate influence by Mente-Carlo is: 1171.97
reachable node size: 218111
estimate influence by StopAlgorithm is: 1165.6
411 __ 443918016
Sample num: 411
lower ratio:0.338219
upper ratio:0
Sample num: 822
lower ratio:0.417488
upper ratio:-0.00921092
Sample num: 1644
lower ratio:0.491544
upper ratio:-0.00854468
Sample num: 3288
lower ratio:0.54669
RR_num of lower bound:3288 max_num:443918016
upper ratio:-0.0150892
Sample num: 6576
upper ratio:-0.0031613
Sample num: 13152
upper ratio:0.0732812
Sample num: 26304
upper ratio:0.183674
Sample num: 52608
upper ratio:0.30957
Sample num: 105216
upper ratio:0.427458
Sample num: 210432
upper ratio:0.521711
Sample num: 420864
upper ratio:0.603469
RR_num of upper bound: 420864
upper's influence:543.366
lower's influence:553.739
orginal's influence:757.35
PhysicalMem(MB) 935.012
VirtualMem(MB) 966.695
time:722.321
approximation: 0.319273
estimate influence by Mente-Carlo is: 1608.27
reachable node size: 81294
estimate influence by StopAlgorithm is: 1583.9
365 __ 146918702
Sample num: 365
lower ratio:0.193228
upper ratio:-0.00926524
Sample num: 730
lower ratio:0.29656
upper ratio:-0.0140296
Sample num: 1460
lower ratio:0.371328
upper ratio:-0.0108288
Sample num: 2920
lower ratio:0.467964
upper ratio:-0.00678406
Sample num: 5840
lower ratio:0.533661
RR_num of lower bound:5840 max_num:146918702
upper ratio:0.0289614
Sample num: 11680
upper ratio:0.111447
Sample num: 23360
upper ratio:0.24878
Sample num: 46720
upper ratio:0.386762
Sample num: 93440
upper ratio:0.544196
RR_num of upper bound: 93440
upper's influence:1256.96
lower's influence:1216.48
orginal's influence:1404.4
PhysicalMem(MB) 2140.39
VirtualMem(MB) 2490.38
time:110.469
approximation: 0.291671
estimate influence by Mente-Carlo is: 66.47
reachable node size: 2314
estimate influence by StopAlgorithm is: 67.1887
276 __ 4192068
Sample num: 276
lower ratio:0.148991
upper ratio:-5.85512e-18
Sample num: 552
lower ratio:0.301532
upper ratio:-0.0134477
Sample num: 1104
lower ratio:0.397075
upper ratio:-0.0115456
Sample num: 2208
lower ratio:0.492661
upper ratio:0.00208001
Sample num: 4416
lower ratio:0.569457
RR_num of lower bound:4416 max_num:4192068
upper ratio:0.0161331
Sample num: 8832
upper ratio:0.128665
Sample num: 17664
upper ratio:0.278968
Sample num: 35328
upper ratio:0.401644
Sample num: 70656
upper ratio:0.537333
RR_num of upper bound: 70656
upper's influence:53.6269
lower's influence:52.5279
orginal's influence:59.7863
PhysicalMem(MB) 45.8398
VirtualMem(MB) 56.8203
time:5.23909
approximation: 0.167129
estimate influence by Mente-Carlo is: 8817.93
reachable node size: 1134880
estimate influence by StopAlgorithm is: 8535.33
462 __ 2599486760
Sample num: 462
lower ratio:0.0305181
upper ratio:-1.05387e-17
Sample num: 924
lower ratio:0.109191
upper ratio:-9.3304e-18
Sample num: 1848
lower ratio:0.200218
upper ratio:-7.26266e-18
Sample num: 3696
lower ratio:0.331123
upper ratio:-6.1467e-18
Sample num: 7392
lower ratio:0.453667
upper ratio:-0.011913
Sample num: 14784
lower ratio:0.521198
upper ratio:-0.00843651
Sample num: 4259840
upper ratio:0.370025
Sample num: 29568
lower ratio:0.573416
RR_num of lower bound:29568 max_num:2599486760
upper ratio:-0.0074654
Sample num: 59136
upper ratio:0.0276029
Sample num: 972800
upper ratio:0.531626
Sample num: 118272
upper ratio:0.150871
Sample num: 236544
upper ratio:0.300045
Sample num: 473088
upper ratio:0.43636
Sample num: 8519680
upper ratio:0.513026
Sample num: 946176
upper ratio:0.541337
RR_num of upper bound: 946176
upper's influence:7888.07
lower's influence:8129.61
orginal's influence:8161.24
PhysicalMem(MB) 47653.2
VirtualMem(MB) 48057.3
time:11629.7
approximation: 0.334552
estimate influence by Mente-Carlo is: 133.343
reachable node size: 4029
estimate influence by StopAlgorithm is: 136.388
255 __ 7727570
Sample num: 255
lower ratio:0.152235
upper ratio:-0.0180838
Sample num: 510
lower ratio:0.236239
upper ratio:-0.0112274
Sample num: 1020
lower ratio:0.319175
upper ratio:-0.00391905
Sample num: 2040
lower ratio:0.416365
upper ratio:0.00248526
Sample num: 4080
lower ratio:0.472816
upper ratio:0.0448973
Sample num: 8160
lower ratio:0.553353
RR_num of lower bound:8160 max_num:7727570
upper ratio:0.104161
Sample num: 16320
upper ratio:0.280428
Sample num: 32640
upper ratio:0.402011
Sample num: 65280
upper ratio:0.522093
Sample num: 130560
upper ratio:0.64839
RR_num of upper bound: 130560
upper's influence:106.673
lower's influence:104.306
orginal's influence:109.205
PhysicalMem(MB) 211.734
VirtualMem(MB) 224.203
time:13.4339
approximation: 0.186931
estimate influence by Mente-Carlo is: 215.339
reachable node size: 955
estimate influence by StopAlgorithm is: 220.236
203 __ 1134953
Sample num: 203
lower ratio:0.156766
upper ratio:0.0112629
Sample num: 406
lower ratio:0.229396
upper ratio:0.0225981
Sample num: 812
lower ratio:0.332939
upper ratio:0.119187
Sample num: 1624
lower ratio:0.392854
upper ratio:0.273473
Sample num: 3248
lower ratio:0.458913
upper ratio:0.365292
Sample num: 6496
lower ratio:0.516082
upper ratio:0.446531
Sample num: 12992
lower ratio:0.555043
RR_num of lower bound:12992 max_num:1134953
upper ratio:0.512454
Sample num: 25984
upper ratio:0.599952
RR_num of upper bound: 25984
upper's influence:164.838
lower's influence:156.82
orginal's influence:164.339
PhysicalMem(MB) 402.336
VirtualMem(MB) 500.359
time:3.97329
approximation: 0.197723
estimate influence by Mente-Carlo is: 2072.66
reachable node size: 52093
estimate influence by StopAlgorithm is: 2090.78
409 __ 105441261
Sample num: 409
lower ratio:0.0509349
upper ratio:-5.63082e-18
Sample num: 818
lower ratio:0.149881
upper ratio:-4.75506e-18
Sample num: 1636
lower ratio:0.249872
upper ratio:-0.0111529
Sample num: 3272
lower ratio:0.345661
upper ratio:-0.0103083
Sample num: 6544
lower ratio:0.458978
upper ratio:0.0130642
Sample num: 13088
lower ratio:0.53257
RR_num of lower bound:13088 max_num:105441261
upper ratio:0.0613433
Sample num: 26176
upper ratio:0.185179
Sample num: 52352
upper ratio:0.328647
Sample num: 104704
upper ratio:0.448328
Sample num: 209408
upper ratio:0.571128
RR_num of upper bound: 209408
upper's influence:1863.97
lower's influence:1888.08
orginal's influence:1891.15
PhysicalMem(MB) 3624.42
VirtualMem(MB) 3944.37
time:441.54
approximation: 0.31203
estimate influence by Mente-Carlo is: 624.479
reachable node size: 317070
estimate influence by StopAlgorithm is: 613.688
415 __ 652163107
Sample num: 415
lower ratio:0.0303598
upper ratio:9.90678e-18
Sample num: 830
lower ratio:0.128639
upper ratio:9.90678e-18
Sample num: 1660
lower ratio:0.213588
upper ratio:9.90678e-18
Sample num: 3320
lower ratio:0.317919
upper ratio:8.8786e-18
Sample num: 6640
lower ratio:0.434828
upper ratio:6.66133e-18
Sample num: 13280
lower ratio:0.517786
upper ratio:-0.00607202
Sample num: 26560
lower ratio:0.596794
RR_num of lower bound:26560 max_num:652163107
upper ratio:-0.010037
Sample num: 53120
upper ratio:-0.00525026
Sample num: 106240
upper ratio:-0.00830096
Sample num: 212480
upper ratio:0.00161632
Sample num: 424960
upper ratio:0.0579506
Sample num: 849920
upper ratio:0.122381
Sample num: 1699840
upper ratio:0.315267
Sample num: 3399680
upper ratio:0.552171
RR_num of upper bound: 3399680
upper's influence:599.755
lower's influence:601.588
orginal's influence:597.766
PhysicalMem(MB) 3047.42
VirtualMem(MB) 3078.34
time:5657.73
approximation: 0.220592
estimate influence by Mente-Carlo is: 953.189
reachable node size: 47666
estimate influence by StopAlgorithm is: 956.664
363 __ 85540261
Sample num: 363
lower ratio:0.126951
upper ratio:5.3394e-18
Sample num: 726
lower ratio:0.226482
upper ratio:4.29781e-18
Sample num: 1452
lower ratio:0.378455
upper ratio:3.0326e-18
Sample num: 2904
lower ratio:0.451353
upper ratio:-0.00459724
Sample num: 5808
lower ratio:0.500046
upper ratio:0.0108068
Sample num: 11616
lower ratio:0.55938
RR_num of lower bound:11616 max_num:85540261
upper ratio:0.081823
Sample num: 23232
upper ratio:0.207762
Sample num: 46464
upper ratio:0.318992
Sample num: 92928
upper ratio:0.400799
Sample num: 185856
upper ratio:0.513798
Sample num: 371712
upper ratio:0.599398
RR_num of upper bound: 371712
upper's influence:770.11
lower's influence:783.468
orginal's influence:839.067
PhysicalMem(MB) 2340.53
VirtualMem(MB) 2615.46
time:241.1
approximation: 0.299854
estimate influence by Mente-Carlo is: 1179.28
reachable node size: 218111
estimate influence by StopAlgorithm is: 1192.93
411 __ 443918016
Sample num: 411
lower ratio:0.324813
upper ratio:0
Sample num: 822
lower ratio:0.417161
upper ratio:-0.0188015
Sample num: 1644
lower ratio:0.491823
upper ratio:-0.0127634
Sample num: 3288
lower ratio:0.551631
RR_num of lower bound:3288 max_num:443918016
upper ratio:-0.00999773
Sample num: 6576
upper ratio:0.019807
Sample num: 13152
upper ratio:0.0924034
Sample num: 26304
upper ratio:0.208072
Sample num: 52608
upper ratio:0.318877
Sample num: 105216
upper ratio:0.438717
Sample num: 210432
upper ratio:0.561644
RR_num of upper bound: 210432
upper's influence:561.106
lower's influence:545.859
orginal's influence:773.377
PhysicalMem(MB) 937.66
VirtualMem(MB) 968.551
time:414.861
approximation: 0.320281
estimate influence by Mente-Carlo is: 1610.49
reachable node size: 81294
estimate influence by StopAlgorithm is: 1657.15
365 __ 146918702
Sample num: 365
lower ratio:0.168699
upper ratio:2.54793e-18
Sample num: 730
lower ratio:0.256349
upper ratio:2.07357e-18
Sample num: 1460
lower ratio:0.397557
upper ratio:1.6817e-18
Sample num: 2920
lower ratio:0.458638
upper ratio:-0.00670258
Sample num: 5840
lower ratio:0.538487
RR_num of lower bound:5840 max_num:146918702
upper ratio:0.0127762
Sample num: 11680
upper ratio:0.0823089
Sample num: 23360
upper ratio:0.237556
Sample num: 46720
upper ratio:0.424216
Sample num: 93440
upper ratio:0.533628
RR_num of upper bound: 93440
upper's influence:1251.85
lower's influence:1219.42
orginal's influence:1367.1
PhysicalMem(MB) 2154.17
VirtualMem(MB) 2503.36
time:111.292
approximation: 0.291309
estimate influence by Mente-Carlo is: 66.2292
reachable node size: 2314
estimate influence by StopAlgorithm is: 65.7223
276 __ 4192068
Sample num: 276
lower ratio:0.138628
upper ratio:-0.0083696
Sample num: 552
lower ratio:0.245483
upper ratio:-0.00629072
Sample num: 1104
lower ratio:0.391352
upper ratio:-0.00931306
Sample num: 2208
lower ratio:0.472958
upper ratio:-0.00110019
Sample num: 4416
lower ratio:0.551114
RR_num of lower bound:4416 max_num:4192068
upper ratio:0.013024
Sample num: 8832
upper ratio:0.111494
Sample num: 17664
upper ratio:0.21116
Sample num: 35328
upper ratio:0.36176
Sample num: 70656
upper ratio:0.498278
Sample num: 141312
upper ratio:0.59972
RR_num of upper bound: 141312
upper's influence:51.8864
lower's influence:53.6243
orginal's influence:60.2688
PhysicalMem(MB) 46.3516
VirtualMem(MB) 57.0859
time:8.89335
approximation: 0.167759
estimate influence by Mente-Carlo is: 8805.98
reachable node size: 1134880
estimate influence by StopAlgorithm is: 8753.17
462 __ 2599486760
Sample num: 462
lower ratio:0.0803871
upper ratio:-1.10325e-17
Sample num: 924
lower ratio:0.14497
upper ratio:-8.69062e-18
Sample num: 1848
lower ratio:0.236345
upper ratio:-7.67475e-18
Sample num: 3696
lower ratio:0.3491
upper ratio:-6.28184e-18
Sample num: 7392
lower ratio:0.430942
upper ratio:-6.1467e-18
Sample num: 14784
lower ratio:0.52066
upper ratio:-0.00553742
Sample num: 17039360
upper ratio:0.657126
RR_num of upper bound: 17039360
upper's influence:598.503
lower's influence:595.193
orginal's influence:604.391
PhysicalMem(MB) 3710.2
VirtualMem(MB) 4320.81
time:26255
approximation: 0.235225
estimate influence by Mente-Carlo is: 960.804
reachable node size: 47666
estimate influence by StopAlgorithm is: 949.019
229 __ 107749516
Sample num: 229
lower ratio:0.0298945
upper ratio:-7.98788e-18
Sample num: 458
lower ratio:0.0968086
upper ratio:-6.86765e-18
Sample num: 916
lower ratio:0.228228
upper ratio:-6.86765e-18
Sample num: 1832
lower ratio:0.395247
upper ratio:-0.0077896
Sample num: 3664
lower ratio:0.48281
upper ratio:-0.0110434
Sample num: 7328
lower ratio:0.543208
RR_num of lower bound:7328 max_num:107749516
upper ratio:0.00872047
Sample num: 14656
upper ratio:0.105755
Sample num: 29312
upper ratio:0.174603
Sample num: 58624
upper ratio:0.392531
Sample num: 117248
upper ratio:0.458541
Sample num: 234496
upper ratio:0.613714
RR_num of upper bound: 234496
upper's influence:864.2
lower's influence:840.564
orginal's influence:873.759
PhysicalMem(MB) 1534.16
VirtualMem(MB) 1606.11
time:154.879
approximation: 0.301415
estimate influence by Mente-Carlo is: 1174.83
reachable node size: 218111
estimate influence by StopAlgorithm is: 1181.54
257 __ 554375779
Sample num: 257
lower ratio:0.228154
upper ratio:-6.26365e-18
Sample num: 514
lower ratio:0.320369
upper ratio:-5.94164e-18
Sample num: 1028
lower ratio:0.408577
upper ratio:-4.97055e-18
Sample num: 2056
lower ratio:0.484685
upper ratio:-4.3084e-18
Sample num: 4112
lower ratio:0.551822
RR_num of lower bound:4112 max_num:554375779
upper ratio:-0.01458
Sample num: 8224
upper ratio:0.00939369
Sample num: 16448
upper ratio:0.0959553
Sample num: 32896
upper ratio:0.183384
Sample num: 65792
upper ratio:0.302632
Sample num: 131584
upper ratio:0.442162
Sample num: 263168
upper ratio:0.545391
RR_num of upper bound: 263168
upper's influence:686.977
lower's influence:703.971
orginal's influence:860.274
PhysicalMem(MB) 1095.82
VirtualMem(MB) 1274.34
time:486.827
approximation: 0.317546
estimate influence by Mente-Carlo is: 1611.23
reachable node size: 81294
estimate influence by StopAlgorithm is: 1572.7
231 __ 184969613
Sample num: 231
lower ratio:0.0938206
upper ratio:2.76323e-18
Sample num: 462
lower ratio:0.17592
upper ratio:-0.00828732
Sample num: 924
lower ratio:0.300681
upper ratio:1.90047e-18
Sample num: 1848
lower ratio:0.413188
upper ratio:1.64123e-18
Sample num: 3696
lower ratio:0.509574
upper ratio:-0.00350398
Sample num: 7392
lower ratio:0.558599
RR_num of lower bound:7392 max_num:184969613
upper ratio:0.0437546
Sample num: 2416640
upper ratio:0.500406
Sample num: 14784
upper ratio:0.118844
Sample num: 29568
upper ratio:0.229577
Sample num: 59136
upper ratio:0.357694
Sample num: 118272
upper ratio:0.483276
Sample num: 236544
upper ratio:0.647451
RR_num of upper bound: 236544
upper's influence:1344.92
lower's influence:1334.83
orginal's influence:1439.85
PhysicalMem(MB) 2711.49
VirtualMem(MB) 2945.66
time:244.284
approximation: 0.308071
estimate influence by Mente-Carlo is: 66.6908
reachable node size: 2314
estimate influence by StopAlgorithm is: 67.6005
178 __ 4877487
Sample num: 178
lower ratio:0.0460079
upper ratio:0
Sample num: 356
lower ratio:0.131509
upper ratio:0
Sample num: 712
lower ratio:0.222246
upper ratio:0
Sample num: 1424
lower ratio:0.391777
upper ratio:-0.0117803
Sample num: 2848
lower ratio:0.487993
upper ratio:-0.011273
Sample num: 5696
lower ratio:0.554922
RR_num of lower bound:5696 max_num:4877487
upper ratio:0.00950853
Sample num: 11392
upper ratio:0.0795975
Sample num: 22784
upper ratio:0.256062
Sample num: 45568
upper ratio:0.418586
Sample num: 91136
upper ratio:0.523278
Sample num: 182272
upper ratio:0.663965
RR_num of upper bound: 182272
upper's influence:56.5293
lower's influence:56.7874
orginal's influence:60.7939
PhysicalMem(MB) 58.4062
VirtualMem(MB) 75.5938
time:11.3041
approximation: 0.210697
estimate influence by Mente-Carlo is: 8750.46
reachable node size: 1134880
estimate influence by StopAlgorithm is: 9024.63
287 __ 3223023447
Sample num: 287
lower ratio:-0.0114194
upper ratio:9.67669e-18
Sample num: 574
lower ratio:0.0241104
upper ratio:8.13259e-18
Sample num: 29568
lower ratio:0.573606
RR_num of lower bound:29568 max_num:2599486760
upper ratio:-0.00941942
Sample num: 1148
lower ratio:0.107547
upper ratio:8.13259e-18
Sample num: 2296
lower ratio:0.246816
upper ratio:8.13259e-18
Sample num: 4592
lower ratio:0.388126
upper ratio:-0.0128175
Sample num: 59136
upper ratio:0.0139791
Sample num: 9184
lower ratio:0.45494
upper ratio:-0.00647324
Sample num: 118272
upper ratio:0.127728
Sample num: 18368
lower ratio:0.528127
upper ratio:-0.00875048
Sample num: 236544
upper ratio:0.23698
Sample num: 36736
lower ratio:0.582033
RR_num of lower bound:36736 max_num:3223023447
upper ratio:0.00871371
Sample num: 73472
upper ratio:0.0262732
Sample num: 473088
upper ratio:0.393025
Sample num: 146944
upper ratio:0.118735
Sample num: 1945600
upper ratio:0.569024
RR_num of upper bound: 1945600
upper's influence:6095.82
lower's influence:6196.25
orginal's influence:6651.59
PhysicalMem(MB) 46555.7
VirtualMem(MB) 48525.1
time:55158
Sample num: 946176
upper ratio:0.500793
approximation: 0.311444
estimate influence by Mente-Carlo is: 133.71
reachable node size: 4029
estimate influence by StopAlgorithm is: 131.008
255 __ 7727570
Sample num: 255
lower ratio:0.104417
upper ratio:-2.55605e-18
Sample num: 510
lower ratio:0.181034
upper ratio:-0.0122983
Sample num: 1020
lower ratio:0.350345
upper ratio:-0.00573755
Sample num: 2040
lower ratio:0.455692
upper ratio:0.0188684
Sample num: 4080
lower ratio:0.523414
upper ratio:0.0693122
Sample num: 8160
lower ratio:0.57906
RR_num of lower bound:8160 max_num:7727570
upper ratio:0.157943
Sample num: 16320
upper ratio:0.266761
Sample num: 32640
upper ratio:0.397413
Sample num: 65280
upper ratio:0.494955
Sample num: 130560
upper ratio:0.601835
RR_num of upper bound: 130560
upper's influence:103.067
lower's influence:103.368
orginal's influence:105.356
PhysicalMem(MB) 214.902
VirtualMem(MB) 227.137
time:13.417
approximation: 0.185154
estimate influence by Mente-Carlo is: 215.804
reachable node size: 955
estimate influence by StopAlgorithm is: 221.052
203 __ 1134953
Sample num: 203
lower ratio:0.133589
upper ratio:0.00586752
Sample num: 406
lower ratio:0.238007
upper ratio:0.0842392
Sample num: 812
lower ratio:0.3361
upper ratio:0.163848
Sample num: 1624
lower ratio:0.419651
upper ratio:0.26808
Sample num: 3248
lower ratio:0.477861
upper ratio:0.390038
Sample num: 6496
lower ratio:0.521343
upper ratio:0.516035
Sample num: 12992
lower ratio:0.545917
RR_num of lower bound:12992 max_num:1134953
upper ratio:0.605109
RR_num of upper bound: 12992
upper's influence:164.121
lower's influence:164.261
orginal's influence:162.404
PhysicalMem(MB) 400.332
VirtualMem(MB) 499.195
time:2.86246
approximation: 0.198214
estimate influence by Mente-Carlo is: 2079.57
reachable node size: 52093
estimate influence by StopAlgorithm is: 2074.67
409 __ 105441261
Sample num: 409
lower ratio:0.0601487
upper ratio:-0.00892553
Sample num: 818
lower ratio:0.151257
upper ratio:-4.86099e-18
Sample num: 1636
lower ratio:0.270737
upper ratio:-0.00962862
Sample num: 293888
upper ratio:0.26364
Sample num: 3272
lower ratio:0.367599
upper ratio:-0.0113045
Sample num: 6544
lower ratio:0.449018
upper ratio:0.00268783
Sample num: 13088
lower ratio:0.547401
RR_num of lower bound:13088 max_num:105441261
upper ratio:0.0271769
Sample num: 26176
upper ratio:0.195143
Sample num: 52352
upper ratio:0.331139
Sample num: 104704
upper ratio:0.432867
Sample num: 209408
upper ratio:0.616882
RR_num of upper bound: 209408
upper's influence:1918.56
lower's influence:1891.26
orginal's influence:2040.53
PhysicalMem(MB) 3625.96
VirtualMem(MB) 3941.9
time:437.738
approximation: 0.314856
estimate influence by Mente-Carlo is: 619.189
reachable node size: 317070
estimate influence by StopAlgorithm is: 623.418
415 __ 652163107
Sample num: 415
lower ratio:0.0287532
upper ratio:8.45527e-18
Sample num: 830
lower ratio:0.0911592
upper ratio:8.45527e-18
Sample num: 1660
lower ratio:0.219559
upper ratio:7.73868e-18
Sample num: 3320
lower ratio:0.326083
upper ratio:7.15229e-18
Sample num: 6640
lower ratio:0.427262
upper ratio:6.05554e-18
Sample num: 13280
lower ratio:0.518191
upper ratio:-0.00607202
Sample num: 26560
lower ratio:0.598702
RR_num of lower bound:26560 max_num:652163107
upper ratio:4.70552e-18
Sample num: 53120
upper ratio:-0.00972197
Sample num: 106240
upper ratio:0.00180918
Sample num: 212480
upper ratio:0.0202488
Sample num: 424960
upper ratio:0.0526006
Sample num: 849920
upper ratio:0.150418
Sample num: 587776
upper ratio:0.39243
Sample num: 1699840
upper ratio:0.331121
Sample num: 3399680
upper ratio:0.439728
Sample num: 1175552
upper ratio:0.56083
RR_num of upper bound: 1175552
upper's influence:8214.18
lower's influence:8305.87
orginal's influence:8441.12
PhysicalMem(MB) 59484
VirtualMem(MB) 69469.5
time:17508.1
approximation: 0.336698
estimate influence by Mente-Carlo is: 133.928
reachable node size: 4029
estimate influence by StopAlgorithm is: 132.559
166 __ 9937714
Sample num: 166
lower ratio:0.0515192
upper ratio:1.39442e-17
Sample num: 332
lower ratio:0.192537
upper ratio:1.32146e-17
Sample num: 664
lower ratio:0.312703
upper ratio:-0.00791645
Sample num: 1328
lower ratio:0.435329
upper ratio:-0.0116803
Sample num: 2656
lower ratio:0.517225
upper ratio:0.0481774
Sample num: 5312
lower ratio:0.620084
RR_num of lower bound:5312 max_num:9937714
upper ratio:0.13669
Sample num: 10624
upper ratio:0.242332
Sample num: 21248
upper ratio:0.342075
Sample num: 42496
upper ratio:0.468105
Sample num: 84992
upper ratio:0.573266
RR_num of upper bound: 84992
upper's influence:110.242
lower's influence:108.22
orginal's influence:113.085
PhysicalMem(MB) 147.539
VirtualMem(MB) 173.344
time:9.01693
approximation: 0.215084
estimate influence by Mente-Carlo is: 216.121
reachable node size: 955
estimate influence by StopAlgorithm is: 206.272
136 __ 1336951
Sample num: 136
lower ratio:0.0497743
upper ratio:-0.00819149
Sample num: 272
lower ratio:0.155057
upper ratio:0.00275939
Sample num: 544
lower ratio:0.250924
upper ratio:0.0560581
Sample num: 1088
lower ratio:0.364769
upper ratio:0.188755
Sample num: 2176
lower ratio:0.442281
upper ratio:0.269307
Sample num: 4352
lower ratio:0.510526
upper ratio:0.341385
Sample num: 8704
lower ratio:0.570867
RR_num of lower bound:8704 max_num:1336951
upper ratio:0.484707
Sample num: 17408
upper ratio:0.571858
RR_num of upper bound: 17408
upper's influence:176.867
lower's influence:179.257
orginal's influence:181.05
PhysicalMem(MB) 275.195
VirtualMem(MB) 307.43
time:2.59262
approximation: 0.187751
estimate influence by Mente-Carlo is: 2073.67
reachable node size: 52093
estimate influence by StopAlgorithm is: 2126.92
256 __ 131724550
Sample num: 256
lower ratio:-0.00431163
upper ratio:0
Sample num: 512
lower ratio:0.034846
upper ratio:0
Sample num: 1024
lower ratio:0.101704
upper ratio:0
Sample num: 2048
lower ratio:0.208018
upper ratio:-0.00801913
Sample num: 4096
lower ratio:0.338917
upper ratio:0
Sample num: 8192
lower ratio:0.45427
upper ratio:-0.0105124
Sample num: 1892352
upper ratio:0.619829
RR_num of upper bound: 1892352
upper's influence:7879.89
lower's influence:8096.28
orginal's influence:8433.01
PhysicalMem(MB) 47328.3
VirtualMem(MB) 47779.3
time:20659.3
Sample num: 16384
lower ratio:0.533008
RR_num of lower bound:16384 max_num:131724550
upper ratio:0.061078
Sample num: 32768
upper ratio:0.210019
Sample num: 65536
upper ratio:0.336028
Sample num: 131072
upper ratio:0.447892
approximation: 0.334362
Sample num: 262144
upper ratio:0.546698
RR_num of upper bound: 262144
upper's influence:1979.99
lower's influence:1860.81
orginal's influence:2011.08
PhysicalMem(MB) 4464.07
VirtualMem(MB) 6000.46
time:543.949
approximation: 0.320289
estimate influence by Mente-Carlo is: 133.994
reachable node size: 4029
estimate influence by StopAlgorithm is: 130.866
255 __ 7727570
Sample num: 255
lower ratio:0.0688244
upper ratio:-2.76132e-18
Sample num: 510
lower ratio:0.191878
upper ratio:-0.0117901
Sample num: 1020
lower ratio:0.302789
upper ratio:-0.00689937
estimate influence by Mente-Carlo is: 618.476
reachable node size: 317070
Sample num: 2040
lower ratio:0.412285
upper ratio:0.0207147
Sample num: 4080
lower ratio:0.503526
upper ratio:0.0860298
Sample num: 8160
lower ratio:0.58063
RR_num of lower bound:8160 max_num:7727570
upper ratio:0.182052
Sample num: 16320
upper ratio:0.283289
Sample num: 32640
upper ratio:0.409216
Sample num: 65280
upper ratio:0.537135
RR_num of upper bound: 65280
upper's influence:104.259
lower's influence:103.864
orginal's influence:102.589
PhysicalMem(MB) 216.055
VirtualMem(MB) 226.887
time:7.92001
approximation: 0.186048
estimate influence by Mente-Carlo is: 216.06
reachable node size: 955
estimate influence by StopAlgorithm is: 214.708
203 __ 1134953
Sample num: 203
lower ratio:0.134609
upper ratio:0.00743744
Sample num: 406
lower ratio:0.225288
upper ratio:0.0390134
Sample num: 812
lower ratio:0.320571
upper ratio:0.146895
Sample num: 1624
lower ratio:0.404052
upper ratio:0.246034
Sample num: 3248
lower ratio:0.460256
upper ratio:0.416827
Sample num: 6496
lower ratio:0.509226
upper ratio:0.509241
Sample num: 12992
lower ratio:0.555926
RR_num of lower bound:12992 max_num:1134953
upper ratio:0.582554
RR_num of upper bound: 12992
upper's influence:170.649
lower's influence:161.198
orginal's influence:162.267
PhysicalMem(MB) 401.855
VirtualMem(MB) 498.578
time:2.8889
approximation: 0.197875
estimate influence by Mente-Carlo is: 2072.43
reachable node size: 52093
estimate influence by StopAlgorithm is: 2080.54
409 __ 105441261
estimate influence by StopAlgorithm is: 644.643
260 __ 813887461
Sample num: 260
lower ratio:-0.0162593
upper ratio:-6.58629e-18
Sample num: 409
lower ratio:0.0531366
upper ratio:-5.63082e-18
Sample num: 520
lower ratio:0.0253191
upper ratio:-6.22233e-18
Sample num: 818
lower ratio:0.141595
upper ratio:-4.97242e-18
Sample num: 1040
lower ratio:0.080215
upper ratio:-5.90438e-18
Sample num: 1636
lower ratio:0.273527
upper ratio:-0.00572316
Sample num: 2080
lower ratio:0.170552
upper ratio:-5.14784e-18
Sample num: 3272
lower ratio:0.376978
upper ratio:-0.00822724
Sample num: 4160
lower ratio:0.271545
upper ratio:-4.28807e-18
Sample num: 6544
lower ratio:0.445927
upper ratio:0.00265033
Sample num: 8320
lower ratio:0.387205
upper ratio:-4.1543e-18
Sample num: 13088
lower ratio:0.529157
upper ratio:0.0451529
Sample num: 16640
lower ratio:0.486382
upper ratio:-3.80511e-18
Sample num: 26176
lower ratio:0.596596
RR_num of lower bound:26176 max_num:105441261
upper ratio:0.174303
Sample num: 52352
upper ratio:0.310297
Sample num: 33280
lower ratio:0.57359
RR_num of lower bound:33280 max_num:813887461
upper ratio:-3.6073e-18
Sample num: 104704
upper ratio:0.44526
Sample num: 66560
upper ratio:-0.011403
Sample num: 209408
upper ratio:0.620397
RR_num of upper bound: 209408
Sample num: 133120
upper ratio:-0.0111219
upper's influence:1838.76
lower's influence:1917.06
orginal's influence:1953.39
PhysicalMem(MB) 7065.26
VirtualMem(MB) 7688.55
time:569.415
approximation: 0.314209
estimate influence by Mente-Carlo is: 621.208
reachable node size: 317070
estimate influence by StopAlgorithm is: 603.074
415 __ 652163107
Sample num: 415
lower ratio:0.0259586
upper ratio:9.35792e-18
Sample num: 830
lower ratio:0.105573
upper ratio:9.35792e-18
Sample num: 1660
lower ratio:0.242396
upper ratio:9.35792e-18
Sample num: 3320
lower ratio:0.353189
upper ratio:8.8786e-18
Sample num: 6640
lower ratio:0.454835
upper ratio:8.45527e-18
Sample num: 266240
upper ratio:-0.0028127
Sample num: 13280
lower ratio:0.545431
RR_num of lower bound:13280 max_num:652163107
upper ratio:4.80949e-18
Sample num: 26560
upper ratio:-0.00545858
Sample num: 53120
upper ratio:-0.0105602
Sample num: 106240
upper ratio:-0.00267693
Sample num: 212480
upper ratio:0.0248649
Sample num: 532480
upper ratio:0.00579483
Sample num: 424960
upper ratio:0.0593707
Sample num: 1064960
upper ratio:0.169826
Sample num: 849920
upper ratio:0.158102
Sample num: 6799360
upper ratio:0.551279
RR_num of upper bound: 6799360
upper's influence:588.985
lower's influence:590.006
orginal's influence:595.022
PhysicalMem(MB) 3053.39
VirtualMem(MB) 3082.87
time:10842.2
approximation: 0.218527
estimate influence by Mente-Carlo is: 962.254
reachable node size: 47666
estimate influence by StopAlgorithm is: 955.347
363 __ 85540261
Sample num: 363
lower ratio:0.160019
upper ratio:5.57565e-18
Sample num: 726
lower ratio:0.251457
upper ratio:4.16752e-18
Sample num: 1452
lower ratio:0.352842
upper ratio:2.91561e-18
Sample num: 2904
lower ratio:0.455513
upper ratio:-0.00888803
Sample num: 5808
lower ratio:0.503644
upper ratio:-0.00420828
Sample num: 11616
lower ratio:0.545923
RR_num of lower bound:11616 max_num:85540261
upper ratio:0.0733432
Sample num: 23232
upper ratio:0.190453
Sample num: 46464
upper ratio:0.318267
Sample num: 92928
upper ratio:0.443289
Sample num: 185856
upper ratio:0.523593
Sample num: 371712
upper ratio:0.601038
RR_num of upper bound: 371712
upper's influence:779.834
lower's influence:744.983
orginal's influence:814.131
PhysicalMem(MB) 2375.79
VirtualMem(MB) 2645.91
time:244.649
approximation: 0.300742
estimate influence by Mente-Carlo is: 1179.01
reachable node size: 218111
estimate influence by StopAlgorithm is: 1177.44
411 __ 443918016
Sample num: 411
lower ratio:0.339304
upper ratio:0
Sample num: 822
lower ratio:0.406704
upper ratio:0
Sample num: 1644
lower ratio:0.485663
upper ratio:0
Sample num: 3288
lower ratio:0.546002
RR_num of lower bound:3288 max_num:443918016
upper ratio:-0.0145699
Sample num: 6576
upper ratio:0.0221366
Sample num: 13152
upper ratio:0.0586757
Sample num: 26304
upper ratio:0.160939
Sample num: 52608
upper ratio:0.320004
Sample num: 105216
upper ratio:0.429497
Sample num: 210432
upper ratio:0.53845
RR_num of upper bound: 210432
upper's influence:549.839
lower's influence:552.115
orginal's influence:769.191
PhysicalMem(MB) 936.855
VirtualMem(MB) 968.078
time:414.913
approximation: 0.318626
estimate influence by Mente-Carlo is: 1612.1
reachable node size: 81294
estimate influence by StopAlgorithm is: 1635.25
365 __ 146918702
Sample num: 365
lower ratio:0.186264
upper ratio:2.77042e-18
Sample num: 730
lower ratio:0.267944
upper ratio:2.07357e-18
Sample num: 1460
lower ratio:0.370461
upper ratio:1.39903e-18
Sample num: 2920
lower ratio:0.465033
upper ratio:-0.00280838
Sample num: 5840
lower ratio:0.535343
RR_num of lower bound:5840 max_num:146918702
upper ratio:-0.00360271
Sample num: 11680
upper ratio:0.0543116
Sample num: 23360
upper ratio:0.228073
Sample num: 46720
upper ratio:0.341734
Sample num: 93440
upper ratio:0.447402
Sample num: 186880
upper ratio:0.562888
RR_num of upper bound: 186880
upper's influence:1213.78
lower's influence:1216.13
orginal's influence:1422.07
PhysicalMem(MB) 2142.19
VirtualMem(MB) 2493.18
time:193.185
approximation: 0.292263
estimate influence by Mente-Carlo is: 66.5415
reachable node size: 2314
estimate influence by StopAlgorithm is: 65.1682
276 __ 4192068
Sample num: 276
lower ratio:0.155579
upper ratio:-0.00935145
Sample num: 552
lower ratio:0.286737
upper ratio:-0.0108081
Sample num: 1104
lower ratio:0.365417
upper ratio:-0.0105019
Sample num: 2208
lower ratio:0.446353
upper ratio:-0.00460721
Sample num: 4416
lower ratio:0.533358
RR_num of lower bound:4416 max_num:4192068
upper ratio:0.0108286
Sample num: 8832
upper ratio:0.103286
Sample num: 17664
upper ratio:0.245627
Sample num: 35328
upper ratio:0.377551
Sample num: 70656
upper ratio:0.53077
Sample num: 141312
upper ratio:0.569366
RR_num of upper bound: 141312
upper's influence:51.0163
lower's influence:54.9727
orginal's influence:59.0798
PhysicalMem(MB) 46.7695
VirtualMem(MB) 57.3516
time:8.92418
approximation: 0.165184
estimate influence by Mente-Carlo is: 8759.27
reachable node size: 1134880
estimate influence by StopAlgorithm is: 8875.04
462 __ 2599486760
Sample num: 462
lower ratio:0.0611963
upper ratio:-1.05387e-17
Sample num: 924
lower ratio:0.167518
upper ratio:-1.00956e-17
Sample num: 1848
lower ratio:0.270693
upper ratio:-7.90205e-18
Sample num: 1699840
upper ratio:0.296981
Sample num: 3696
lower ratio:0.382882
upper ratio:-6.1467e-18
Sample num: 2129920
upper ratio:0.29935
Sample num: 7392
lower ratio:0.442536
upper ratio:-6.1467e-18
Sample num: 14784
lower ratio:0.495377
upper ratio:-0.00892265
Sample num: 29568
lower ratio:0.563938
RR_num of lower bound:29568 max_num:2599486760
upper ratio:0.00555332
Sample num: 59136
upper ratio:0.0395361
Sample num: 3399680
upper ratio:0.427764
Sample num: 118272
upper ratio:0.193544
Sample num: 4259840
upper ratio:0.423999
Sample num: 236544
upper ratio:0.324602
Sample num: 473088
upper ratio:0.447606
Sample num: 6799360
upper ratio:0.622252
RR_num of upper bound: 6799360
upper's influence:578.866
lower's influence:595.398
orginal's influence:597.317
PhysicalMem(MB) 1684.96
VirtualMem(MB) 1703.45
time:10674.7
approximation: 0.222179
estimate influence by Mente-Carlo is: 960.719
reachable node size: 47666
estimate influence by StopAlgorithm is: 933.863
363 __ 85540261
Sample num: 363
lower ratio:0.174245
upper ratio:5.3394e-18
Sample num: 726
lower ratio:0.27455
upper ratio:-0.00734388
Sample num: 1452
lower ratio:0.373995
upper ratio:3.37742e-18
Sample num: 2904
lower ratio:0.469733
upper ratio:-0.00995158
Sample num: 5808
lower ratio:0.527214
upper ratio:0.00485497
Sample num: 11616
lower ratio:0.570809
RR_num of lower bound:11616 max_num:85540261
upper ratio:0.0708784
Sample num: 23232
upper ratio:0.149573
Sample num: 46464
upper ratio:0.305683
Sample num: 92928
upper ratio:0.432152
Sample num: 185856
upper ratio:0.529648
Sample num: 371712
upper ratio:0.599526
RR_num of upper bound: 371712
upper's influence:782.711
lower's influence:753.935
orginal's influence:809.3
PhysicalMem(MB) 2350.53
VirtualMem(MB) 2623.06
time:246.507
approximation: 0.298657
estimate influence by Mente-Carlo is: 1180.22
reachable node size: 218111
estimate influence by StopAlgorithm is: 1176.2
411 __ 443918016
Sample num: 411
lower ratio:0.327588
upper ratio:0
Sample num: 822
lower ratio:0.415504
upper ratio:0
Sample num: 1644
lower ratio:0.483252
upper ratio:-0.0141056
Sample num: 3288
lower ratio:0.54663
RR_num of lower bound:3288 max_num:443918016
upper ratio:-0.010512
Sample num: 6576
upper ratio:0.0161988
Sample num: 13152
upper ratio:0.0405212
Sample num: 26304
upper ratio:0.168681
Sample num: 52608
upper ratio:0.31437
Sample num: 105216
upper ratio:0.535465
RR_num of upper bound: 105216
upper's influence:574.381
lower's influence:554.168
orginal's influence:759.634
PhysicalMem(MB) 934.828
VirtualMem(MB) 964.992
time:258.263
approximation: 0.321583
estimate influence by Mente-Carlo is: 1609.02
reachable node size: 81294
estimate influence by StopAlgorithm is: 1612.23
365 __ 146918702
Sample num: 365
lower ratio:0.166369
upper ratio:2.3635e-18
Sample num: 730
lower ratio:0.281535
upper ratio:1.95696e-18
Sample num: 1460
lower ratio:0.381498
upper ratio:-0.00857445
Sample num: 2920
lower ratio:0.468082
upper ratio:-0.00892965
Sample num: 5840
lower ratio:0.545508
RR_num of lower bound:5840 max_num:146918702
upper ratio:0.0016888
Sample num: 11680
upper ratio:0.0837341
Sample num: 23360
upper ratio:0.213556
Sample num: 46720
upper ratio:0.358037
Sample num: 93440
upper ratio:0.531748
Sample num: 186880
upper ratio:0.638036
RR_num of upper bound: 186880
upper's influence:1267.94
lower's influence:1253.01
orginal's influence:1361.42
PhysicalMem(MB) 2164.71
VirtualMem(MB) 2512.6
time:197.633
approximation: 0.297695
estimate influence by Mente-Carlo is: 66.4838
reachable node size: 2314
estimate influence by StopAlgorithm is: 66.6707
276 __ 4192068
Sample num: 276
lower ratio:0.151032
upper ratio:-6.13021e-18
Sample num: 552
lower ratio:0.274926
upper ratio:-4.81753e-18
Sample num: 1104
lower ratio:0.38146
upper ratio:-0.00644589
Sample num: 2208
lower ratio:0.4659
upper ratio:-0.0095296
Sample num: 4416
lower ratio:0.548339
RR_num of lower bound:4416 max_num:4192068
upper ratio:0.0233707
Sample num: 8832
upper ratio:0.0934047
Sample num: 17664
upper ratio:0.191019
Sample num: 35328
upper ratio:0.347715
Sample num: 70656
upper ratio:0.507328
Sample num: 141312
upper ratio:0.628518
RR_num of upper bound: 141312
upper's influence:52.8206
lower's influence:53.3488
orginal's influence:58.7453
PhysicalMem(MB) 46.4219
VirtualMem(MB) 57.0898
time:8.90409
approximation: 0.16663
estimate influence by Mente-Carlo is: 8822.13
reachable node size: 1134880
estimate influence by StopAlgorithm is: 8928.8
462 __ 2599486760
Sample num: 462
lower ratio:0.0274507
upper ratio:-1.00956e-17
Sample num: 924
lower ratio:0.101573
upper ratio:-8.69062e-18
Sample num: 1848
lower ratio:0.225446
upper ratio:-6.8984e-18
Sample num: 3696
lower ratio:0.322584
upper ratio:-6.28184e-18
Sample num: 7392
lower ratio:0.446683
upper ratio:-0.00967968
Sample num: 8519680
upper ratio:0.573989
RR_num of upper bound: 8519680
upper's influence:586.457
lower's influence:597.289
orginal's influence:621.162
PhysicalMem(MB) 3705.83
VirtualMem(MB) 4316.35
time:13395.9
Sample num: 14784
lower ratio:0.551197
RR_num of lower bound:14784 max_num:2599486760
upper ratio:-0.0122372
approximation: 0.232465
estimate influence by Mente-Carlo is: 954.694
reachable node size: 47666
estimate influence by StopAlgorithm is: 966.531
229 __ 107749516
Sample num: 229
lower ratio:0.0285893
upper ratio:-0.00928669
Sample num: 458
lower ratio:0.18822
upper ratio:-0.0144923
Sample num: 916
lower ratio:0.366739
upper ratio:-0.0077896
Sample num: 1832
lower ratio:0.376324
upper ratio:-0.012334
Sample num: 3664
lower ratio:0.505844
upper ratio:0.00720004
Sample num: 7328
lower ratio:0.56066
RR_num of lower bound:7328 max_num:107749516
upper ratio:0.0374625
Sample num: 14656
upper ratio:0.0455203
Sample num: 29312
upper ratio:0.168083
Sample num: 58624
upper ratio:0.414891
Sample num: 117248
upper ratio:0.4858
Sample num: 234496
upper ratio:0.589751
RR_num of upper bound: 234496
upper's influence:821.325
lower's influence:853.944
orginal's influence:873.284
PhysicalMem(MB) 1527.21
VirtualMem(MB) 1600.72
time:155.58
approximation: 0.300326
estimate influence by Mente-Carlo is: 1176.74
reachable node size: 218111
estimate influence by StopAlgorithm is: 1178.72
257 __ 554375779
Sample num: 257
lower ratio:0.23315
upper ratio:-5.65738e-18
Sample num: 514
lower ratio:0.327067
upper ratio:-5.17645e-18
Sample num: 1028
lower ratio:0.406621
upper ratio:-4.97055e-18
Sample num: 2056
lower ratio:0.475624
upper ratio:-0.00853228
Sample num: 4112
lower ratio:0.542419
RR_num of lower bound:4112 max_num:554375779
upper ratio:-0.00705149
Sample num: 8224
upper ratio:0.0248176
Sample num: 16448
upper ratio:0.114864
Sample num: 32896
upper ratio:0.245751
Sample num: 29568
upper ratio:-0.00954892
Sample num: 946176
upper ratio:0.554729
RR_num of upper bound: 946176
upper's influence:8151.97
Sample num: 65792
upper ratio:0.390136
lower's influence:8147.77
orginal's influence:8120.94
PhysicalMem(MB) 47562.6
VirtualMem(MB) 47999.2
time:10549
Sample num: 131584
upper ratio:0.49881
Sample num: 263168
upper ratio:0.620661
RR_num of upper bound: 263168
upper's influence:712.375
lower's influence:686.782
orginal's influence:839.081
PhysicalMem(MB) 1096.27
VirtualMem(MB) 1273.83
time:486.753
approximation: 0.333721
approximation: 0.312948
estimate influence by Mente-Carlo is: 1595.97
reachable node size: 81294
estimate influence by StopAlgorithm is: 1599.26
231 __ 184969613
Sample num: 231
lower ratio:0.0927959
upper ratio:-0.0105253
Sample num: 462
lower ratio:0.188264
upper ratio:-0.00924936
Sample num: 924
lower ratio:0.280054
upper ratio:-0.0071074
Sample num: 1848
lower ratio:0.389016
upper ratio:-0.0133073
Sample num: 3696
lower ratio:0.502942
upper ratio:-0.011402
Sample num: 7392
lower ratio:0.56479
RR_num of lower bound:7392 max_num:184969613
upper ratio:0.0117557
Sample num: 14784
upper ratio:0.133013
Sample num: 29568
upper ratio:0.27264
estimate influence by Mente-Carlo is: 6818.21
reachable node size: 1504285
Sample num: 59136
upper ratio:0.359176
Sample num: 118272
upper ratio:0.53183
estimate influence by StopAlgorithm is: 6728.36
475 __ 3545878563
Sample num: 59136
upper ratio:0.0509054
Sample num: 475
lower ratio:0.0582308
upper ratio:-2.0718e-17
Sample num: 236544
upper ratio:0.650783
RR_num of upper bound: 236544
upper's influence:1387.99
lower's influence:1321.27
orginal's influence:1479.12
PhysicalMem(MB) 2680.21
VirtualMem(MB) 2918.21
time:239.018
Sample num: 950
lower ratio:0.144539
upper ratio:-1.986e-17
approximation: 0.299107
estimate influence by Mente-Carlo is: 66.267
reachable node size: 2314
estimate influence by StopAlgorithm is: 66.0219
178 __ 4877487
Sample num: 178
lower ratio:0.0589384
upper ratio:0
Sample num: 356
lower ratio:0.135996
upper ratio:0
Sample num: 712
lower ratio:0.240714
upper ratio:-0.00897755
Sample num: 1424
lower ratio:0.362737
upper ratio:0
Sample num: 2848
lower ratio:0.450525
upper ratio:-0.0113132
Sample num: 5696
lower ratio:0.550047
RR_num of lower bound:5696 max_num:4877487
upper ratio:0.0143616
Sample num: 11392
upper ratio:0.0951741
Sample num: 22784
upper ratio:0.298901
Sample num: 45568
upper ratio:0.443165
Sample num: 91136
upper ratio:0.564055
RR_num of upper bound: 91136
upper's influence:56.5984
lower's influence:55.6703
orginal's influence:60.8092
PhysicalMem(MB) 57.5234
VirtualMem(MB) 75.0469
time:6.56333
approximation: 0.213564
estimate influence by Mente-Carlo is: 8827.03
reachable node size: 1134880
estimate influence by StopAlgorithm is: 8719.28
287 __ 3223023447
Sample num: 287
lower ratio:0.0124509
upper ratio:1.05174e-17
Sample num: 1900
lower ratio:0.260593
upper ratio:-1.60697e-17
Sample num: 574
lower ratio:0.0310333
upper ratio:1.00759e-17
Sample num: 1148
lower ratio:0.112222
upper ratio:9.31348e-18
Sample num: 2296
lower ratio:0.220001
upper ratio:8.13259e-18
Sample num: 3800
lower ratio:0.400936
upper ratio:-1.3306e-17
Sample num: 4592
lower ratio:0.354359
upper ratio:7.88962e-18
Sample num: 7600
lower ratio:0.516044
upper ratio:-0.00561182
Sample num: 9184
lower ratio:0.473354
upper ratio:-0.0161006
Sample num: 118272
upper ratio:0.152612
Sample num: 18368
lower ratio:0.56127
RR_num of lower bound:18368 max_num:3223023447
upper ratio:-0.00589527
Sample num: 15200
lower ratio:0.584269
RR_num of lower bound:15200 max_num:3545878563
upper ratio:-0.00872554
Sample num: 36736
upper ratio:-0.010331
Sample num: 30400
upper ratio:-0.00988449
Sample num: 73472
upper ratio:0.062689
Sample num: 60800
upper ratio:0.00347226
Sample num: 146944
upper ratio:0.182684
Sample num: 121600
upper ratio:0.070403
Sample num: 236544
upper ratio:0.259138
Sample num: 293888
upper ratio:0.313076
Sample num: 243200
upper ratio:0.182111
Sample num: 587776
upper ratio:0.424157
Sample num: 473088
upper ratio:0.390706
Sample num: 486400
upper ratio:0.34575
Sample num: 1175552
upper ratio:0.58312
RR_num of upper bound: 1175552
upper's influence:8142.94
lower's influence:8198.92
orginal's influence:8377.07
PhysicalMem(MB) 30193
VirtualMem(MB) 35170.2
time:11941.6
approximation: 0.336336
estimate influence by Mente-Carlo is: 133.892
reachable node size: 4029
estimate influence by StopAlgorithm is: 130.407
166 __ 9937714
Sample num: 166
lower ratio:0.103779
upper ratio:1.32146e-17
Sample num: 332
lower ratio:0.204804
upper ratio:1.14764e-17
Sample num: 664
lower ratio:0.311458
upper ratio:-0.0134484
Sample num: 1328
lower ratio:0.44358
upper ratio:-0.00565865
Sample num: 2656
lower ratio:0.508834
upper ratio:0.0497948
Sample num: 5312
lower ratio:0.574504
RR_num of lower bound:5312 max_num:9937714
upper ratio:0.145745
Sample num: 10624
upper ratio:0.224047
Sample num: 21248
upper ratio:0.389796
Sample num: 42496
upper ratio:0.475919
Sample num: 84992
upper ratio:0.556802
RR_num of upper bound: 84992
upper's influence:112.654
lower's influence:113.828
orginal's influence:111.001
PhysicalMem(MB) 146.496
VirtualMem(MB) 173.973
time:9.01469
approximation: 0.213249
estimate influence by Mente-Carlo is: 215.8
reachable node size: 955
estimate influence by StopAlgorithm is: 219.045
136 __ 1336951
Sample num: 136
lower ratio:0.0571092
upper ratio:-0.011962
Sample num: 272
lower ratio:0.138279
upper ratio:0.019661
Sample num: 544
lower ratio:0.243592
upper ratio:0.0898304
Sample num: 1088
lower ratio:0.352569
upper ratio:0.212247
Sample num: 2176
lower ratio:0.423763
upper ratio:0.330716
Sample num: 4352
lower ratio:0.487008
upper ratio:0.413297
Sample num: 8704
lower ratio:0.546096
RR_num of lower bound:8704 max_num:1336951
upper ratio:0.532973
RR_num of upper bound: 8704
upper's influence:180.168
lower's influence:179.869
orginal's influence:177.644
PhysicalMem(MB) 273.402
VirtualMem(MB) 307.793
time:1.93652
approximation: 0.188496
estimate influence by Mente-Carlo is: 2066.67
reachable node size: 52093
estimate influence by StopAlgorithm is: 2064.81
256 __ 131724550
Sample num: 256
lower ratio:-0.00898385
upper ratio:0
Sample num: 512
lower ratio:0.0437698
upper ratio:0
Sample num: 1024
lower ratio:0.116561
upper ratio:-0.00753128
Sample num: 2048
lower ratio:0.245661
upper ratio:-0.0144517
Sample num: 4096
lower ratio:0.354555
upper ratio:-0.00942051
Sample num: 8192
lower ratio:0.445341
upper ratio:-0.00965911
Sample num: 16384
lower ratio:0.525935
upper ratio:0.026262
Sample num: 32768
lower ratio:0.596781
RR_num of lower bound:32768 max_num:131724550
upper ratio:0.0722145
Sample num: 65536
upper ratio:0.230042
Sample num: 131072
upper ratio:0.393233
Sample num: 262144
upper ratio:0.524491
Sample num: 524288
upper ratio:0.615497
RR_num of upper bound: 524288
upper's influence:2016.08
lower's influence:1935.44
orginal's influence:2015.87
PhysicalMem(MB) 8741.08
VirtualMem(MB) 11802.7
time:1064.48
approximation: 0.319003
estimate influence by Mente-Carlo is: 620.442
reachable node size: 317070
estimate influence by StopAlgorithm is: 628.375
260 __ 813887461
Sample num: 260
lower ratio:-0.0153032
upper ratio:-6.58629e-18
Sample num: 520
lower ratio:0.00820151
upper ratio:-6.22233e-18
Sample num: 1040
lower ratio:0.0775398
upper ratio:-5.90438e-18
Sample num: 2080
lower ratio:0.182323
upper ratio:-4.94404e-18
Sample num: 4160
lower ratio:0.307062
upper ratio:-4.28807e-18
Sample num: 8320
lower ratio:0.395073
upper ratio:-4.28807e-18
Sample num: 16640
lower ratio:0.494457
upper ratio:-4.02987e-18
Sample num: 33280
lower ratio:0.582398
RR_num of lower bound:33280 max_num:813887461
upper ratio:-3.6073e-18
Sample num: 66560
upper ratio:-0.0100325
Sample num: 133120
upper ratio:-0.00867609
Sample num: 266240
upper ratio:-0.00277497
Sample num: 532480
upper ratio:0.0776371
Sample num: 946176
upper ratio:0.53937
RR_num of upper bound: 946176
upper's influence:8015.52
lower's influence:8010.76
orginal's influence:8439.23
PhysicalMem(MB) 24350.2
VirtualMem(MB) 24567.8
time:17252.9
approximation: 0.334394
estimate influence by Mente-Carlo is: 134.599
reachable node size: 4029
estimate influence by StopAlgorithm is: 134.044
255 __ 7727570
Sample num: 255
lower ratio:0.106405
upper ratio:-2.87912e-18
Sample num: 510
lower ratio:0.204803
upper ratio:-0.0119681
Sample num: 1020
lower ratio:0.314968
upper ratio:-0.0083531
Sample num: 2040
lower ratio:0.411184
upper ratio:0.00262699
Sample num: 4080
lower ratio:0.501184
upper ratio:0.0218799
Sample num: 8160
lower ratio:0.573747
RR_num of lower bound:8160 max_num:7727570
upper ratio:0.144108
Sample num: 16320
upper ratio:0.2755
Sample num: 32640
upper ratio:0.415575
Sample num: 65280
upper ratio:0.526338
Sample num: 130560
upper ratio:0.547568
RR_num of upper bound: 130560
upper's influence:101.846
lower's influence:106.715
orginal's influence:106.967
PhysicalMem(MB) 216.422
VirtualMem(MB) 227.441
time:13.4574
approximation: 0.18529
estimate influence by Mente-Carlo is: 215.074
reachable node size: 955
estimate influence by StopAlgorithm is: 211.452
203 __ 1134953
Sample num: 203
lower ratio:0.168377
upper ratio:0.0360862
Sample num: 406
lower ratio:0.260724
upper ratio:0.0933484
Sample num: 812
lower ratio:0.334083
upper ratio:0.143904
Sample num: 1624
lower ratio:0.399089
upper ratio:0.287307
Sample num: 3248
lower ratio:0.471174
upper ratio:0.430772
Sample num: 6496
lower ratio:0.513003
upper ratio:0.479376
Sample num: 12992
lower ratio:0.551042
RR_num of lower bound:12992 max_num:1134953
upper ratio:0.542848
RR_num of upper bound: 12992
upper's influence:161.243
lower's influence:160.87
orginal's influence:160.026
PhysicalMem(MB) 400.16
VirtualMem(MB) 499.539
time:2.91332
approximation: 0.195525
estimate influence by Mente-Carlo is: 2073.06
reachable node size: 52093
estimate influence by StopAlgorithm is: 2053.58
409 __ 105441261
Sample num: 409
lower ratio:0.0441003
upper ratio:-5.63082e-18
Sample num: 818
lower ratio:0.146375
upper ratio:-4.97242e-18
Sample num: 1636
lower ratio:0.230378
upper ratio:-4.55807e-18
Sample num: 1064960
upper ratio:0.152507
Sample num: 3272
lower ratio:0.347337
upper ratio:-0.00528096
Sample num: 6544
lower ratio:0.450853
upper ratio:-0.00875484
Sample num: 13088
lower ratio:0.54312
RR_num of lower bound:13088 max_num:105441261
upper ratio:0.0699272
Sample num: 26176
upper ratio:0.148972
Sample num: 52352
upper ratio:0.269418
Sample num: 104704
upper ratio:0.442514
Sample num: 209408
upper ratio:0.616354
RR_num of upper bound: 209408
upper's influence:1926.42
lower's influence:1897.51
orginal's influence:1986
PhysicalMem(MB) 3623.08
VirtualMem(MB) 3938.65
time:440.195
approximation: 0.314139
estimate influence by Mente-Carlo is: 623.796
reachable node size: 317070
estimate influence by StopAlgorithm is: 620.873
415 __ 652163107
Sample num: 415
lower ratio:0.0209242
upper ratio:9.90678e-18
Sample num: 830
lower ratio:0.0988621
upper ratio:8.8786e-18
Sample num: 1660
lower ratio:0.211532
upper ratio:7.43174e-18
Sample num: 3320
lower ratio:0.325029
upper ratio:6.89652e-18
Sample num: 6640
lower ratio:0.443506
upper ratio:6.66133e-18
Sample num: 13280
lower ratio:0.521662
upper ratio:4.80949e-18
Sample num: 26560
lower ratio:0.598242
RR_num of lower bound:26560 max_num:652163107
upper ratio:4.42188e-18
Sample num: 53120
upper ratio:-0.00767361
Sample num: 106240
upper ratio:-0.00638817
Sample num: 212480
upper ratio:0.0216187
Sample num: 424960
upper ratio:0.0700653
Sample num: 2129920
upper ratio:0.296248
Sample num: 849920
upper ratio:0.108435
Sample num: 1699840
upper ratio:0.327825
Sample num: 4259840
upper ratio:0.439889
Sample num: 972800
upper ratio:0.452766
Sample num: 3399680
upper ratio:0.495864
Sample num: 6799360
upper ratio:0.60134
RR_num of upper bound: 6799360
upper's influence:606.911
lower's influence:594.484
orginal's influence:603.88
PhysicalMem(MB) 3045.56
VirtualMem(MB) 3073.09
time:10710.3
approximation: 0.222919
estimate influence by Mente-Carlo is: 962.113
reachable node size: 47666
estimate influence by StopAlgorithm is: 967.669
363 __ 85540261
Sample num: 363
lower ratio:0.127936
upper ratio:5.83851e-18
Sample num: 726
lower ratio:0.240352
upper ratio:4.04598e-18
Sample num: 1452
lower ratio:0.335017
upper ratio:-0.00892168
Sample num: 2904
lower ratio:0.444854
upper ratio:-0.00832538
Sample num: 5808
lower ratio:0.482744
upper ratio:0.0307972
Sample num: 8519680
upper ratio:0.553467
RR_num of upper bound: 8519680
Sample num: 11616
lower ratio:0.559468
RR_num of lower bound:11616 max_num:85540261
upper ratio:0.0930493
Sample num: 23232
upper ratio:0.199673
Sample num: 46464
upper ratio:0.34744
upper's influence:608.286
Sample num: 92928
upper ratio:0.417671
lower's influence:589.069
orginal's influence:605.721
PhysicalMem(MB) 3715.98
VirtualMem(MB) 4323.61
time:13351.2
Sample num: 185856
upper ratio:0.508751
approximation: 0.229973
estimate influence by Mente-Carlo is: 955.002
reachable node size: 47666
estimate influence by StopAlgorithm is: 956.37
229 __ 107749516
Sample num: 229
lower ratio:0.0283889
upper ratio:-7.98788e-18
Sample num: 458
lower ratio:0.189635
upper ratio:-7.37818e-18
Sample num: 916
lower ratio:0.256333
upper ratio:-0.0126347
Sample num: 1832
lower ratio:0.360025
upper ratio:-0.0109545
Sample num: 3664
lower ratio:0.440402
upper ratio:-0.0117849
Sample num: 7328
lower ratio:0.500845
upper ratio:0.0122787
Sample num: 14656
lower ratio:0.572974
RR_num of lower bound:14656 max_num:107749516
upper ratio:0.0823759
Sample num: 29312
upper ratio:0.258197
Sample num: 371712
upper ratio:0.616472
RR_num of upper bound: 371712
upper's influence:757.303
lower's influence:745.118
orginal's influence:810.236
PhysicalMem(MB) 2367.43
VirtualMem(MB) 2639.84
time:245.245
Sample num: 58624
upper ratio:0.335101
approximation: 0.298639
estimate influence by Mente-Carlo is: 1176.87
reachable node size: 218111
estimate influence by StopAlgorithm is: 1211.13
411 __ 443918016
Sample num: 117248
upper ratio:0.470888
Sample num: 411
lower ratio:0.304563
upper ratio:0
Sample num: 822
lower ratio:0.397489
upper ratio:-0.0173111
Sample num: 1644
lower ratio:0.474862
upper ratio:-0.0162929
Sample num: 3288
lower ratio:0.538394
RR_num of lower bound:3288 max_num:443918016
upper ratio:-0.0146925
Sample num: 6576
upper ratio:-0.000386392
Sample num: 13152
upper ratio:0.0327916
Sample num: 234496
upper ratio:0.603015
RR_num of upper bound: 234496
upper's influence:828.39
lower's influence:835.405
orginal's influence:865.939
PhysicalMem(MB) 2949.75
VirtualMem(MB) 3093.29
time:175.325
Sample num: 26304
upper ratio:0.217234
approximation: 0.302386
estimate influence by Mente-Carlo is: 1172.58
reachable node size: 218111
estimate influence by StopAlgorithm is: 1191.82
257 __ 554375779
Sample num: 257
lower ratio:0.20611
upper ratio:-6.26365e-18
Sample num: 52608
upper ratio:0.330277
Sample num: 514
lower ratio:0.296434
upper ratio:-5.65738e-18
Sample num: 1028
lower ratio:0.391069
upper ratio:-5.17645e-18
Sample num: 2056
lower ratio:0.478249
upper ratio:-4.61164e-18
Sample num: 4112
lower ratio:0.543668
RR_num of lower bound:4112 max_num:554375779
upper ratio:-0.01458
Sample num: 8224
upper ratio:0.00595423
Sample num: 16448
upper ratio:0.0641831
Sample num: 105216
upper ratio:0.464666
Sample num: 32896
upper ratio:0.178811
Sample num: 65792
upper ratio:0.317054
Sample num: 131584
upper ratio:0.442555
Sample num: 210432
upper ratio:0.572194
RR_num of upper bound: 210432
upper's influence:566.878
lower's influence:555.239
orginal's influence:757.001
PhysicalMem(MB) 935.426
VirtualMem(MB) 964.379
time:414.774
approximation: 0.321394
estimate influence by Mente-Carlo is: 1605.52
reachable node size: 81294
estimate influence by StopAlgorithm is: 1600.28
365 __ 146918702
Sample num: 365
lower ratio:0.155129
upper ratio:2.65365e-18
Sample num: 730
lower ratio:0.270404
upper ratio:2.13814e-18
Sample num: 1460
lower ratio:0.374448
upper ratio:-0.0117861
Sample num: 2920
lower ratio:0.463618
upper ratio:-0.0109165
Sample num: 5840
lower ratio:0.543984
RR_num of lower bound:5840 max_num:146918702
upper ratio:0.03859
Sample num: 11680
upper ratio:0.090095
Sample num: 23360
upper ratio:0.237478
Sample num: 46720
upper ratio:0.360996
Sample num: 263168
upper ratio:0.573703
RR_num of upper bound: 263168
upper's influence:709.544
Sample num: 93440
lower's influence:678.422
upper ratio:0.463658
orginal's influence:850.471
PhysicalMem(MB) 1094.14
VirtualMem(MB) 1272.29
time:485.568
approximation: 0.318832
estimate influence by Mente-Carlo is: 1615.38
reachable node size: 81294
estimate influence by StopAlgorithm is: 1554.87
231 __ 184969613
Sample num: 231
lower ratio:0.0984721
upper ratio:3.03718e-18
Sample num: 462
lower ratio:0.175219
upper ratio:2.44593e-18
Sample num: 924
lower ratio:0.320976
upper ratio:-0.0148673
Sample num: 1848
lower ratio:0.420199
upper ratio:-0.0142211
Sample num: 186880
upper ratio:0.558495
RR_num of upper bound: 186880
upper's influence:1269.31
lower's influence:1212.53
orginal's influence:1398.03
PhysicalMem(MB) 2160.08
VirtualMem(MB) 2510.65
time:196.571
Sample num: 3696
lower ratio:0.520598
upper ratio:-0.00708343
Sample num: 7392
lower ratio:0.580107
RR_num of lower bound:7392 max_num:184969613
upper ratio:0.0154308
Sample num: 14784
upper ratio:0.124776
approximation: 0.291651
Sample num: 29568
upper ratio:0.275162
estimate influence by Mente-Carlo is: 66.2191
reachable node size: 2314
estimate influence by StopAlgorithm is: 65.4147
276 __ 4192068
Sample num: 276
lower ratio:0.140141
upper ratio:-4.81753e-18
Sample num: 552
lower ratio:0.274062
upper ratio:-0.00809236
Sample num: 1104
lower ratio:0.363391
upper ratio:-0.00988475
Sample num: 2208
lower ratio:0.469099
upper ratio:0.00212037
Sample num: 4416
lower ratio:0.560591
RR_num of lower bound:4416 max_num:4192068
upper ratio:0.0743489
Sample num: 8832
upper ratio:0.150785
Sample num: 17664
upper ratio:0.24727
Sample num: 35328
upper ratio:0.41676
Sample num: 70656
upper ratio:0.546282
RR_num of upper bound: 70656
upper's influence:53.1393
lower's influence:53.582
orginal's influence:57.1333
PhysicalMem(MB) 46.3008
VirtualMem(MB) 56.9492
time:5.23475
approximation: 0.160929
estimate influence by Mente-Carlo is: 8804.09
reachable node size: 1134880
Sample num: 59136
upper ratio:0.410381
estimate influence by StopAlgorithm is: 8964.53
462 __ 2599486760
Sample num: 118272
upper ratio:0.520408
Sample num: 462
lower ratio:0.0646383
upper ratio:-9.69489e-18
Sample num: 924
lower ratio:0.159552
upper ratio:-9.3304e-18
Sample num: 236544
upper ratio:0.64236
RR_num of upper bound: 236544
upper's influence:1342.03
lower's influence:1304.22
orginal's influence:1492.21
PhysicalMem(MB) 2688.99
VirtualMem(MB) 2926.46
time:243.861
Sample num: 1848
lower ratio:0.272393
upper ratio:-0.00700916
approximation: 0.305523
estimate influence by Mente-Carlo is: 66.4259
reachable node size: 2314
estimate influence by StopAlgorithm is: 65.9553
178 __ 4877487
Sample num: 178
lower ratio:0.0566796
upper ratio:0
Sample num: 356
lower ratio:0.168285
upper ratio:0
Sample num: 712
lower ratio:0.260022
upper ratio:0
Sample num: 1424
lower ratio:0.373322
upper ratio:-0.00807831
Sample num: 2848
lower ratio:0.477571
upper ratio:-0.0107114
Sample num: 5696
lower ratio:0.544302
RR_num of lower bound:5696 max_num:4877487
upper ratio:0.0788106
Sample num: 11392
upper ratio:0.160164
Sample num: 22784
upper ratio:0.292307
Sample num: 45568
upper ratio:0.450824
Sample num: 91136
upper ratio:0.556219
RR_num of upper bound: 91136
upper's influence:59.3109
lower's influence:57.7539
orginal's influence:60.4303
PhysicalMem(MB) 58.6719
VirtualMem(MB) 75.1992
time:6.55679
approximation: 0.217084
estimate influence by Mente-Carlo is: 8823.7
reachable node size: 1134880
estimate influence by StopAlgorithm is: 8865.78
287 __ 3223023447
Sample num: 287
lower ratio:0.000152724
upper ratio:1.05174e-17
Sample num: 574
lower ratio:0.0286359
upper ratio:9.67669e-18
Sample num: 3696
lower ratio:0.459869
upper ratio:-0.00590054
Sample num: 1148
lower ratio:0.152716
upper ratio:8.98121e-18
Sample num: 2296
lower ratio:0.216526
upper ratio:8.13259e-18
Sample num: 4592
lower ratio:0.351571
upper ratio:8.13259e-18
Sample num: 7392
lower ratio:0.506762
upper ratio:-0.00967968
Sample num: 9184
lower ratio:0.440009
upper ratio:-0.00720082
Sample num: 14784
lower ratio:0.559809
RR_num of lower bound:14784 max_num:2599486760
upper ratio:-0.009683
Sample num: 18368
lower ratio:0.527813
upper ratio:-0.0126989
Sample num: 29568
upper ratio:-0.00429263
Sample num: 59136
upper ratio:0.0624142
Sample num: 36736
lower ratio:0.575799
RR_num of lower bound:36736 max_num:3223023447
upper ratio:0.0139735
Sample num: 73472
upper ratio:0.0796839
Sample num: 118272
upper ratio:0.109792
Sample num: 146944
upper ratio:0.2121
Sample num: 236544
upper ratio:0.2803
Sample num: 293888
upper ratio:0.258417
Sample num: 587776
upper ratio:0.425625
Sample num: 473088
upper ratio:0.42377
Sample num: 4833280
upper ratio:0.645426
RR_num of upper bound: 4833280
upper's influence:6547.78
lower's influence:6431.22
orginal's influence:6338.59
PhysicalMem(MB) 57046
VirtualMem(MB) 58099.2
time:155469
approximation: 0.312725
estimate influence by Mente-Carlo is: 133.734
reachable node size: 4029
estimate influence by StopAlgorithm is: 131.047
166 __ 9937714
Sample num: 166
lower ratio:0.0610931
upper ratio:1.32146e-17
Sample num: 332
lower ratio:0.213778
upper ratio:-0.0091094
Sample num: 664
lower ratio:0.319528
upper ratio:8.64557e-18
Sample num: 1328
lower ratio:0.462555
upper ratio:-0.0090828
Sample num: 2656
lower ratio:0.578345
RR_num of lower bound:2656 max_num:9937714
upper ratio:-0.0054296
Sample num: 5312
upper ratio:0.0591438
Sample num: 10624
upper ratio:0.177024
Sample num: 21248
upper ratio:0.319033
Sample num: 42496
upper ratio:0.410979
Sample num: 84992
upper ratio:0.560892
RR_num of upper bound: 84992
upper's influence:111.148
lower's influence:104.619
orginal's influence:107.381
PhysicalMem(MB) 83.5039
VirtualMem(MB) 100.082
time:8.50794
approximation: 0.212402
estimate influence by Mente-Carlo is: 216.197
reachable node size: 955
estimate influence by StopAlgorithm is: 217.382
136 __ 1336951
Sample num: 136
lower ratio:0.0501259
upper ratio:-0.012132
Sample num: 272
lower ratio:0.142024
upper ratio:0.0263115
Sample num: 544
lower ratio:0.235964
upper ratio:0.0884748
Sample num: 1088
lower ratio:0.358383
upper ratio:0.208176
Sample num: 2176
lower ratio:0.428905
upper ratio:0.280839
Sample num: 4352
lower ratio:0.504209
upper ratio:0.470276
Sample num: 8704
lower ratio:0.55853
RR_num of lower bound:8704 max_num:1336951
upper ratio:0.512535
Sample num: 17408
upper ratio:0.557388
RR_num of upper bound: 17408
upper's influence:185.357
lower's influence:170.131
orginal's influence:180.824
PhysicalMem(MB) 272.766
VirtualMem(MB) 307.184
time:2.60983
approximation: 0.18829
estimate influence by Mente-Carlo is: 2070
reachable node size: 52093
estimate influence by StopAlgorithm is: 2122.45
256 __ 131724550
Sample num: 256
lower ratio:-0.00911216
upper ratio:0
Sample num: 512
lower ratio:0.0407468
upper ratio:0
Sample num: 1024
lower ratio:0.0977131
upper ratio:0
Sample num: 2048
lower ratio:0.213932
upper ratio:0
Sample num: 4096
lower ratio:0.306582
upper ratio:-0.0132203
Sample num: 8192
lower ratio:0.415048
upper ratio:-0.0093143
Sample num: 16384
lower ratio:0.522059
upper ratio:0.0892112
Sample num: 32768
lower ratio:0.599442
RR_num of lower bound:32768 max_num:131724550
upper ratio:0.132474
Sample num: 65536
upper ratio:0.312293
Sample num: 131072
upper ratio:0.44155
Sample num: 262144
upper ratio:0.54795
RR_num of upper bound: 262144
upper's influence:1920.24
lower's influence:1915.99
orginal's influence:2014.9
PhysicalMem(MB) 8747.14
VirtualMem(MB) 11808.3
time:713.703
approximation: 0.31915
estimate influence by Mente-Carlo is: 623.121
reachable node size: 317070
estimate influence by StopAlgorithm is: 620.553
260 __ 813887461
Sample num: 260
lower ratio:-0.0144202
upper ratio:-5.90438e-18
Sample num: 520
lower ratio:0.00456811
upper ratio:-5.90438e-18
Sample num: 1040
lower ratio:0.0637739
upper ratio:-5.62349e-18
Sample num: 2080
lower ratio:0.181864
upper ratio:-5.62349e-18
Sample num: 4160
lower ratio:0.291994
upper ratio:-4.43236e-18
Sample num: 8320
lower ratio:0.414314
upper ratio:-4.28807e-18
Sample num: 16640
lower ratio:0.507065
upper ratio:-0.00725083
Sample num: 33280
lower ratio:0.580738
RR_num of lower bound:33280 max_num:813887461
upper ratio:-0.0102671
Sample num: 66560
upper ratio:-0.0128929
Sample num: 133120
upper ratio:-0.00779961
Sample num: 1175552
upper ratio:0.546501
RR_num of upper bound: 1175552
upper's influence:8088.43
lower's influence:8207.22
orginal's influence:8374.45
PhysicalMem(MB) 59251
VirtualMem(MB) 69304.8
time:15613.8
Sample num: 266240
upper ratio:-0.00477752
Sample num: 946176
upper ratio:0.502867
approximation: 0.338196
estimate influence by Mente-Carlo is: 132.962
reachable node size: 4029
estimate influence by StopAlgorithm is: 134.84
166 __ 9937714
Sample num: 166
lower ratio:0.0608181
upper ratio:1.14764e-17
Sample num: 332
lower ratio:0.151585
upper ratio:-0.00877367
Sample num: 664
lower ratio:0.262474
upper ratio:-0.0125072
Sample num: 1328
lower ratio:0.441622
upper ratio:0.00319333
Sample num: 2656
lower ratio:0.481277
upper ratio:0.017658
Sample num: 5312
lower ratio:0.595741
RR_num of lower bound:5312 max_num:9937714
upper ratio:0.0632695
Sample num: 10624
upper ratio:0.1696
Sample num: 21248
upper ratio:0.355818
Sample num: 42496
upper ratio:0.513173
Sample num: 84992
upper ratio:0.582162
RR_num of upper bound: 84992
upper's influence:110.029
lower's influence:112.093
orginal's influence:112.246
PhysicalMem(MB) 146.543
VirtualMem(MB) 173.289
time:9.02373
approximation: 0.216306
estimate influence by Mente-Carlo is: 214.024
reachable node size: 955
estimate influence by StopAlgorithm is: 221.44
136 __ 1336951
Sample num: 136
lower ratio:0.0468024
upper ratio:-0.0117355
Sample num: 272
lower ratio:0.119068
upper ratio:-0.000344333
Sample num: 544
lower ratio:0.233012
upper ratio:0.0852148
Sample num: 1088
lower ratio:0.333284
upper ratio:0.16178
Sample num: 2176
lower ratio:0.427512
upper ratio:0.280985
Sample num: 4352
lower ratio:0.501081
upper ratio:0.347553
Sample num: 8704
lower ratio:0.558874
RR_num of lower bound:8704 max_num:1336951
upper ratio:0.517539
Sample num: 17408
upper ratio:0.590763
RR_num of upper bound: 17408
upper's influence:175.244
lower's influence:185.1
orginal's influence:179.535
PhysicalMem(MB) 273.023
VirtualMem(MB) 307.535
time:2.59449
approximation: 0.187103
estimate influence by Mente-Carlo is: 2067.74
reachable node size: 52093
estimate influence by StopAlgorithm is: 2096.78
256 __ 131724550
Sample num: 256
lower ratio:-0.0104682
upper ratio:0
Sample num: 512
lower ratio:0.0227609
upper ratio:0
Sample num: 1024
lower ratio:0.119632
upper ratio:0
Sample num: 2048
lower ratio:0.224755
upper ratio:0
Sample num: 532480
upper ratio:0.0327124
Sample num: 4096
lower ratio:0.345939
upper ratio:0
Sample num: 8192
lower ratio:0.448905
upper ratio:-0.0116817
Sample num: 16384
lower ratio:0.524897
upper ratio:0.04797
Sample num: 32768
lower ratio:0.590778
RR_num of lower bound:32768 max_num:131724550
upper ratio:0.187014
Sample num: 65536
upper ratio:0.299909
Sample num: 131072
upper ratio:0.44037
Sample num: 1945600
upper ratio:0.587315
RR_num of upper bound: 1945600
upper's influence:6162.71
Sample num: 262144
upper ratio:0.554113
RR_num of upper bound: 262144
upper's influence:1969.24
lower's influence:1915.38
orginal's influence:1929.64
PhysicalMem(MB) 8746.31
VirtualMem(MB) 11807.9
time:697.028
lower's influence:6162.41
approximation: 0.314264
estimate influence by Mente-Carlo is: 621.316
reachable node size: 317070
estimate influence by StopAlgorithm is: 626.281
260 __ 813887461
Sample num: 260
lower ratio:-0.0138296
upper ratio:-5.90438e-18
orginal's influence:6604.07
PhysicalMem(MB) 46768.1
VirtualMem(MB) 48757.8
time:45009
Sample num: 520
lower ratio:0.0112647
upper ratio:-5.90438e-18
Sample num: 1040
lower ratio:0.091586
upper ratio:-5.14784e-18
Sample num: 2080
lower ratio:0.184862
upper ratio:-4.58859e-18
Sample num: 4160
lower ratio:0.284145
upper ratio:-4.1543e-18
Sample num: 1064960
upper ratio:0.127658
Sample num: 8320
lower ratio:0.39474
upper ratio:-4.1543e-18
Sample num: 16640
lower ratio:0.484546
upper ratio:-0.00686068
Sample num: 33280
lower ratio:0.572715
RR_num of lower bound:33280 max_num:813887461
upper ratio:-0.00593143
Sample num: 66560
upper ratio:-0.00836029
Sample num: 133120
upper ratio:-0.0108836
Sample num: 266240
upper ratio:-0.00250877
approximation: 0.309976
estimate influence by Mente-Carlo is: 133.613
reachable node size: 4029
estimate influence by StopAlgorithm is: 129.306
255 __ 7727570
Sample num: 255
lower ratio:0.115294
upper ratio:-0.010846
Sample num: 510
lower ratio:0.20895
upper ratio:-0.0143187
Sample num: 1020
lower ratio:0.349595
upper ratio:0.0136847
Sample num: 2040
lower ratio:0.480248
upper ratio:0.0377666
Sample num: 4080
lower ratio:0.560415
RR_num of lower bound:4080 max_num:7727570
upper ratio:0.0651393
Sample num: 8160
upper ratio:0.202514
Sample num: 16320
upper ratio:0.312166
Sample num: 32640
upper ratio:0.418743
Sample num: 65280
upper ratio:0.497711
Sample num: 532480
upper ratio:0.0492911
Sample num: 130560
upper ratio:0.600808
RR_num of upper bound: 130560
upper's influence:103.518
lower's influence:103.647
orginal's influence:104.344
PhysicalMem(MB) 115.52
VirtualMem(MB) 126.496
time:12.6391
approximation: 0.182936
estimate influence by Mente-Carlo is: 215.633
reachable node size: 955
estimate influence by StopAlgorithm is: 226.509
203 __ 1134953
Sample num: 203
lower ratio:0.128063
upper ratio:0.00334165
Sample num: 406
lower ratio:0.233479
upper ratio:0.054471
Sample num: 812
lower ratio:0.34813
upper ratio:0.150518
Sample num: 1624
lower ratio:0.407475
upper ratio:0.252465
Sample num: 3248
lower ratio:0.464471
upper ratio:0.424862
Sample num: 6496
lower ratio:0.514475
upper ratio:0.500094
Sample num: 12992
lower ratio:0.555681
RR_num of lower bound:12992 max_num:1134953
upper ratio:0.562358
RR_num of upper bound: 12992
upper's influence:164.401
lower's influence:156.312
orginal's influence:159.541
PhysicalMem(MB) 403.219
VirtualMem(MB) 499.812
time:2.86814
approximation: 0.189996
estimate influence by Mente-Carlo is: 2068.55
reachable node size: 52093
estimate influence by StopAlgorithm is: 2148.75
409 __ 105441261
Sample num: 409
lower ratio:0.071325
upper ratio:-4.97242e-18
Sample num: 818
lower ratio:0.150437
upper ratio:-0.00597743
Sample num: 1636
lower ratio:0.254184
upper ratio:-0.00572316
Sample num: 3272
lower ratio:0.369458
upper ratio:-0.00529791
Sample num: 6544
lower ratio:0.468548
upper ratio:0.00842947
Sample num: 13088
lower ratio:0.535926
RR_num of lower bound:13088 max_num:105441261
upper ratio:0.0690793
Sample num: 26176
upper ratio:0.147365
Sample num: 52352
upper ratio:0.319451
Sample num: 104704
upper ratio:0.434104
Sample num: 209408
upper ratio:0.556874
RR_num of upper bound: 209408
upper's influence:1930.08
lower's influence:1901.38
orginal's influence:1958.87
PhysicalMem(MB) 3616.79
VirtualMem(MB) 3933.31
time:436.194
approximation: 0.316887
estimate influence by Mente-Carlo is: 625.196
reachable node size: 317070
estimate influence by StopAlgorithm is: 631.501
415 __ 652163107
Sample num: 415
lower ratio:0.0297622
upper ratio:8.8786e-18
Sample num: 830
lower ratio:0.0947135
upper ratio:8.8786e-18
Sample num: 1660
lower ratio:0.219647
upper ratio:8.07787e-18
Sample num: 2129920
upper ratio:0.228985
Sample num: 3320
lower ratio:0.331511
upper ratio:7.15229e-18
Sample num: 6640
lower ratio:0.433292
upper ratio:6.2428e-18
Sample num: 13280
lower ratio:0.533277
RR_num of lower bound:13280 max_num:652163107
upper ratio:4.91882e-18
Sample num: 26560
upper ratio:4.6065e-18
Sample num: 53120
upper ratio:3.9553e-18
Sample num: 1064960
upper ratio:0.117979
Sample num: 106240
upper ratio:-0.00695044
Sample num: 212480
upper ratio:0.00549359
Sample num: 424960
upper ratio:0.053287
Sample num: 849920
upper ratio:0.153802
Sample num: 2129920
upper ratio:0.25639
Sample num: 1699840
upper ratio:0.223914
Sample num: 4259840
upper ratio:0.474545
Sample num: 4259840
upper ratio:0.436387
Sample num: 3399680
upper ratio:0.4106
Sample num: 1892352
upper ratio:0.585249
RR_num of upper bound: 1892352
upper's influence:7854.65
lower's influence:8042.29
orginal's influence:7967.15
PhysicalMem(MB) 24424.4
VirtualMem(MB) 24640.4
time:24892.5
approximation: 0.335165
estimate influence by Mente-Carlo is: 134.081
reachable node size: 4029
estimate influence by StopAlgorithm is: 128.424
255 __ 7727570
Sample num: 255
lower ratio:0.154407
upper ratio:-3.31667e-18
Sample num: 510
lower ratio:0.237561
upper ratio:-0.0134256
Sample num: 1020
lower ratio:0.345633
upper ratio:-0.00833677
Sample num: 2040
lower ratio:0.438466
upper ratio:-0.000195557
Sample num: 4080
lower ratio:0.501009
upper ratio:0.0269479
Sample num: 8160
lower ratio:0.546751
RR_num of lower bound:8160 max_num:7727570
upper ratio:0.11639
Sample num: 16320
upper ratio:0.25072
Sample num: 32640
upper ratio:0.367551
Sample num: 65280
upper ratio:0.50328
Sample num: 130560
upper ratio:0.621088
RR_num of upper bound: 130560
upper's influence:104.233
lower's influence:101.008
orginal's influence:108.856
PhysicalMem(MB) 213.305
VirtualMem(MB) 224.879
time:13.4386
approximation: 0.186175
estimate influence by Mente-Carlo is: 215.621
reachable node size: 955
estimate influence by StopAlgorithm is: 218.934
203 __ 1134953
Sample num: 203
lower ratio:0.151351
upper ratio:-0.000169398
Sample num: 406
lower ratio:0.239127
upper ratio:0.0699093
Sample num: 812
lower ratio:0.335103
upper ratio:0.160825
Sample num: 1624
lower ratio:0.402759
upper ratio:0.256252
Sample num: 3248
lower ratio:0.463134
upper ratio:0.367504
Sample num: 6496
lower ratio:0.506964
upper ratio:0.460955
Sample num: 12992
lower ratio:0.5438
RR_num of lower bound:12992 max_num:1134953
upper ratio:0.584269
RR_num of upper bound: 12992
upper's influence:165.261
lower's influence:159.175
orginal's influence:158.19
PhysicalMem(MB) 400.516
VirtualMem(MB) 499.043
time:2.86764
approximation: 0.197353
estimate influence by Mente-Carlo is: 2075.19
reachable node size: 52093
estimate influence by StopAlgorithm is: 2087.84
409 __ 105441261
Sample num: 409
lower ratio:0.080134
upper ratio:-5.08982e-18
Sample num: 818
lower ratio:0.16123
upper ratio:-0.00611445
Sample num: 1636
lower ratio:0.264328
upper ratio:-0.00584717
Sample num: 3272
lower ratio:0.352429
upper ratio:-4.37856e-18
Sample num: 6544
lower ratio:0.44163
upper ratio:-0.0078851
Sample num: 13088
lower ratio:0.528122
upper ratio:0.0440537
Sample num: 26176
lower ratio:0.59208
RR_num of lower bound:26176 max_num:105441261
upper ratio:0.0931173
Sample num: 52352
upper ratio:0.241877
Sample num: 104704
upper ratio:0.475302
Sample num: 209408
upper ratio:0.568726
RR_num of upper bound: 209408
upper's influence:1949.09
lower's influence:1979.52
orginal's influence:1963.03
PhysicalMem(MB) 7060.27
VirtualMem(MB) 7687.93
time:564.354
approximation: 0.315641
estimate influence by Mente-Carlo is: 623.036
reachable node size: 317070
estimate influence by StopAlgorithm is: 629.221
415 __ 652163107
Sample num: 415
lower ratio:0.0225992
upper ratio:9.35792e-18
Sample num: 830
lower ratio:0.113799
upper ratio:8.45527e-18
Sample num: 1660
lower ratio:0.215801
upper ratio:8.45527e-18
Sample num: 3320
lower ratio:0.339675
upper ratio:7.73868e-18
Sample num: 6640
lower ratio:0.433964
upper ratio:6.2428e-18
Sample num: 13280
lower ratio:0.530405
upper ratio:4.80949e-18
Sample num: 26560
lower ratio:0.595113
RR_num of lower bound:26560 max_num:652163107
upper ratio:4.70552e-18
Sample num: 53120
upper ratio:3.82308e-18
Sample num: 106240
upper ratio:-0.00264211
Sample num: 212480
upper ratio:0.0135776
Sample num: 424960
upper ratio:0.094123
Sample num: 849920
upper ratio:0.202864
Sample num: 8519680
upper ratio:0.606719
RR_num of upper bound: 8519680
upper's influence:600.101
lower's influence:613.725
orginal's influence:609.192
PhysicalMem(MB) 3716.27
VirtualMem(MB) 4325.91
time:13620.1
approximation: 0.227728
estimate influence by Mente-Carlo is: 959.703
reachable node size: 47666
estimate influence by StopAlgorithm is: 946.799
229 __ 107749516
Sample num: 229
lower ratio:0.0942265
upper ratio:-8.34046e-18
Sample num: 458
lower ratio:0.151323
upper ratio:-0.0077896
Sample num: 916
lower ratio:0.288923
upper ratio:-0.0077896
Sample num: 1832
lower ratio:0.348467
upper ratio:-0.0115619
Sample num: 3664
lower ratio:0.406718
upper ratio:-0.0128582
Sample num: 7328
lower ratio:0.495098
upper ratio:0.0261434
Sample num: 14656
lower ratio:0.560513
RR_num of lower bound:14656 max_num:107749516
upper ratio:0.0482802
Sample num: 29312
upper ratio:0.147178
Sample num: 1699840
upper ratio:0.3572
Sample num: 58624
upper ratio:0.290812
Sample num: 117248
upper ratio:0.468002
Sample num: 234496
upper ratio:0.553003
RR_num of upper bound: 234496
upper's influence:801.555
lower's influence:858.594
orginal's influence:869.671
PhysicalMem(MB) 2967.1
VirtualMem(MB) 3107.14
time:175.482
approximation: 0.30323
estimate influence by Mente-Carlo is: 1175.41
reachable node size: 218111
estimate influence by StopAlgorithm is: 1204.12
257 __ 554375779
Sample num: 257
lower ratio:0.211938
upper ratio:-5.40405e-18
Sample num: 514
lower ratio:0.315057
upper ratio:-0.00957728
Sample num: 1028
lower ratio:0.405612
upper ratio:-0.0146166
Sample num: 2056
lower ratio:0.483084
upper ratio:-0.0153044
Sample num: 4112
lower ratio:0.547918
RR_num of lower bound:4112 max_num:554375779
upper ratio:-0.0111109
Sample num: 8224
upper ratio:0.0131617
Sample num: 16448
upper ratio:0.10477
Sample num: 32896
upper ratio:0.208891
Sample num: 65792
upper ratio:0.325507
Sample num: 131584
upper ratio:0.409936
Sample num: 6799360
upper ratio:0.613407
RR_num of upper bound: 6799360
upper's influence:588.543
lower's influence:586.1
Sample num: 263168
upper ratio:0.542993
RR_num of upper bound: 263168
orginal's influence:608.282
PhysicalMem(MB) 1687.21
VirtualMem(MB) 1707.38
time:10704.9
upper's influence:695.771
lower's influence:703.96
orginal's influence:847.827
PhysicalMem(MB) 1097.87
VirtualMem(MB) 1275.6
time:484.384
approximation: 0.223976
estimate influence by Mente-Carlo is: 960.982
reachable node size: 47666
estimate influence by StopAlgorithm is: 995.98
363 __ 85540261
Sample num: 363
lower ratio:0.141981
upper ratio:4.93098e-18
Sample num: 726
lower ratio:0.236437
upper ratio:-0.00676199
Sample num: 1452
lower ratio:0.360786
upper ratio:-0.0055045
Sample num: 2904
lower ratio:0.439317
upper ratio:-0.00689789
Sample num: 5808
lower ratio:0.497088
upper ratio:0.0220739
approximation: 0.313744
estimate influence by Mente-Carlo is: 1606.28
reachable node size: 81294
estimate influence by StopAlgorithm is: 1579.77
231 __ 184969613
Sample num: 231
lower ratio:0.0941743
upper ratio:3.03718e-18
Sample num: 462
lower ratio:0.197549
upper ratio:2.76323e-18
Sample num: 924
lower ratio:0.30947
upper ratio:2.27741e-18
Sample num: 11616
lower ratio:0.568368
RR_num of lower bound:11616 max_num:85540261
upper ratio:0.0253977
Sample num: 1848
lower ratio:0.384415
upper ratio:-0.0077643
Sample num: 23232
upper ratio:0.124328
Sample num: 3696
lower ratio:0.484595
upper ratio:-0.0120613
Sample num: 46464
upper ratio:0.252179
Sample num: 7392
lower ratio:0.555993
RR_num of lower bound:7392 max_num:184969613
upper ratio:0.0429047
Sample num: 14784
upper ratio:0.150114
Sample num: 92928
upper ratio:0.394906
Sample num: 29568
upper ratio:0.273025
Sample num: 59136
upper ratio:0.388963
Sample num: 185856
upper ratio:0.515311
Sample num: 118272
upper ratio:0.521678
Sample num: 371712
upper ratio:0.620009
RR_num of upper bound: 371712
upper's influence:777.706
lower's influence:759.8
orginal's influence:850.521
PhysicalMem(MB) 2344.77
VirtualMem(MB) 2621.41
time:244.879
approximation: 0.299519
estimate influence by Mente-Carlo is: 1178.69
reachable node size: 218111
Sample num: 236544
upper ratio:0.628308
RR_num of upper bound: 236544
upper's influence:1381.8
lower's influence:1384.63
orginal's influence:1485.6
PhysicalMem(MB) 2687.7
VirtualMem(MB) 2923.65
time:244.648
estimate influence by StopAlgorithm is: 1171.02
411 __ 443918016
Sample num: 411
lower ratio:0.332262
upper ratio:-0.0100159
Sample num: 822
lower ratio:0.426591
upper ratio:-0.0158365
approximation: 0.296955
Sample num: 1644
lower ratio:0.495634
upper ratio:-0.0172244
estimate influence by Mente-Carlo is: 66.4543
reachable node size: 2314
estimate influence by StopAlgorithm is: 65.7449
178 __ 4877487
Sample num: 178
lower ratio:0.049722
upper ratio:0
Sample num: 356
lower ratio:0.138153
upper ratio:0
Sample num: 712
lower ratio:0.212372
upper ratio:0
Sample num: 1424
lower ratio:0.367421
upper ratio:-0.0125284
Sample num: 2848
lower ratio:0.462627
upper ratio:-0.0099573
Sample num: 3288
lower ratio:0.549373
RR_num of lower bound:3288 max_num:443918016
upper ratio:-0.01406
Sample num: 5696
lower ratio:0.532584
RR_num of lower bound:5696 max_num:4877487
upper ratio:0.017811
Sample num: 11392
upper ratio:0.141262
Sample num: 22784
upper ratio:0.327607
Sample num: 45568
upper ratio:0.528643
Sample num: 6576
upper ratio:0.0289049
Sample num: 91136
upper ratio:0.595679
RR_num of upper bound: 91136
upper's influence:55.3747
lower's influence:57.9278
orginal's influence:62.7858
PhysicalMem(MB) 57.3711
VirtualMem(MB) 75.2891
time:6.53533
approximation: 0.220451
Sample num: 13152
upper ratio:0.14608
estimate influence by Mente-Carlo is: 8815.38
reachable node size: 1134880
Sample num: 26304
upper ratio:0.204603
estimate influence by StopAlgorithm is: 8797.26
287 __ 3223023447
Sample num: 287
lower ratio:0.0375618
upper ratio:1.15614e-17
Sample num: 52608
upper ratio:0.363157
Sample num: 574
lower ratio:0.0894801
upper ratio:1.05174e-17
Sample num: 1148
lower ratio:0.156146
upper ratio:1.00759e-17
Sample num: 105216
upper ratio:0.482097
Sample num: 2296
lower ratio:0.281181
upper ratio:-0.00741381
Sample num: 210432
upper ratio:0.570844
RR_num of upper bound: 210432
upper's influence:570.029
lower's influence:548.695
Sample num: 4592
lower ratio:0.355629
upper ratio:-0.00741381
orginal's influence:751.893
PhysicalMem(MB) 941.727
VirtualMem(MB) 970.594
time:411.74
approximation: 0.316503
estimate influence by Mente-Carlo is: 1620.26
reachable node size: 81294
estimate influence by StopAlgorithm is: 1641.98
365 __ 146918702
Sample num: 365
lower ratio:0.17191
upper ratio:2.28243e-18
Sample num: 730
lower ratio:0.276416
upper ratio:1.85436e-18
Sample num: 1460
lower ratio:0.397397
upper ratio:-0.00970588
Sample num: 2920
lower ratio:0.474046
upper ratio:-0.010217
Sample num: 5840
lower ratio:0.532668
RR_num of lower bound:5840 max_num:146918702
upper ratio:0.0351947
Sample num: 11680
upper ratio:0.0985689
Sample num: 23360
upper ratio:0.208514
Sample num: 46720
upper ratio:0.365925
Sample num: 93440
upper ratio:0.543618
RR_num of upper bound: 93440
upper's influence:1250.52
lower's influence:1254.7
orginal's influence:1445.65
PhysicalMem(MB) 2183.54
VirtualMem(MB) 2530.41
time:109.568
approximation: 0.291338
estimate influence by Mente-Carlo is: 66.6527
reachable node size: 2314
estimate influence by StopAlgorithm is: 67.1509
276 __ 4192068
Sample num: 276
lower ratio:0.132528
upper ratio:-5.85512e-18
Sample num: 552
lower ratio:0.255258
upper ratio:-0.00809236
Sample num: 1104
lower ratio:0.341268
upper ratio:-0.011823
Sample num: 2208
lower ratio:0.44727
upper ratio:-0.00766478
Sample num: 4416
lower ratio:0.526717
upper ratio:0.00167527
Sample num: 8832
lower ratio:0.592971
RR_num of lower bound:8832 max_num:4192068
upper ratio:0.105225
Sample num: 17664
upper ratio:0.213455
Sample num: 35328
upper ratio:0.377622
Sample num: 70656
upper ratio:0.556582
RR_num of upper bound: 70656
upper's influence:53.752
lower's influence:55.8452
orginal's influence:58.9407
PhysicalMem(MB) 78.8984
VirtualMem(MB) 89.9453
time:6.19181
approximation: 0.167101
estimate influence by Mente-Carlo is: 8746.76
reachable node size: 1134880
estimate influence by StopAlgorithm is: 8858.61
462 __ 2599486760
Sample num: 462
lower ratio:0.0317591
upper ratio:-1.22163e-17
Sample num: 9184
lower ratio:0.449968
upper ratio:-0.0111349
Sample num: 924
lower ratio:0.179528
upper ratio:-1.05387e-17
Sample num: 1848
lower ratio:0.255357
upper ratio:-8.99702e-18
Sample num: 8519680
upper ratio:0.566764
RR_num of upper bound: 8519680
upper's influence:607.084
lower's influence:589.379
orginal's influence:620.281
PhysicalMem(MB) 3709.81
VirtualMem(MB) 4319.59
time:13633.2
Sample num: 3696
lower ratio:0.331703
upper ratio:-0.00967968
approximation: 0.231006
estimate influence by Mente-Carlo is: 959.455
reachable node size: 47666
estimate influence by StopAlgorithm is: 985.501
229 __ 107749516
Sample num: 229
lower ratio:0.0186095
upper ratio:-7.98788e-18
Sample num: 458
lower ratio:0.0750166
upper ratio:-6.86765e-18
Sample num: 916
lower ratio:0.219844
upper ratio:-6.86765e-18
Sample num: 1832
lower ratio:0.369614
upper ratio:-0.0101675
Sample num: 3664
lower ratio:0.458972
upper ratio:-0.00905343
Sample num: 7328
lower ratio:0.561482
RR_num of lower bound:7328 max_num:107749516
upper ratio:0.00977734
Sample num: 14656
upper ratio:0.0722634
Sample num: 29312
upper ratio:0.287622
Sample num: 58624
upper ratio:0.425191
Sample num: 117248
upper ratio:0.528368
Sample num: 234496
upper ratio:0.587014
RR_num of upper bound: 234496
upper's influence:838.045
lower's influence:839.18
orginal's influence:873.414
PhysicalMem(MB) 1524.54
VirtualMem(MB) 1600.32
time:155.005
approximation: 0.302106
estimate influence by Mente-Carlo is: 1175.56
reachable node size: 218111
estimate influence by StopAlgorithm is: 1188.26
257 __ 554375779
Sample num: 257
lower ratio:0.223338
upper ratio:-5.40405e-18
Sample num: 514
lower ratio:0.321625
upper ratio:-4.97055e-18
Sample num: 1028
lower ratio:0.41693
upper ratio:-0.0146166
Sample num: 2056
lower ratio:0.488723
upper ratio:-0.0157787
Sample num: 7392
lower ratio:0.404185
upper ratio:-0.00565271
Sample num: 4112
lower ratio:0.549783
RR_num of lower bound:4112 max_num:554375779
upper ratio:-0.0121753
Sample num: 8224
upper ratio:-0.000536361
Sample num: 16448
upper ratio:0.0988515
Sample num: 32896
upper ratio:0.2083
Sample num: 65792
upper ratio:0.325967
Sample num: 18368
lower ratio:0.536768
RR_num of lower bound:18368 max_num:3223023447
upper ratio:-0.0111554
Sample num: 131584
upper ratio:0.463918
Sample num: 36736
upper ratio:0.0272639
Sample num: 263168
upper ratio:0.535426
RR_num of upper bound: 263168
upper's influence:728.07
lower's influence:676.303
orginal's influence:853.911
PhysicalMem(MB) 1099.24
VirtualMem(MB) 1276.02
time:486.184
approximation: 0.311033
Sample num: 14784
lower ratio:0.486652
upper ratio:-0.009477
estimate influence by Mente-Carlo is: 1609.43
reachable node size: 81294
estimate influence by StopAlgorithm is: 1626.84
231 __ 184969613
Sample num: 231
lower ratio:0.0771376
upper ratio:2.89243e-18
Sample num: 462
lower ratio:0.197381
upper ratio:2.27741e-18
Sample num: 924
lower ratio:0.299006
upper ratio:2.00933e-18
Sample num: 1848
lower ratio:0.397683
upper ratio:-0.00673531
Sample num: 3696
lower ratio:0.499577
upper ratio:-0.00949172
Sample num: 7392
lower ratio:0.562389
RR_num of lower bound:7392 max_num:184969613
upper ratio:0.0356442
Sample num: 14784
upper ratio:0.147678
Sample num: 29568
upper ratio:0.341078
Sample num: 3399680
upper ratio:0.495262
Sample num: 59136
upper ratio:0.459378
Sample num: 118272
upper ratio:0.572906
RR_num of upper bound: 118272
upper's influence:1382.05
lower's influence:1336.97
orginal's influence:1527.59
PhysicalMem(MB) 2712.77
VirtualMem(MB) 2945.64
time:136.89
approximation: 0.304836
Sample num: 73472
upper ratio:0.0707468
estimate influence by Mente-Carlo is: 66.9747
reachable node size: 2314
estimate influence by StopAlgorithm is: 68.0982
178 __ 4877487
Sample num: 178
lower ratio:0.0432776
upper ratio:0
Sample num: 356
lower ratio:0.123707
upper ratio:0
Sample num: 712
lower ratio:0.246197
upper ratio:0
Sample num: 1424
lower ratio:0.360073
upper ratio:-0.0123058
Sample num: 2848
lower ratio:0.46964
upper ratio:-0.00727541
Sample num: 5696
lower ratio:0.552262
RR_num of lower bound:5696 max_num:4877487
upper ratio:0.0163972
Sample num: 11392
upper ratio:0.0599546
Sample num: 22784
upper ratio:0.20625
Sample num: 45568
upper ratio:0.451438
Sample num: 91136
upper ratio:0.543068
RR_num of upper bound: 91136
upper's influence:55.5334
lower's influence:57.7347
orginal's influence:64.3665
PhysicalMem(MB) 56.8047
VirtualMem(MB) 75.2383
time:6.61886
approximation: 0.213119
estimate influence by Mente-Carlo is: 8830.75
reachable node size: 1134880
estimate influence by StopAlgorithm is: 8804.45
287 __ 3223023447
Sample num: 287
lower ratio:-0.0105875
upper ratio:1.15614e-17
Sample num: 574
lower ratio:0.00891402
upper ratio:1.00759e-17
Sample num: 1148
lower ratio:0.153004
upper ratio:9.31348e-18
Sample num: 2296
lower ratio:0.287749
upper ratio:8.13259e-18
Sample num: 4592
lower ratio:0.402828
upper ratio:8.13259e-18
Sample num: 9184
lower ratio:0.472253
upper ratio:-0.00720082
Sample num: 146944
upper ratio:0.210029
Sample num: 29568
lower ratio:0.560102
RR_num of lower bound:29568 max_num:2599486760
upper ratio:-0.000308448
Sample num: 59136
upper ratio:0.0317281
Sample num: 18368
lower ratio:0.544178
RR_num of lower bound:18368 max_num:3223023447
upper ratio:-0.0130115
Sample num: 36736
upper ratio:0.00277274
Sample num: 118272
upper ratio:0.133923
Sample num: 73472
upper ratio:0.0564316
Sample num: 293888
upper ratio:0.307425
Sample num: 236544
upper ratio:0.282254
Sample num: 146944
upper ratio:0.148121
Sample num: 587776
upper ratio:0.409036
Sample num: 473088
upper ratio:0.436192
Sample num: 293888
upper ratio:0.335353
Sample num: 6799360
upper ratio:0.691669
RR_num of upper bound: 6799360
upper's influence:577.737
lower's influence:567.62
orginal's influence:603.185
PhysicalMem(MB) 3043.85
VirtualMem(MB) 3073.53
time:10866.3
approximation: 0.223694
estimate influence by Mente-Carlo is: 957.392
reachable node size: 47666
estimate influence by StopAlgorithm is: 947.196
363 __ 85540261
Sample num: 363
lower ratio:0.128584
upper ratio:5.83851e-18
Sample num: 726
lower ratio:0.18419
upper ratio:4.43793e-18
Sample num: 1452
lower ratio:0.277935
upper ratio:-0.00910567
Sample num: 2904
lower ratio:0.40358
upper ratio:-0.00995158
Sample num: 5808
lower ratio:0.469426
upper ratio:0.00479215
Sample num: 11616
lower ratio:0.53927
RR_num of lower bound:11616 max_num:85540261
upper ratio:0.0892538
Sample num: 23232
upper ratio:0.238542
Sample num: 46464
upper ratio:0.303918
Sample num: 92928
upper ratio:0.434591
Sample num: 185856
upper ratio:0.539192
RR_num of upper bound: 185856
upper's influence:759.167
lower's influence:752.471
orginal's influence:845.024
PhysicalMem(MB) 2388.89
VirtualMem(MB) 2656.32
time:141.136
approximation: 0.298041
estimate influence by Mente-Carlo is: 1172.13
reachable node size: 218111
estimate influence by StopAlgorithm is: 1176
411 __ 443918016
Sample num: 411
lower ratio:0.329273
upper ratio:0
Sample num: 822
lower ratio:0.412891
upper ratio:0
Sample num: 1644
lower ratio:0.495375
upper ratio:-0.0174416
Sample num: 3288
lower ratio:0.548148
RR_num of lower bound:3288 max_num:443918016
upper ratio:-0.0121252
Sample num: 6576
upper ratio:-0.0055077
Sample num: 13152
upper ratio:0.042456
Sample num: 26304
upper ratio:0.125274
Sample num: 52608
upper ratio:0.261441
Sample num: 105216
upper ratio:0.386202
Sample num: 210432
upper ratio:0.483257
Sample num: 420864
upper ratio:0.575522
RR_num of upper bound: 420864
upper's influence:543.353
lower's influence:544.256
orginal's influence:752.395
PhysicalMem(MB) 939.312
VirtualMem(MB) 969.477
time:725.684
approximation: 0.325647
estimate influence by Mente-Carlo is: 1600.45
reachable node size: 81294
estimate influence by StopAlgorithm is: 1632.58
365 __ 146918702
Sample num: 365
lower ratio:0.195838
upper ratio:-0.00829976
Sample num: 730
lower ratio:0.295662
upper ratio:-0.00754028
Sample num: 1460
lower ratio:0.399748
upper ratio:-0.00584801
Sample num: 2920
lower ratio:0.481322
upper ratio:-0.00982016
Sample num: 5840
lower ratio:0.549145
RR_num of lower bound:5840 max_num:146918702
upper ratio:0.022996
Sample num: 11680
upper ratio:0.0627163
Sample num: 23360
upper ratio:0.224258
Sample num: 46720
upper ratio:0.318552
Sample num: 93440
upper ratio:0.425271
Sample num: 186880
upper ratio:0.553633
RR_num of upper bound: 186880
upper's influence:1244.82
lower's influence:1226.74
orginal's influence:1379.44
PhysicalMem(MB) 2147.34
VirtualMem(MB) 2498.42
time:196.243
approximation: 0.292442
estimate influence by Mente-Carlo is: 66.7405
reachable node size: 2314
estimate influence by StopAlgorithm is: 67.0736
276 __ 4192068
Sample num: 276
lower ratio:0.167246
upper ratio:-5.85512e-18
Sample num: 552
lower ratio:0.240706
upper ratio:-0.00716388
Sample num: 1104
lower ratio:0.377506
upper ratio:-0.00600407
Sample num: 2208
lower ratio:0.461969
upper ratio:-0.0087243
Sample num: 4416
lower ratio:0.572562
RR_num of lower bound:4416 max_num:4192068
upper ratio:0.0109748
Sample num: 8832
upper ratio:0.0753657
Sample num: 17664
upper ratio:0.183095
Sample num: 35328
upper ratio:0.34544
Sample num: 70656
upper ratio:0.508979
Sample num: 141312
upper ratio:0.626273
RR_num of upper bound: 141312
upper's influence:53.9377
lower's influence:55.4595
orginal's influence:59.748
PhysicalMem(MB) 46.7305
VirtualMem(MB) 57.3672
time:8.91683
approximation: 0.165302
estimate influence by Mente-Carlo is: 8782.1
reachable node size: 1134880
estimate influence by StopAlgorithm is: 8664.18
462 __ 2599486760
Sample num: 462
lower ratio:0.068127
upper ratio:-1.10325e-17
Sample num: 924
lower ratio:0.164623
upper ratio:-8.99702e-18
Sample num: 1848
lower ratio:0.271669
upper ratio:-6.28184e-18
Sample num: 3696
lower ratio:0.393732
upper ratio:-0.00928371
Sample num: 7392
lower ratio:0.470255
upper ratio:-0.00892265
Sample num: 14784
lower ratio:0.516689
upper ratio:-0.010064
Sample num: 587776
upper ratio:0.454633
Sample num: 29568
lower ratio:0.596239
RR_num of lower bound:29568 max_num:2599486760
upper ratio:-0.00403758
Sample num: 59136
upper ratio:0.0533599
Sample num: 118272
upper ratio:0.108228
Sample num: 946176
upper ratio:0.551028
RR_num of upper bound: 946176
upper's influence:7836.7
lower's influence:7938.89
orginal's influence:8117.4
PhysicalMem(MB) 47634.5
VirtualMem(MB) 48046
time:10785.4
approximation: 0.334484
estimate influence by Mente-Carlo is: 6793.17
reachable node size: 1504285
estimate influence by StopAlgorithm is: 6779.03
475 __ 3545878563
Sample num: 475
lower ratio:0.0738415
upper ratio:-2.16723e-17
Sample num: 950
lower ratio:0.169668
upper ratio:-1.986e-17
Sample num: 1900
lower ratio:0.288857
upper ratio:-1.60697e-17
Sample num: 1175552
upper ratio:0.554656
RR_num of upper bound: 1175552
upper's influence:8025.4
lower's influence:8354.11
orginal's influence:8178.65
PhysicalMem(MB) 29675.8
VirtualMem(MB) 34723
time:12160.6
Sample num: 3800
lower ratio:0.374116
upper ratio:-1.29967e-17
Sample num: 236544
upper ratio:0.240531
approximation: 0.336666
estimate influence by Mente-Carlo is: 6845.35
reachable node size: 1504285
Sample num: 7600
lower ratio:0.470219
upper ratio:-1.14363e-17
estimate influence by StopAlgorithm is: 6875.22
295 __ 4389277066
Sample num: 295
lower ratio:-0.0114241
upper ratio:0
Sample num: 590
lower ratio:0.0390694
upper ratio:0
Sample num: 1180
lower ratio:0.125458
upper ratio:0
Sample num: 2360
lower ratio:0.228208
upper ratio:0
Sample num: 4720
lower ratio:0.349768
upper ratio:0
Sample num: 15200
lower ratio:0.568619
RR_num of lower bound:15200 max_num:3545878563
upper ratio:-1.00721e-17
Sample num: 9440
lower ratio:0.433477
upper ratio:0
Sample num: 30400
upper ratio:-0.00391267
Sample num: 60800
upper ratio:-0.00798765
Sample num: 473088
upper ratio:0.370062
Sample num: 18880
lower ratio:0.515492
upper ratio:-0.00572584
Sample num: 1175552
upper ratio:0.557886
RR_num of upper bound: 1175552
upper's influence:8122.11
lower's influence:8162.25
orginal's influence:8288.69
PhysicalMem(MB) 30071.3
VirtualMem(MB) 35066.7
time:13456.7
approximation: 0.337181
estimate influence by Mente-Carlo is: 133.906
reachable node size: 4029
estimate influence by StopAlgorithm is: 134.028
166 __ 9937714
Sample num: 166
lower ratio:0.0667295
upper ratio:1.19938e-17
Sample num: 332
lower ratio:0.12757
upper ratio:-0.00722876
Sample num: 664
lower ratio:0.251058
upper ratio:-0.0102399
Sample num: 1328
lower ratio:0.377925
upper ratio:-0.00716753
Sample num: 2656
lower ratio:0.4641
upper ratio:0.0318799
Sample num: 5312
lower ratio:0.526494
upper ratio:0.135803
Sample num: 10624
lower ratio:0.589817
RR_num of lower bound:10624 max_num:9937714
upper ratio:0.269754
Sample num: 21248
upper ratio:0.390664
Sample num: 42496
upper ratio:0.46005
Sample num: 84992
upper ratio:0.577358
RR_num of upper bound: 84992
upper's influence:115.365
lower's influence:112.217
orginal's influence:112.925
PhysicalMem(MB) 273.938
VirtualMem(MB) 319.836
time:10.8045
approximation: 0.216914
estimate influence by Mente-Carlo is: 215.572
reachable node size: 955
estimate influence by StopAlgorithm is: 224.402
136 __ 1336951
Sample num: 136
lower ratio:0.068953
upper ratio:-0.011962
Sample num: 272
lower ratio:0.162561
upper ratio:0.00309289
Sample num: 544
lower ratio:0.231175
upper ratio:0.0331382
Sample num: 1088
lower ratio:0.352935
upper ratio:0.141243
Sample num: 2176
lower ratio:0.411543
upper ratio:0.33159
Sample num: 4352
lower ratio:0.482049
upper ratio:0.49747
Sample num: 8704
lower ratio:0.551733
RR_num of lower bound:8704 max_num:1336951
upper ratio:0.578429
RR_num of upper bound: 8704
upper's influence:182.304
lower's influence:184.236
orginal's influence:188.004
PhysicalMem(MB) 273.164
VirtualMem(MB) 307.688
time:2.03321
approximation: 0.185221
estimate influence by Mente-Carlo is: 2075.17
reachable node size: 52093
estimate influence by StopAlgorithm is: 2078.86
256 __ 131724550
Sample num: 256
lower ratio:-0.00388198
upper ratio:0
Sample num: 512
lower ratio:0.0308423
upper ratio:0
Sample num: 1024
lower ratio:0.118506
upper ratio:0
Sample num: 2048
lower ratio:0.213531
upper ratio:0
Sample num: 4096
lower ratio:0.32612
upper ratio:-0.0127435
Sample num: 8192
lower ratio:0.445545
upper ratio:0.00287194
Sample num: 16384
lower ratio:0.532676
RR_num of lower bound:16384 max_num:131724550
upper ratio:0.051232
Sample num: 32768
upper ratio:0.134231
Sample num: 65536
upper ratio:0.322712
Sample num: 131072
upper ratio:0.479125
Sample num: 262144
upper ratio:0.638259
RR_num of upper bound: 262144
upper's influence:1918.57
lower's influence:2018.76
orginal's influence:1946.49
PhysicalMem(MB) 4466.82
VirtualMem(MB) 6007.44
time:542.202
approximation: 0.320736
estimate influence by Mente-Carlo is: 624.004
reachable node size: 317070
Sample num: 121600
upper ratio:0.0345666
estimate influence by StopAlgorithm is: 632.879
260 __ 813887461
Sample num: 260
lower ratio:-0.0154943
upper ratio:-6.58629e-18
Sample num: 520
lower ratio:0.0156341
upper ratio:-6.22233e-18
Sample num: 1040
lower ratio:0.0823129
upper ratio:-5.90438e-18
Sample num: 2080
lower ratio:0.18268
upper ratio:-4.94404e-18
Sample num: 4160
lower ratio:0.295545
upper ratio:-4.94404e-18
Sample num: 8320
lower ratio:0.393915
upper ratio:-4.28807e-18
Sample num: 16640
lower ratio:0.493498
upper ratio:-4.1543e-18
Sample num: 33280
lower ratio:0.574402
RR_num of lower bound:33280 max_num:813887461
upper ratio:-4.02987e-18
Sample num: 66560
upper ratio:-0.00568136
Sample num: 133120
upper ratio:-0.0122247
Sample num: 266240
upper ratio:-0.00301974
Sample num: 37760
lower ratio:0.585645
RR_num of lower bound:37760 max_num:4389277066
upper ratio:-0.0116686
Sample num: 532480
upper ratio:0.0210715
Sample num: 1064960
upper ratio:0.159216
Sample num: 75520
upper ratio:-0.00543145
Sample num: 946176
upper ratio:0.521738
Sample num: 243200
upper ratio:0.16606
Sample num: 2129920
upper ratio:0.334432
Sample num: 151040
upper ratio:0.0416324
Sample num: 4259840
upper ratio:0.388039
Sample num: 486400
upper ratio:0.352198
Sample num: 302080
upper ratio:0.13759
Sample num: 1892352
upper ratio:0.650274
RR_num of upper bound: 1892352
upper's influence:8008.89
lower's influence:8314.39
orginal's influence:8236.92
PhysicalMem(MB) 47587.5
VirtualMem(MB) 48019.8
time:19546.2
approximation: 0.334809
estimate influence by Mente-Carlo is: 131.573
reachable node size: 4029
estimate influence by StopAlgorithm is: 130.603
255 __ 7727570
Sample num: 255
lower ratio:0.0910396
upper ratio:-0.0207125
Sample num: 510
lower ratio:0.208853
upper ratio:-0.0115731
Sample num: 1020
lower ratio:0.317653
upper ratio:0.0113803
Sample num: 2040
lower ratio:0.432514
upper ratio:0.0374753
Sample num: 4080
lower ratio:0.498066
upper ratio:0.0751373
Sample num: 8160
lower ratio:0.557373
RR_num of lower bound:8160 max_num:7727570
upper ratio:0.17064
Sample num: 16320
upper ratio:0.300951
Sample num: 32640
upper ratio:0.381549
Sample num: 65280
upper ratio:0.467625
Sample num: 130560
upper ratio:0.59282
RR_num of upper bound: 130560
upper's influence:106.386
lower's influence:103.433
orginal's influence:103.658
PhysicalMem(MB) 214.77
VirtualMem(MB) 225.812
time:13.4588
approximation: 0.183406
estimate influence by Mente-Carlo is: 214.353
reachable node size: 955
estimate influence by StopAlgorithm is: 219.718
203 __ 1134953
Sample num: 203
lower ratio:0.143595
upper ratio:0.0519301
Sample num: 406
lower ratio:0.252622
upper ratio:0.107723
Sample num: 812
lower ratio:0.322942
upper ratio:0.151912
Sample num: 1624
lower ratio:0.401115
upper ratio:0.259255
Sample num: 3248
lower ratio:0.459873
upper ratio:0.398869
Sample num: 6496
lower ratio:0.510758
upper ratio:0.458482
Sample num: 12992
lower ratio:0.55265
RR_num of lower bound:12992 max_num:1134953
upper ratio:0.533155
RR_num of upper bound: 12992
upper's influence:164.541
lower's influence:159.088
orginal's influence:160.736
PhysicalMem(MB) 401.797
VirtualMem(MB) 499.965
time:2.9439
approximation: 0.197274
estimate influence by Mente-Carlo is: 2062.45
reachable node size: 52093
estimate influence by StopAlgorithm is: 2008.77
409 __ 105441261
Sample num: 409
lower ratio:0.0507057
upper ratio:-4.97242e-18
Sample num: 818
lower ratio:0.155924
upper ratio:-4.97242e-18
Sample num: 1636
lower ratio:0.272024
upper ratio:-0.0113821
Sample num: 3272
lower ratio:0.349428
upper ratio:-0.0101421
Sample num: 6544
lower ratio:0.458304
upper ratio:-0.00405883
Sample num: 13088
lower ratio:0.52688
upper ratio:0.0339369
Sample num: 26176
lower ratio:0.592401
RR_num of lower bound:26176 max_num:105441261
upper ratio:0.104875
Sample num: 52352
upper ratio:0.304699
Sample num: 104704
upper ratio:0.427717
Sample num: 209408
upper ratio:0.496994
Sample num: 418816
upper ratio:0.617567
RR_num of upper bound: 418816
upper's influence:1959.43
lower's influence:1915.42
orginal's influence:1921.19
PhysicalMem(MB) 7046.65
VirtualMem(MB) 7680.19
time:864.04
approximation: 0.31344
estimate influence by Mente-Carlo is: 623.21
reachable node size: 317070
estimate influence by StopAlgorithm is: 630.635
415 __ 652163107
Sample num: 415
lower ratio:0.0223429
upper ratio:9.90678e-18
Sample num: 830
lower ratio:0.113987
upper ratio:9.90678e-18
Sample num: 1660
lower ratio:0.22584
upper ratio:9.35792e-18
Sample num: 3320
lower ratio:0.345814
upper ratio:7.43174e-18
Sample num: 6640
lower ratio:0.443366
upper ratio:5.56397e-18
Sample num: 13280
lower ratio:0.52647
upper ratio:4.51206e-18
Sample num: 26560
lower ratio:0.595523
RR_num of lower bound:26560 max_num:652163107
upper ratio:-0.0055699
Sample num: 53120
upper ratio:-0.00767361
Sample num: 8519680
upper ratio:0.552908
RR_num of upper bound: 8519680
Sample num: 106240
upper ratio:-0.00870066
upper's influence:607.732
lower's influence:584.032
orginal's influence:615.169
PhysicalMem(MB) 3723.55
VirtualMem(MB) 4329.04
time:13353.7
approximation: 0.230294
estimate influence by Mente-Carlo is: 958.072
reachable node size: 47666
estimate influence by StopAlgorithm is: 952.161
229 __ 107749516
Sample num: 229
lower ratio:0.0274543
upper ratio:-7.98788e-18
Sample num: 458
lower ratio:0.105963
upper ratio:-6.43249e-18
Sample num: 916
lower ratio:0.202706
upper ratio:-0.00733392
Sample num: 1832
lower ratio:0.331883
upper ratio:-6.0562e-18
Sample num: 3664
lower ratio:0.376476
upper ratio:-0.00851605
Sample num: 7328
lower ratio:0.493487
upper ratio:0.0237697
Sample num: 212480
upper ratio:0.0196654
Sample num: 14656
lower ratio:0.549452
RR_num of lower bound:14656 max_num:107749516
upper ratio:0.104377
Sample num: 29312
upper ratio:0.141411
Sample num: 58624
upper ratio:0.282597
Sample num: 117248
upper ratio:0.469244
Sample num: 234496
upper ratio:0.545757
RR_num of upper bound: 234496
upper's influence:826.517
lower's influence:832.212
orginal's influence:863.214
PhysicalMem(MB) 2960.66
VirtualMem(MB) 3102.39
time:176.373
approximation: 0.302978
estimate influence by Mente-Carlo is: 1178.64
reachable node size: 218111
estimate influence by StopAlgorithm is: 1244.48
257 __ 554375779
Sample num: 257
lower ratio:0.193588
upper ratio:-6.26365e-18
Sample num: 514
lower ratio:0.28492
upper ratio:-0.00999837
Sample num: 1028
lower ratio:0.387572
upper ratio:-0.00957728
Sample num: 2056
lower ratio:0.461328
upper ratio:-4.3084e-18
Sample num: 4112
lower ratio:0.529318
upper ratio:-0.0140595
Sample num: 8224
lower ratio:0.58415
RR_num of lower bound:8224 max_num:554375779
upper ratio:0.0286187
Sample num: 16448
upper ratio:0.0901153
Sample num: 32896
upper ratio:0.148636
Sample num: 424960
upper ratio:0.0649025
Sample num: 65792
upper ratio:0.331916
Sample num: 131584
upper ratio:0.423645
Sample num: 263168
upper ratio:0.531548
Sample num: 849920
upper ratio:0.197409
Sample num: 526336
upper ratio:0.623493
RR_num of upper bound: 526336
upper's influence:704.393
lower's influence:692.415
orginal's influence:869.833
PhysicalMem(MB) 1887.5
VirtualMem(MB) 2228.74
time:910.416
approximation: 0.320255
estimate influence by Mente-Carlo is: 1607.16
reachable node size: 81294
estimate influence by StopAlgorithm is: 1658.13
231 __ 184969613
Sample num: 231
lower ratio:0.0746249
upper ratio:3.03718e-18
Sample num: 462
lower ratio:0.182129
upper ratio:2.35815e-18
Sample num: 924
lower ratio:0.301098
upper ratio:2.06936e-18
Sample num: 1848
lower ratio:0.415953
upper ratio:2.06936e-18
Sample num: 3696
lower ratio:0.50109
upper ratio:-0.0101588
Sample num: 7392
lower ratio:0.580528
RR_num of lower bound:7392 max_num:184969613
upper ratio:0.039977
Sample num: 14784
upper ratio:0.0765197
Sample num: 29568
upper ratio:0.25077
Sample num: 59136
upper ratio:0.42321
Sample num: 118272
upper ratio:0.539439
RR_num of upper bound: 118272
upper's influence:1352.38
lower's influence:1336.44
orginal's influence:1496.73
PhysicalMem(MB) 2690.17
VirtualMem(MB) 2927.8
time:137.335
approximation: 0.304142
estimate influence by Mente-Carlo is: 66.5014
reachable node size: 2314
estimate influence by StopAlgorithm is: 66.5552
178 __ 4877487
Sample num: 178
lower ratio:0.0429959
upper ratio:-0.0193165
Sample num: 356
lower ratio:0.131994
upper ratio:-0.0157631
Sample num: 712
lower ratio:0.250897
upper ratio:-0.00865306
Sample num: 1424
lower ratio:0.379567
upper ratio:-0.0124839
Sample num: 2848
lower ratio:0.488471
upper ratio:0.00659243
Sample num: 5696
lower ratio:0.552878
RR_num of lower bound:5696 max_num:4877487
upper ratio:0.0625785
Sample num: 11392
upper ratio:0.150155
Sample num: 22784
upper ratio:0.255231
Sample num: 45568
upper ratio:0.332075
Sample num: 91136
upper ratio:0.532563
RR_num of upper bound: 91136
upper's influence:57.4508
lower's influence:60.4379
orginal's influence:61.7876
PhysicalMem(MB) 59.918
VirtualMem(MB) 75.4062
time:6.56227
approximation: 0.211573
estimate influence by Mente-Carlo is: 8806.96
reachable node size: 1134880
estimate influence by StopAlgorithm is: 8718.99
287 __ 3223023447
Sample num: 287
lower ratio:0.00949792
upper ratio:9.31348e-18
Sample num: 574
lower ratio:0.0637503
upper ratio:9.31348e-18
Sample num: 1148
lower ratio:0.149563
upper ratio:8.13259e-18
Sample num: 2296
lower ratio:0.250802
upper ratio:8.13259e-18
Sample num: 4592
lower ratio:0.347068
upper ratio:8.13259e-18
Sample num: 9184
lower ratio:0.421309
upper ratio:-0.0151883
Sample num: 1699840
upper ratio:0.342139
Sample num: 18368
lower ratio:0.474484
upper ratio:-0.0148242
Sample num: 36736
lower ratio:0.524781
upper ratio:-0.010662
Sample num: 3399680
upper ratio:0.46165
Sample num: 604160
upper ratio:0.289443
Sample num: 73472
lower ratio:0.593995
RR_num of lower bound:73472 max_num:3223023447
upper ratio:0.0238743
Sample num: 146944
upper ratio:0.0722552
Sample num: 293888
upper ratio:0.278821
Sample num: 972800
upper ratio:0.479863
Sample num: 6799360
upper ratio:0.586774
RR_num of upper bound: 6799360
upper's influence:578.585
lower's influence:590.977
orginal's influence:617.461
PhysicalMem(MB) 3048.93
VirtualMem(MB) 3077.91
time:10743
approximation: 0.224221
estimate influence by Mente-Carlo is: 958.557
reachable node size: 47666
estimate influence by StopAlgorithm is: 941.421
363 __ 85540261
Sample num: 363
lower ratio:0.10565
upper ratio:-0.00805532
Sample num: 726
lower ratio:0.210692
upper ratio:3.54174e-18
Sample num: 1452
lower ratio:0.298556
upper ratio:3.16065e-18
Sample num: 2904
lower ratio:0.389874
upper ratio:-0.00264173
Sample num: 5808
lower ratio:0.488094
upper ratio:0.0198722
Sample num: 11616
lower ratio:0.545685
RR_num of lower bound:11616 max_num:85540261
upper ratio:0.0834557
Sample num: 23232
upper ratio:0.188448
Sample num: 46464
upper ratio:0.287174
Sample num: 92928
upper ratio:0.388252
Sample num: 185856
upper ratio:0.522635
Sample num: 371712
upper ratio:0.601437
RR_num of upper bound: 371712
upper's influence:783.208
lower's influence:761.693
orginal's influence:823.056
PhysicalMem(MB) 2353.73
VirtualMem(MB) 2625.32
time:245.589
approximation: 0.300058
estimate influence by Mente-Carlo is: 1175.78
reachable node size: 218111
estimate influence by StopAlgorithm is: 1149.68
411 __ 443918016
Sample num: 411
lower ratio:0.324988
upper ratio:-0.011613
Sample num: 822
lower ratio:0.414182
upper ratio:-0.0100159
Sample num: 1644
lower ratio:0.497033
upper ratio:-0.0180913
Sample num: 3288
lower ratio:0.551336
RR_num of lower bound:3288 max_num:443918016
upper ratio:-0.0130892
Sample num: 6576
upper ratio:-0.000360923
Sample num: 13152
upper ratio:0.0757524
Sample num: 26304
upper ratio:0.187443
Sample num: 52608
upper ratio:0.327938
Sample num: 105216
upper ratio:0.503379
Sample num: 210432
upper ratio:0.571338
RR_num of upper bound: 210432
upper's influence:578.009
lower's influence:543.84
orginal's influence:785.656
PhysicalMem(MB) 939.406
VirtualMem(MB) 968.379
time:414.468
approximation: 0.314859
estimate influence by Mente-Carlo is: 1607.51
reachable node size: 81294
estimate influence by StopAlgorithm is: 1617.59
365 __ 146918702
Sample num: 365
lower ratio:0.175693
upper ratio:2.54793e-18
Sample num: 730
lower ratio:0.291472
upper ratio:-0.00732122
Sample num: 1460
lower ratio:0.396597
upper ratio:-0.0117861
Sample num: 2920
lower ratio:0.471339
upper ratio:-0.00874224
Sample num: 5840
lower ratio:0.546395
RR_num of lower bound:5840 max_num:146918702
upper ratio:0.0135833
Sample num: 11680
upper ratio:0.0656583
Sample num: 23360
upper ratio:0.19475
Sample num: 46720
upper ratio:0.338009
Sample num: 93440
upper ratio:0.46318
Sample num: 186880
upper ratio:0.598598
RR_num of upper bound: 186880
upper's influence:1281.88
lower's influence:1265.02
orginal's influence:1380.76
PhysicalMem(MB) 2158.23
VirtualMem(MB) 2508.5
time:195.775
approximation: 0.292299
estimate influence by Mente-Carlo is: 66.8241
reachable node size: 2314
estimate influence by StopAlgorithm is: 66.2457
276 __ 4192068
Sample num: 276
lower ratio:0.172337
upper ratio:-5.38268e-18
Sample num: 552
lower ratio:0.291681
upper ratio:-4.24377e-18
Sample num: 1104
lower ratio:0.381787
upper ratio:-0.0095296
Sample num: 2208
lower ratio:0.460513
upper ratio:-0.00130111
Sample num: 4416
lower ratio:0.543815
RR_num of lower bound:4416 max_num:4192068
upper ratio:0.0374319
Sample num: 8832
upper ratio:0.126381
Sample num: 17664
upper ratio:0.171539
Sample num: 35328
upper ratio:0.331937
Sample num: 70656
upper ratio:0.516296
Sample num: 141312
upper ratio:0.618891
RR_num of upper bound: 141312
upper's influence:54.648
lower's influence:54.5153
orginal's influence:59.6154
PhysicalMem(MB) 46.8984
VirtualMem(MB) 57.1562
time:8.90432
approximation: 0.166382
estimate influence by Mente-Carlo is: 8792.68
reachable node size: 1134880
estimate influence by StopAlgorithm is: 8632.61
462 __ 2599486760
Sample num: 462
lower ratio:0.0505408
upper ratio:-1.22163e-17
Sample num: 924
lower ratio:0.133335
upper ratio:-1.05387e-17
Sample num: 1848
lower ratio:0.229464
upper ratio:-8.69062e-18
Sample num: 3696
lower ratio:0.353998
upper ratio:-6.28184e-18
Sample num: 7392
lower ratio:0.452415
upper ratio:-0.009477
Sample num: 14784
lower ratio:0.518829
upper ratio:-0.0108276
Sample num: 587776
upper ratio:0.375307
Sample num: 29568
lower ratio:0.564306
RR_num of lower bound:29568 max_num:2599486760
upper ratio:-0.00423882
Sample num: 59136
upper ratio:0.0383185
Sample num: 118272
upper ratio:0.15645
Sample num: 236544
upper ratio:0.263352
Sample num: 473088
upper ratio:0.387817
Sample num: 1175552
upper ratio:0.491213
Sample num: 946176
upper ratio:0.514403
Sample num: 1208320
upper ratio:0.427392
Sample num: 2351104
upper ratio:0.611079
RR_num of upper bound: 2351104
upper's influence:8182.27
lower's influence:8130.42
orginal's influence:8288.73
PhysicalMem(MB) 117609
VirtualMem(MB) 137695
time:28488.4
approximation: 0.338308
estimate influence by Mente-Carlo is: 134.452
reachable node size: 4029
estimate influence by StopAlgorithm is: 133.845
166 __ 9937714
Sample num: 166
lower ratio:0.0457839
upper ratio:-0.0174835
Sample num: 332
lower ratio:0.214279
upper ratio:1.25694e-17
Sample num: 664
lower ratio:0.277401
upper ratio:-0.0124353
Sample num: 1328
lower ratio:0.378978
upper ratio:-0.00898386
Sample num: 2656
lower ratio:0.476009
upper ratio:0.0104013
Sample num: 5312
lower ratio:0.580282
RR_num of lower bound:5312 max_num:9937714
upper ratio:0.119712
Sample num: 10624
upper ratio:0.15869
Sample num: 21248
upper ratio:0.377463
Sample num: 42496
upper ratio:0.493382
Sample num: 84992
upper ratio:0.540507
RR_num of upper bound: 84992
upper's influence:110.707
lower's influence:114.25
orginal's influence:108.906
PhysicalMem(MB) 147.461
VirtualMem(MB) 173.449
time:8.98019
approximation: 0.215406
estimate influence by Mente-Carlo is: 214.99
reachable node size: 955
estimate influence by StopAlgorithm is: 209.553
136 __ 1336951
Sample num: 136
lower ratio:0.0666583
upper ratio:0.0269391
Sample num: 272
lower ratio:0.159504
upper ratio:0.0487856
Sample num: 544
lower ratio:0.250265
upper ratio:0.133511
Sample num: 1088
lower ratio:0.341472
upper ratio:0.217646
Sample num: 2176
lower ratio:0.437804
upper ratio:0.379666
Sample num: 4352
lower ratio:0.499819
upper ratio:0.4097
Sample num: 8704
lower ratio:0.565123
RR_num of lower bound:8704 max_num:1336951
upper ratio:0.498594
Sample num: 17408
upper ratio:0.586927
RR_num of upper bound: 17408
upper's influence:182.629
lower's influence:180.018
orginal's influence:171.018
PhysicalMem(MB) 273.641
VirtualMem(MB) 307.766
time:2.59397
approximation: 0.18761
estimate influence by Mente-Carlo is: 2069.99
reachable node size: 52093
estimate influence by StopAlgorithm is: 2028.1
256 __ 131724550
Sample num: 256
lower ratio:-0.00357692
upper ratio:0
Sample num: 512
lower ratio:0.0425801
upper ratio:0
Sample num: 1024
lower ratio:0.139697
upper ratio:0
Sample num: 2048
lower ratio:0.218238
upper ratio:-0.0100637
Sample num: 4096
lower ratio:0.342509
upper ratio:-0.0122296
Sample num: 8192
lower ratio:0.451422
upper ratio:-0.00510944
Sample num: 16384
lower ratio:0.544269
RR_num of lower bound:16384 max_num:131724550
upper ratio:0.0437668
Sample num: 32768
upper ratio:0.11325
Sample num: 65536
upper ratio:0.264434
Sample num: 131072
upper ratio:0.387814
Sample num: 262144
upper ratio:0.492815
Sample num: 524288
upper ratio:0.608938
RR_num of upper bound: 524288
upper's influence:1986.91
lower's influence:1984.41
orginal's influence:2008.66
PhysicalMem(MB) 4469.67
VirtualMem(MB) 6004.21
time:913.176
approximation: 0.316824
estimate influence by Mente-Carlo is: 621.354
reachable node size: 317070
estimate influence by StopAlgorithm is: 630.086
260 __ 813887461
Sample num: 260
lower ratio:-0.0152844
upper ratio:-5.90438e-18
Sample num: 520
lower ratio:0.0196372
upper ratio:-5.37301e-18
Sample num: 1040
lower ratio:0.0755126
upper ratio:-5.14784e-18
Sample num: 2080
lower ratio:0.150726
upper ratio:-4.58859e-18
Sample num: 4160
lower ratio:0.288638
upper ratio:-4.43236e-18
Sample num: 8320
lower ratio:0.392368
upper ratio:-4.28807e-18
Sample num: 16640
lower ratio:0.488533
upper ratio:-0.0079443
Sample num: 33280
lower ratio:0.572681
RR_num of lower bound:33280 max_num:813887461
upper ratio:-0.00620794
Sample num: 66560
upper ratio:-0.00980974
Sample num: 133120
upper ratio:-0.00982716
Sample num: 1892352
upper ratio:0.60539
RR_num of upper bound: 1892352
upper's influence:7881.62
lower's influence:7979.42
Sample num: 266240
upper ratio:-0.00743238
orginal's influence:7960.52
PhysicalMem(MB) 47705.6
VirtualMem(MB) 48110.2
time:20855.8
approximation: 0.335146
Sample num: 532480
upper ratio:0.0761603
estimate influence by Mente-Carlo is: 132.943
reachable node size: 4029
estimate influence by StopAlgorithm is: 136.846
255 __ 7727570
Sample num: 255
lower ratio:0.109581
upper ratio:-0.0127593
Sample num: 510
lower ratio:0.201228
upper ratio:-0.0166454
Sample num: 1020
lower ratio:0.293852
upper ratio:-0.0100487
Sample num: 2040
lower ratio:0.385577
upper ratio:0.00949508
Sample num: 4080
lower ratio:0.471265
upper ratio:0.0827589
Sample num: 8160
lower ratio:0.557947
RR_num of lower bound:8160 max_num:7727570
upper ratio:0.146777
Sample num: 16320
upper ratio:0.242868
Sample num: 32640
upper ratio:0.372862
Sample num: 65280
upper ratio:0.46425
Sample num: 130560
upper ratio:0.550784
RR_num of upper bound: 130560
upper's influence:106.156
lower's influence:99.8229
orginal's influence:105.56
PhysicalMem(MB) 212.098
VirtualMem(MB) 224.516
time:13.4114
approximation: 0.185724
estimate influence by Mente-Carlo is: 215.146
reachable node size: 955
estimate influence by StopAlgorithm is: 216.265
203 __ 1134953
Sample num: 203
lower ratio:0.154179
upper ratio:0.0176378
Sample num: 406
lower ratio:0.218679
upper ratio:0.0718224
Sample num: 812
lower ratio:0.326299
upper ratio:0.133803
Sample num: 1624
lower ratio:0.406735
upper ratio:0.24181
Sample num: 3248
lower ratio:0.468428
upper ratio:0.408272
Sample num: 6496
lower ratio:0.522165
upper ratio:0.483912
Sample num: 12992
lower ratio:0.548098
RR_num of lower bound:12992 max_num:1134953
upper ratio:0.549472
RR_num of upper bound: 12992
upper's influence:163.797
lower's influence:160.959
orginal's influence:167.442
PhysicalMem(MB) 402.633
VirtualMem(MB) 500.074
time:2.91927
approximation: 0.196496
estimate influence by Mente-Carlo is: 2070.96
reachable node size: 52093
estimate influence by StopAlgorithm is: 2087.23
409 __ 105441261
Sample num: 409
lower ratio:0.0568466
upper ratio:-0.00692406
Sample num: 818
lower ratio:0.163982
upper ratio:-4.97242e-18
Sample num: 1636
lower ratio:0.26812
upper ratio:-4.86099e-18
Sample num: 3272
lower ratio:0.369244
upper ratio:-0.0117351
Sample num: 6544
lower ratio:0.462291
upper ratio:3.57085e-05
Sample num: 13088
lower ratio:0.548291
RR_num of lower bound:13088 max_num:105441261
upper ratio:0.0752995
Sample num: 26176
upper ratio:0.229608
Sample num: 52352
upper ratio:0.34533
Sample num: 104704
upper ratio:0.455534
Sample num: 209408
upper ratio:0.573647
RR_num of upper bound: 209408
upper's influence:1900.43
lower's influence:1904.29
orginal's influence:1938.54
PhysicalMem(MB) 3623.83
VirtualMem(MB) 3938.48
time:441.234
approximation: 0.314178
estimate influence by Mente-Carlo is: 623.324
reachable node size: 317070
estimate influence by StopAlgorithm is: 620.366
415 __ 652163107
Sample num: 415
lower ratio:0.0255684
upper ratio:9.90678e-18
Sample num: 830
lower ratio:0.111125
upper ratio:9.35792e-18
Sample num: 1660
lower ratio:0.207485
upper ratio:9.35792e-18
Sample num: 3320
lower ratio:0.303465
upper ratio:8.07787e-18
Sample num: 6640
lower ratio:0.413161
upper ratio:7.15229e-18
Sample num: 13280
lower ratio:0.523621
upper ratio:5.03396e-18
Sample num: 1064960
upper ratio:0.210514
Sample num: 26560
lower ratio:0.606306
RR_num of lower bound:26560 max_num:652163107
upper ratio:4.70552e-18
Sample num: 53120
upper ratio:-0.010221
Sample num: 106240
upper ratio:-0.00274968
Sample num: 212480
upper ratio:0.0194651
Sample num: 424960
upper ratio:0.0873767
Sample num: 849920
upper ratio:0.188384
Sample num: 2129920
upper ratio:0.328856
Sample num: 1699840
upper ratio:0.339308
Sample num: 1945600
upper ratio:0.634342
RR_num of upper bound: 1945600
upper's influence:6160.48
lower's influence:6379.31
orginal's influence:6337.16
PhysicalMem(MB) 46666.1
VirtualMem(MB) 48643.5
time:54698.4
approximation: 0.313786
estimate influence by Mente-Carlo is: 133.401
reachable node size: 4029
estimate influence by StopAlgorithm is: 131.063
255 __ 7727570
Sample num: 255
lower ratio:0.106539
upper ratio:-3.71063e-18
Sample num: 510
lower ratio:0.195724
upper ratio:-0.00949503
Sample num: 1020
lower ratio:0.322848
upper ratio:-0.00595725
Sample num: 2040
lower ratio:0.440366
upper ratio:0.0168625
Sample num: 4080
lower ratio:0.521076
upper ratio:0.0915385
Sample num: 8160
lower ratio:0.569744
RR_num of lower bound:8160 max_num:7727570
upper ratio:0.211582
Sample num: 16320
upper ratio:0.304413
Sample num: 32640
upper ratio:0.387216
Sample num: 65280
upper ratio:0.476939
Sample num: 130560
upper ratio:0.586821
RR_num of upper bound: 130560
upper's influence:102.093
lower's influence:104.257
orginal's influence:105.952
PhysicalMem(MB) 216.227
VirtualMem(MB) 227.285
time:13.4401
approximation: 0.183749
estimate influence by Mente-Carlo is: 216.588
reachable node size: 955
estimate influence by StopAlgorithm is: 216.855
203 __ 1134953
Sample num: 203
lower ratio:0.138319
upper ratio:-0.000160658
Sample num: 406
lower ratio:0.239474
upper ratio:0.0381296
Sample num: 812
lower ratio:0.328053
upper ratio:0.181608
Sample num: 1624
lower ratio:0.410957
upper ratio:0.241162
Sample num: 3248
lower ratio:0.468245
upper ratio:0.337563
Sample num: 6496
lower ratio:0.506934
upper ratio:0.435208
Sample num: 12992
lower ratio:0.549793
RR_num of lower bound:12992 max_num:1134953
upper ratio:0.538334
RR_num of upper bound: 12992
upper's influence:158.089
lower's influence:160.81
orginal's influence:165.355
PhysicalMem(MB) 401.91
VirtualMem(MB) 500.574
time:2.87699
approximation: 0.198624
estimate influence by Mente-Carlo is: 2074.32
reachable node size: 52093
estimate influence by StopAlgorithm is: 2078.69
409 __ 105441261
Sample num: 409
lower ratio:0.0811495
upper ratio:-5.4835e-18
Sample num: 818
lower ratio:0.174774
upper ratio:-4.97242e-18
Sample num: 1636
lower ratio:0.28294
upper ratio:-0.0132071
Sample num: 3272
lower ratio:0.379538
upper ratio:-0.00978234
Sample num: 6544
lower ratio:0.482454
upper ratio:0.00513801
Sample num: 13088
lower ratio:0.553685
RR_num of lower bound:13088 max_num:105441261
upper ratio:0.0629869
Sample num: 26176
upper ratio:0.176622
Sample num: 4259840
upper ratio:0.462987
Sample num: 52352
upper ratio:0.273822
Sample num: 104704
upper ratio:0.366384
Sample num: 209408
upper ratio:0.531039
Sample num: 3399680
upper ratio:0.467929
Sample num: 418816
upper ratio:0.658391
RR_num of upper bound: 418816
upper's influence:1913.94
lower's influence:1945.32
orginal's influence:1916.04
PhysicalMem(MB) 3629.19
VirtualMem(MB) 3943.59
time:729.85
approximation: 0.313276
estimate influence by Mente-Carlo is: 623.913
reachable node size: 317070
estimate influence by StopAlgorithm is: 620.426
415 __ 652163107
Sample num: 415
lower ratio:0.0352589
upper ratio:9.35792e-18
Sample num: 830
lower ratio:0.10834
upper ratio:9.35792e-18
Sample num: 1660
lower ratio:0.229228
upper ratio:9.35792e-18
Sample num: 3320
lower ratio:0.354886
upper ratio:9.35792e-18
Sample num: 6640
lower ratio:0.439464
upper ratio:6.89652e-18
Sample num: 13280
lower ratio:0.531966
upper ratio:-0.00593706
Sample num: 26560
lower ratio:0.597365
RR_num of lower bound:26560 max_num:652163107
upper ratio:-0.0114008
Sample num: 53120
upper ratio:-0.00967795
Sample num: 106240
upper ratio:-0.00453956
Sample num: 212480
upper ratio:0.0271861
Sample num: 424960
upper ratio:0.0836739
Sample num: 849920
upper ratio:0.159263
Sample num: 1699840
upper ratio:0.365146
Sample num: 6799360
upper ratio:0.612232
RR_num of upper bound: 6799360
upper's influence:584.699
lower's influence:580.652
orginal's influence:594.035
PhysicalMem(MB) 3048.94
VirtualMem(MB) 3076.59
time:10732.2
approximation: 0.222031
estimate influence by Mente-Carlo is: 958.506
reachable node size: 47666
estimate influence by StopAlgorithm is: 969.31
363 __ 85540261
Sample num: 363
lower ratio:0.0944526
upper ratio:5.83851e-18
Sample num: 726
lower ratio:0.215606
upper ratio:4.43793e-18
Sample num: 1452
lower ratio:0.319984
upper ratio:3.37742e-18
Sample num: 2904
lower ratio:0.408603
upper ratio:-0.0104839
Sample num: 5808
lower ratio:0.483598
upper ratio:0.0262599
Sample num: 11616
lower ratio:0.537166
RR_num of lower bound:11616 max_num:85540261
upper ratio:0.051548
Sample num: 23232
upper ratio:0.185488
Sample num: 46464
upper ratio:0.232219
Sample num: 92928
upper ratio:0.45333
Sample num: 185856
upper ratio:0.567492
RR_num of upper bound: 185856
upper's influence:785.13
lower's influence:773.625
orginal's influence:853.261
PhysicalMem(MB) 2367.68
VirtualMem(MB) 2640.4
time:140.753
approximation: 0.298859
estimate influence by Mente-Carlo is: 1174.4
reachable node size: 218111
estimate influence by StopAlgorithm is: 1135.86
411 __ 443918016
Sample num: 411
lower ratio:0.321859
upper ratio:0
Sample num: 822
lower ratio:0.421537
upper ratio:0
Sample num: 1644
lower ratio:0.492023
upper ratio:-0.0165343
Sample num: 3288
lower ratio:0.542518
RR_num of lower bound:3288 max_num:443918016
upper ratio:-0.0150892
Sample num: 6576
upper ratio:0.0157064
Sample num: 13152
upper ratio:0.103876
Sample num: 26304
upper ratio:0.180545
Sample num: 52608
upper ratio:0.312758
Sample num: 105216
upper ratio:0.394551
Sample num: 210432
upper ratio:0.514574
Sample num: 3399680
upper ratio:0.464721
Sample num: 8519680
upper ratio:0.537888
RR_num of upper bound: 8519680
Sample num: 420864
upper ratio:0.613752
RR_num of upper bound: 420864
upper's influence:596.424
upper's influence:551.033
lower's influence:579.413
lower's influence:563.307
orginal's influence:768.001
PhysicalMem(MB) 934.938
VirtualMem(MB) 964.965
time:721.298
orginal's influence:608.992
PhysicalMem(MB) 3708.6
VirtualMem(MB) 4319.24
time:13411.2
approximation: 0.322123
approximation: 0.225868
estimate influence by Mente-Carlo is: 1622.9
reachable node size: 81294
estimate influence by StopAlgorithm is: 1621.71
365 __ 146918702
Sample num: 365
lower ratio:0.182758
upper ratio:-0.0110756
Sample num: 730
lower ratio:0.293632
upper ratio:2.20755e-18
estimate influence by Mente-Carlo is: 959.22
reachable node size: 47666
estimate influence by StopAlgorithm is: 993.134
229 __ 107749516
Sample num: 229
lower ratio:0.00552205
upper ratio:-8.73266e-18
Sample num: 458
lower ratio:0.0812916
upper ratio:-7.37818e-18
Sample num: 1460
lower ratio:0.373112
upper ratio:-0.00641183
Sample num: 916
lower ratio:0.21689
upper ratio:-6.43249e-18
Sample num: 1832
lower ratio:0.348645
upper ratio:-5.72692e-18
Sample num: 2920
lower ratio:0.460463
upper ratio:-0.0101622
Sample num: 3664
lower ratio:0.459751
upper ratio:-0.0117849
Sample num: 5840
lower ratio:0.524554
upper ratio:-0.00592441
Sample num: 7328
lower ratio:0.544999
RR_num of lower bound:7328 max_num:107749516
upper ratio:0.0280003
Sample num: 14656
upper ratio:0.0840685
Sample num: 29312
upper ratio:0.229287
Sample num: 11680
lower ratio:0.56835
RR_num of lower bound:11680 max_num:146918702
upper ratio:0.0525212
Sample num: 58624
upper ratio:0.333374
Sample num: 23360
upper ratio:0.140296
Sample num: 46720
upper ratio:0.275839
Sample num: 117248
upper ratio:0.438075
Sample num: 93440
upper ratio:0.446096
Sample num: 234496
upper ratio:0.580316
RR_num of upper bound: 234496
upper's influence:810.109
lower's influence:831.358
orginal's influence:875.007
PhysicalMem(MB) 1518.88
VirtualMem(MB) 1593.65
time:154.929
approximation: 0.302517
estimate influence by Mente-Carlo is: 1182.44
reachable node size: 218111
estimate influence by StopAlgorithm is: 1201.15
257 __ 554375779
Sample num: 257
lower ratio:0.212309
upper ratio:-5.65738e-18
Sample num: 514
lower ratio:0.308827
upper ratio:-5.40405e-18
Sample num: 1028
lower ratio:0.406435
upper ratio:-4.61164e-18
Sample num: 186880
upper ratio:0.554911
RR_num of upper bound: 186880
upper's influence:1191.57
lower's influence:1226.39
orginal's influence:1435.61
PhysicalMem(MB) 4165.56
VirtualMem(MB) 4855.89
time:215.67
Sample num: 2056
lower ratio:0.486865
upper ratio:-0.0143466
approximation: 0.293821
Sample num: 4112
lower ratio:0.548299
RR_num of lower bound:4112 max_num:554375779
upper ratio:0.00323925
Sample num: 8224
upper ratio:0.0252306
estimate influence by Mente-Carlo is: 66.3475
reachable node size: 2314
estimate influence by StopAlgorithm is: 65.6927
276 __ 4192068
Sample num: 276
lower ratio:0.164795
upper ratio:-6.78489e-18
Sample num: 552
lower ratio:0.267241
upper ratio:-0.00809236
Sample num: 1104
lower ratio:0.359338
upper ratio:-0.0112677
Sample num: 2208
lower ratio:0.463882
upper ratio:-0.00143579
Sample num: 4416
lower ratio:0.538295
RR_num of lower bound:4416 max_num:4192068
upper ratio:0.00768322
Sample num: 8832
upper ratio:0.219059
Sample num: 17664
upper ratio:0.236683
Sample num: 35328
upper ratio:0.355398
Sample num: 16448
upper ratio:0.138639
Sample num: 70656
upper ratio:0.48857
Sample num: 141312
upper ratio:0.593724
RR_num of upper bound: 141312
upper's influence:52.0896
lower's influence:52.3751
orginal's influence:61.0312
PhysicalMem(MB) 46.8047
VirtualMem(MB) 57.3047
time:8.89159
approximation: 0.163505
estimate influence by Mente-Carlo is: 8920.43
reachable node size: 1134880
Sample num: 32896
upper ratio:0.192972
estimate influence by StopAlgorithm is: 8998.03
462 __ 2599486760
Sample num: 65792
upper ratio:0.272064
Sample num: 462
lower ratio:0.0749364
upper ratio:-1.10325e-17
Sample num: 924
lower ratio:0.137007
upper ratio:-9.69489e-18
Sample num: 131584
upper ratio:0.407486
Sample num: 1848
lower ratio:0.240576
upper ratio:-8.14573e-18
Sample num: 3696
lower ratio:0.29379
upper ratio:-6.28184e-18
Sample num: 263168
upper ratio:0.542216
RR_num of upper bound: 263168
upper's influence:692.767
lower's influence:690.097
orginal's influence:842.893
PhysicalMem(MB) 1098.31
VirtualMem(MB) 1274.7
time:487.148
approximation: 0.319465
estimate influence by Mente-Carlo is: 1611.14
reachable node size: 81294
estimate influence by StopAlgorithm is: 1625.9
231 __ 184969613
Sample num: 231
lower ratio:0.0774537
upper ratio:3.20084e-18
Sample num: 462
lower ratio:0.17275
upper ratio:2.64702e-18
Sample num: 924
lower ratio:0.274872
upper ratio:2.27741e-18
Sample num: 1848
lower ratio:0.401222
upper ratio:-0.0118791
Sample num: 3696
lower ratio:0.497448
upper ratio:-0.0116362
Sample num: 7392
lower ratio:0.562856
RR_num of lower bound:7392 max_num:184969613
upper ratio:-0.00072301
Sample num: 14784
upper ratio:0.0584717
Sample num: 29568
upper ratio:0.192003
Sample num: 59136
upper ratio:0.301409
Sample num: 118272
upper ratio:0.47005
Sample num: 7392
lower ratio:0.385613
upper ratio:-6.28184e-18
Sample num: 236544
upper ratio:0.569851
RR_num of upper bound: 236544
upper's influence:1380.04
lower's influence:1356.7
orginal's influence:1426.85
PhysicalMem(MB) 2693.29
VirtualMem(MB) 2927.94
time:244.367
approximation: 0.299369
estimate influence by Mente-Carlo is: 66.3868
reachable node size: 2314
estimate influence by StopAlgorithm is: 64.8743
178 __ 4877487
Sample num: 178
lower ratio:0.061496
upper ratio:0
Sample num: 356
lower ratio:0.12293
upper ratio:-0.00971991
Sample num: 712
lower ratio:0.211238
upper ratio:-0.0150424
Sample num: 1424
lower ratio:0.352506
upper ratio:-0.014989
Sample num: 2848
lower ratio:0.448816
upper ratio:0.00690658
Sample num: 5696
lower ratio:0.536401
RR_num of lower bound:5696 max_num:4877487
upper ratio:0.0419428
Sample num: 11392
upper ratio:0.0958899
Sample num: 22784
upper ratio:0.285559
Sample num: 45568
upper ratio:0.397032
Sample num: 91136
upper ratio:0.538055
RR_num of upper bound: 91136
upper's influence:59.1282
lower's influence:58.0713
orginal's influence:61.0753
PhysicalMem(MB) 57.4648
VirtualMem(MB) 75.2422
time:6.5192
approximation: 0.22162
estimate influence by Mente-Carlo is: 8757.88
reachable node size: 1134880
estimate influence by StopAlgorithm is: 8852.13
287 __ 3223023447
Sample num: 287
lower ratio:0.000990283
upper ratio:1.10091e-17
Sample num: 574
lower ratio:0.0743498
upper ratio:1.10091e-17
Sample num: 1148
lower ratio:0.165467
upper ratio:9.31348e-18
Sample num: 2296
lower ratio:0.292433
upper ratio:7.66297e-18
Sample num: 4592
lower ratio:0.362844
upper ratio:-0.0120774
Sample num: 14784
lower ratio:0.496741
upper ratio:-6.018e-18
Sample num: 9184
lower ratio:0.471006
upper ratio:6.8887e-18
Sample num: 18368
lower ratio:0.540112
RR_num of lower bound:18368 max_num:3223023447
upper ratio:-0.013835
Sample num: 36736
upper ratio:-0.0123661
Sample num: 29568
lower ratio:0.549083
RR_num of lower bound:29568 max_num:2599486760
upper ratio:-0.0064231
Sample num: 73472
upper ratio:0.0660639
Sample num: 59136
upper ratio:0.0464462
Sample num: 146944
upper ratio:0.152293
Sample num: 118272
upper ratio:0.148639
Sample num: 236544
upper ratio:0.248462
Sample num: 6799360
upper ratio:0.593864
RR_num of upper bound: 6799360
upper's influence:583.421
Sample num: 293888
upper ratio:0.30461
lower's influence:571.658
orginal's influence:589.105
PhysicalMem(MB) 3050.36
VirtualMem(MB) 3081.02
time:10821.3
approximation: 0.222696
estimate influence by Mente-Carlo is: 953.796
reachable node size: 47666
estimate influence by StopAlgorithm is: 946.855
363 __ 85540261
Sample num: 363
lower ratio:0.107204
upper ratio:5.83851e-18
Sample num: 726
lower ratio:0.212753
upper ratio:4.04598e-18
Sample num: 1452
lower ratio:0.385111
upper ratio:-0.0115321
Sample num: 2904
lower ratio:0.452861
upper ratio:-0.00995158
Sample num: 5808
lower ratio:0.545829
RR_num of lower bound:5808 max_num:85540261
upper ratio:-0.00036241
Sample num: 11616
upper ratio:0.107896
Sample num: 23232
upper ratio:0.173993
Sample num: 46464
upper ratio:0.303683
Sample num: 92928
upper ratio:0.435412
Sample num: 185856
upper ratio:0.50844
Sample num: 371712
upper ratio:0.592768
RR_num of upper bound: 371712
upper's influence:778.925
lower's influence:795.993
orginal's influence:827.012
PhysicalMem(MB) 1233.07
VirtualMem(MB) 1372.36
time:229.004
approximation: 0.299893
estimate influence by Mente-Carlo is: 1178.92
reachable node size: 218111
estimate influence by StopAlgorithm is: 1166.93
411 __ 443918016
Sample num: 411
lower ratio:0.31812
upper ratio:0
Sample num: 822
lower ratio:0.400501
upper ratio:0
Sample num: 1644
lower ratio:0.486679
upper ratio:-0.0104865
Sample num: 3288
lower ratio:0.552776
RR_num of lower bound:3288 max_num:443918016
upper ratio:-0.0133498
Sample num: 6576
upper ratio:-0.00478548
Sample num: 13152
upper ratio:0.0681421
Sample num: 26304
upper ratio:0.20941
Sample num: 52608
upper ratio:0.343095
Sample num: 105216
upper ratio:0.460169
Sample num: 210432
upper ratio:0.517952
Sample num: 420864
upper ratio:0.622054
RR_num of upper bound: 420864
upper's influence:561.556
lower's influence:537.394
orginal's influence:774.912
PhysicalMem(MB) 934.91
VirtualMem(MB) 966.32
time:723.096
approximation: 0.319797
estimate influence by Mente-Carlo is: 1615.03
reachable node size: 81294
estimate influence by StopAlgorithm is: 1583.88
365 __ 146918702
Sample num: 365
lower ratio:0.151818
upper ratio:2.77042e-18
Sample num: 730
lower ratio:0.305048
upper ratio:2.07357e-18
Sample num: 1460
lower ratio:0.40649
upper ratio:-0.00910092
Sample num: 2920
lower ratio:0.492174
upper ratio:-0.0076027
Sample num: 5840
lower ratio:0.556368
RR_num of lower bound:5840 max_num:146918702
upper ratio:0.021702
Sample num: 11680
upper ratio:0.118569
Sample num: 23360
upper ratio:0.213706
Sample num: 46720
upper ratio:0.319936
Sample num: 93440
upper ratio:0.452755
Sample num: 186880
upper ratio:0.629515
RR_num of upper bound: 186880
upper's influence:1269.46
lower's influence:1262.87
orginal's influence:1389.85
PhysicalMem(MB) 2134.38
VirtualMem(MB) 2484.76
time:196.515
approximation: 0.292609
estimate influence by Mente-Carlo is: 66.469
reachable node size: 2314
estimate influence by StopAlgorithm is: 67.2835
276 __ 4192068
Sample num: 276
lower ratio:0.177281
upper ratio:-4.99023e-18
Sample num: 552
lower ratio:0.276253
upper ratio:-3.90462e-18
Sample num: 1104
lower ratio:0.374902
upper ratio:-0.00629072
Sample num: 2208
lower ratio:0.465757
upper ratio:0.00208001
Sample num: 4416
lower ratio:0.549934
RR_num of lower bound:4416 max_num:4192068
upper ratio:0.0301118
Sample num: 8832
upper ratio:0.116127
Sample num: 17664
upper ratio:0.252934
Sample num: 35328
upper ratio:0.363544
Sample num: 70656
upper ratio:0.482363
Sample num: 141312
upper ratio:0.612627
RR_num of upper bound: 141312
upper's influence:53.6329
lower's influence:53.0253
orginal's influence:58.029
PhysicalMem(MB) 46.793
VirtualMem(MB) 57.3047
time:8.88768
approximation: 0.172355
estimate influence by Mente-Carlo is: 8795.97
reachable node size: 1134880
estimate influence by StopAlgorithm is: 8784.81
462 __ 2599486760
Sample num: 462
lower ratio:0.0635615
upper ratio:-1.00956e-17
Sample num: 924
lower ratio:0.1439
upper ratio:-8.99702e-18
Sample num: 1848
lower ratio:0.221637
upper ratio:-7.67475e-18
Sample num: 3696
lower ratio:0.362542
upper ratio:-0.0124353
Sample num: 7392
lower ratio:0.457417
upper ratio:-0.0136491
Sample num: 473088
upper ratio:0.355772
Sample num: 14784
lower ratio:0.50496
upper ratio:-0.00313255
Sample num: 587776
upper ratio:0.401259
Sample num: 29568
lower ratio:0.575651
RR_num of lower bound:29568 max_num:2599486760
upper ratio:0.00205351
Sample num: 59136
upper ratio:0.0524352
Sample num: 118272
upper ratio:0.127826
Sample num: 236544
upper ratio:0.268863
Sample num: 946176
upper ratio:0.483325
Sample num: 473088
upper ratio:0.397218
Sample num: 1175552
upper ratio:0.499783
Sample num: 2416640
upper ratio:0.569678
RR_num of upper bound: 2416640
upper's influence:6829.56
lower's influence:6506.29
orginal's influence:6464.93
PhysicalMem(MB) 111788
VirtualMem(MB) 114413
time:77853.3
Sample num: 946176
upper ratio:0.488301
approximation: 0.315117
estimate influence by Mente-Carlo is: 132.504
reachable node size: 4029
estimate influence by StopAlgorithm is: 129.879
166 __ 9937714
Sample num: 166
lower ratio:0.0402343
upper ratio:-0.0113758
Sample num: 332
lower ratio:0.162467
upper ratio:-0.00767121
Sample num: 664
lower ratio:0.270691
upper ratio:-0.0118346
Sample num: 1328
lower ratio:0.385284
upper ratio:-0.00629035
Sample num: 2656
lower ratio:0.471114
upper ratio:0.0173916
Sample num: 5312
lower ratio:0.515081
upper ratio:0.107897
Sample num: 10624
lower ratio:0.603562
RR_num of lower bound:10624 max_num:9937714
upper ratio:0.19466
Sample num: 21248
upper ratio:0.29542
Sample num: 42496
upper ratio:0.405901
Sample num: 84992
upper ratio:0.516735
Sample num: 169984
upper ratio:0.645907
RR_num of upper bound: 169984
upper's influence:111.937
lower's influence:110.183
orginal's influence:114.608
PhysicalMem(MB) 276.723
VirtualMem(MB) 322.148
time:17.1797
approximation: 0.217258
estimate influence by Mente-Carlo is: 215.443
reachable node size: 955
estimate influence by StopAlgorithm is: 215.852
136 __ 1336951
Sample num: 136
lower ratio:0.0510287
upper ratio:-0.0106923
Sample num: 272
lower ratio:0.14814
upper ratio:0.00339103
Sample num: 544
lower ratio:0.25664
upper ratio:0.0728745
Sample num: 1088
lower ratio:0.339287
upper ratio:0.14134
Sample num: 2176
lower ratio:0.429206
upper ratio:0.245556
Sample num: 4352
lower ratio:0.504591
upper ratio:0.363561
Sample num: 8704
lower ratio:0.572304
RR_num of lower bound:8704 max_num:1336951
upper ratio:0.49116
Sample num: 17408
upper ratio:0.540344
RR_num of upper bound: 17408
upper's influence:182.572
lower's influence:183.73
orginal's influence:173.166
PhysicalMem(MB) 272.57
VirtualMem(MB) 307.734
time:2.58207
approximation: 0.185155
estimate influence by Mente-Carlo is: 2069.77
reachable node size: 52093
estimate influence by StopAlgorithm is: 2056.11
256 __ 131724550
Sample num: 256
lower ratio:-0.00158979
upper ratio:0
Sample num: 512
lower ratio:0.0379606
upper ratio:0
Sample num: 1024
lower ratio:0.117875
upper ratio:0
Sample num: 2048
lower ratio:0.23107
upper ratio:-0.00753128
Sample num: 4096
lower ratio:0.33621
upper ratio:-0.0133089
Sample num: 8192
lower ratio:0.434981
upper ratio:-0.00299435
Sample num: 16384
lower ratio:0.527469
upper ratio:0.0721248
Sample num: 32768
lower ratio:0.588114
RR_num of lower bound:32768 max_num:131724550
upper ratio:0.16147
Sample num: 65536
upper ratio:0.27914
Sample num: 131072
upper ratio:0.438591
Sample num: 262144
upper ratio:0.572439
RR_num of upper bound: 262144
upper's influence:1913.42
lower's influence:1995.75
orginal's influence:1992.03
PhysicalMem(MB) 8758.68
VirtualMem(MB) 11816.1
time:707.139
approximation: 0.320283
estimate influence by Mente-Carlo is: 624.597
reachable node size: 317070
estimate influence by StopAlgorithm is: 619.749
260 __ 813887461
Sample num: 260
lower ratio:-0.0152591
upper ratio:-5.62349e-18
Sample num: 520
lower ratio:0.0105729
upper ratio:-5.37301e-18
Sample num: 1040
lower ratio:0.076402
upper ratio:-4.94404e-18
Sample num: 2080
lower ratio:0.176252
upper ratio:-4.75847e-18
Sample num: 4160
lower ratio:0.284827
upper ratio:-4.28807e-18
Sample num: 8320
lower ratio:0.394197
upper ratio:-4.28807e-18
Sample num: 16640
lower ratio:0.501352
upper ratio:-4.28807e-18
Sample num: 33280
lower ratio:0.58095
RR_num of lower bound:33280 max_num:813887461
upper ratio:-3.51694e-18
Sample num: 66560
upper ratio:-0.00593143
Sample num: 133120
upper ratio:-0.00950554
Sample num: 266240
upper ratio:-0.00652064
Sample num: 532480
upper ratio:0.0585045
Sample num: 1892352
upper ratio:0.580241
RR_num of upper bound: 1892352
upper's influence:7947.53
lower's influence:7962.6
orginal's influence:8166.75
PhysicalMem(MB) 47593.7
VirtualMem(MB) 48021.7
time:20185
Sample num: 1064960
upper ratio:0.125893
approximation: 0.335665
Sample num: 2129920
upper ratio:0.216174
Sample num: 2351104
upper ratio:0.594495
RR_num of upper bound: 2351104
upper's influence:8108.61
lower's influence:8327.23
orginal's influence:8325.81
PhysicalMem(MB) 29868.8
VirtualMem(MB) 34825.9
time:23133
approximation: 0.338649
estimate influence by Mente-Carlo is: 132.879
reachable node size: 4029
estimate influence by StopAlgorithm is: 131.536
166 __ 9937714
Sample num: 166
lower ratio:0.094155
upper ratio:-0.0113758
Sample num: 332
lower ratio:0.234301
upper ratio:-0.00791645
Sample num: 664
lower ratio:0.343013
upper ratio:-0.00666266
Sample num: 1328
lower ratio:0.414732
upper ratio:-0.00793636
Sample num: 2656
lower ratio:0.515524
upper ratio:0.00260548
Sample num: 5312
lower ratio:0.586786
RR_num of lower bound:5312 max_num:9937714
upper ratio:0.0668316
Sample num: 10624
upper ratio:0.213511
Sample num: 21248
upper ratio:0.3184
Sample num: 42496
upper ratio:0.440768
Sample num: 84992
upper ratio:0.566129
RR_num of upper bound: 84992
upper's influence:111.723
lower's influence:111.984
orginal's influence:109.551
PhysicalMem(MB) 147.738
VirtualMem(MB) 173.738
time:9.00651
approximation: 0.217424
estimate influence by Mente-Carlo is: 215.03
reachable node size: 955
estimate influence by StopAlgorithm is: 216.527
136 __ 1336951
Sample num: 136
lower ratio:0.0575038
upper ratio:-0.0103825
Sample num: 272
lower ratio:0.152664
upper ratio:0.00309289
Sample num: 544
lower ratio:0.251181
upper ratio:0.0606996
Sample num: 1088
lower ratio:0.371158
upper ratio:0.177548
Sample num: 2176
lower ratio:0.439469
upper ratio:0.238686
Sample num: 4352
lower ratio:0.506141
upper ratio:0.354641
Sample num: 8704
lower ratio:0.557088
RR_num of lower bound:8704 max_num:1336951
upper ratio:0.462331
Sample num: 17408
upper ratio:0.546058
RR_num of upper bound: 17408
upper's influence:188.126
lower's influence:176.975
orginal's influence:182.783
PhysicalMem(MB) 275.473
VirtualMem(MB) 307.125
time:2.5747
approximation: 0.185583
estimate influence by Mente-Carlo is: 2074.44
reachable node size: 52093
estimate influence by StopAlgorithm is: 2020.46
256 __ 131724550
Sample num: 256
lower ratio:-0.00775401
upper ratio:0
Sample num: 512
lower ratio:0.0356792
upper ratio:0
Sample num: 1024
lower ratio:0.105394
upper ratio:0
Sample num: 2048
lower ratio:0.210039
upper ratio:0
Sample num: 4096
lower ratio:0.319717
upper ratio:-0.0126586
Sample num: 8192
lower ratio:0.419766
upper ratio:-6.13793e-05
Sample num: 16384
lower ratio:0.527338
upper ratio:0.0704231
Sample num: 32768
lower ratio:0.597014
RR_num of lower bound:32768 max_num:131724550
upper ratio:0.176485
Sample num: 65536
upper ratio:0.263253
Sample num: 131072
upper ratio:0.465183
Sample num: 262144
upper ratio:0.584277
RR_num of upper bound: 262144
upper's influence:1965.98
lower's influence:2071.01
orginal's influence:1957.4
PhysicalMem(MB) 8748.07
VirtualMem(MB) 11812.6
time:699.514
approximation: 0.309822
estimate influence by Mente-Carlo is: 623.755
reachable node size: 317070
estimate influence by StopAlgorithm is: 627.014
260 __ 813887461
Sample num: 260
lower ratio:-0.0156168
upper ratio:-6.58629e-18
Sample num: 520
lower ratio:0.0174861
upper ratio:-6.58629e-18
Sample num: 1040
lower ratio:0.097657
upper ratio:-6.22233e-18
Sample num: 2080
lower ratio:0.193442
upper ratio:-5.37301e-18
Sample num: 4160
lower ratio:0.292217
upper ratio:-5.14784e-18
Sample num: 8320
lower ratio:0.408051
upper ratio:-4.28807e-18
Sample num: 4259840
upper ratio:0.383319
Sample num: 16640
lower ratio:0.494807
upper ratio:-4.1543e-18
Sample num: 33280
lower ratio:0.576964
RR_num of lower bound:33280 max_num:813887461
upper ratio:-3.70317e-18
Sample num: 66560
upper ratio:-0.0100325
Sample num: 133120
upper ratio:-0.00798812
Sample num: 266240
upper ratio:0.00194752
Sample num: 532480
upper ratio:0.123966
Sample num: 1892352
upper ratio:0.565895
RR_num of upper bound: 1892352
upper's influence:8219.76
lower's influence:8093.61
orginal's influence:8233.04
PhysicalMem(MB) 47700.1
VirtualMem(MB) 48110.2
time:20429
approximation: 0.334772
Sample num: 1064960
upper ratio:0.179078
estimate influence by Mente-Carlo is: 6817.99
reachable node size: 1504285
estimate influence by StopAlgorithm is: 6828.63
475 __ 3545878563
Sample num: 475
lower ratio:0.0585745
upper ratio:-2.39531e-17
Sample num: 950
lower ratio:0.132971
upper ratio:-0.00976424
Sample num: 1900
lower ratio:0.251496
upper ratio:-1.71313e-17
Sample num: 3800
lower ratio:0.355447
upper ratio:-1.47352e-17
Sample num: 7600
lower ratio:0.455542
upper ratio:-1.19073e-17
Sample num: 2129920
upper ratio:0.273916
Sample num: 15200
lower ratio:0.553882
RR_num of lower bound:15200 max_num:3545878563
upper ratio:-1.06096e-17
Sample num: 30400
upper ratio:-0.00431713
Sample num: 60800
upper ratio:-0.00870852
Sample num: 121600
upper ratio:0.0233479
Sample num: 8519680
upper ratio:0.568261
RR_num of upper bound: 8519680
upper's influence:581.437
lower's influence:601.22
orginal's influence:595.485
PhysicalMem(MB) 3720.92
VirtualMem(MB) 4329.73
time:13500.6
approximation: 0.234078
estimate influence by Mente-Carlo is: 951.786
reachable node size: 47666
estimate influence by StopAlgorithm is: 954.707
229 __ 107749516
Sample num: 229
lower ratio:0.0562126
upper ratio:-8.73266e-18
Sample num: 458
lower ratio:0.117152
upper ratio:-7.66875e-18
Sample num: 916
lower ratio:0.253442
upper ratio:-6.64181e-18
Sample num: 1832
lower ratio:0.374187
upper ratio:-0.00693517
Sample num: 3664
lower ratio:0.496719
upper ratio:-4.94338e-18
Sample num: 7328
lower ratio:0.562944
RR_num of lower bound:7328 max_num:107749516
upper ratio:0.00564857
Sample num: 14656
upper ratio:0.0593842
Sample num: 29312
upper ratio:0.18952
Sample num: 4259840
upper ratio:0.406067
Sample num: 58624
upper ratio:0.322874
Sample num: 117248
upper ratio:0.475777
Sample num: 234496
upper ratio:0.584347
RR_num of upper bound: 234496
upper's influence:840.358
lower's influence:824.137
orginal's influence:856.995
PhysicalMem(MB) 1514.59
VirtualMem(MB) 1590.2
time:154.63
approximation: 0.30199
estimate influence by Mente-Carlo is: 1176.5
reachable node size: 218111
estimate influence by StopAlgorithm is: 1215.12
257 __ 554375779
Sample num: 257
lower ratio:0.197648
upper ratio:-6.26365e-18
Sample num: 514
lower ratio:0.306675
upper ratio:-6.26365e-18
Sample num: 1028
lower ratio:0.390252
upper ratio:-5.17645e-18
Sample num: 2056
lower ratio:0.479539
upper ratio:-4.61164e-18
Sample num: 4112
lower ratio:0.544982
RR_num of lower bound:4112 max_num:554375779
upper ratio:-0.0123702
Sample num: 8224
upper ratio:0.00303323
Sample num: 16448
upper ratio:0.0840996
Sample num: 32896
upper ratio:0.148652
Sample num: 65792
upper ratio:0.297501
Sample num: 131584
upper ratio:0.437309
Sample num: 263168
upper ratio:0.544548
RR_num of upper bound: 263168
upper's influence:726.474
lower's influence:698.049
orginal's influence:844.325
PhysicalMem(MB) 1097.39
VirtualMem(MB) 1274.71
time:486.138
approximation: 0.310845
estimate influence by Mente-Carlo is: 1606.99
reachable node size: 81294
estimate influence by StopAlgorithm is: 1606.07
231 __ 184969613
Sample num: 231
lower ratio:0.0795119
upper ratio:3.03718e-18
Sample num: 462
lower ratio:0.19219
upper ratio:2.35815e-18
Sample num: 924
lower ratio:0.291232
upper ratio:-0.00753022
Sample num: 1848
lower ratio:0.402167
upper ratio:-0.0109425
Sample num: 3696
lower ratio:0.488714
upper ratio:-0.0116362
Sample num: 7392
lower ratio:0.556187
RR_num of lower bound:7392 max_num:184969613
upper ratio:0.0358203
Sample num: 14784
upper ratio:0.128322
Sample num: 29568
upper ratio:0.245117
Sample num: 59136
upper ratio:0.396932
Sample num: 118272
upper ratio:0.501364
Sample num: 236544
upper ratio:0.606285
RR_num of upper bound: 236544
upper's influence:1399.38
lower's influence:1381.57
orginal's influence:1452.86
PhysicalMem(MB) 2696.41
VirtualMem(MB) 2932.3
time:244.645
approximation: 0.303147
estimate influence by Mente-Carlo is: 66.2311
reachable node size: 2314
estimate influence by StopAlgorithm is: 65.3447
178 __ 4877487
Sample num: 178
lower ratio:0.0778725
upper ratio:-0.00897755
Sample num: 356
lower ratio:0.141672
upper ratio:-0.00897755
Sample num: 712
lower ratio:0.263539
upper ratio:0
Sample num: 1424
lower ratio:0.395279
upper ratio:-0.0121544
Sample num: 2848
lower ratio:0.469883
upper ratio:-0.00483251
Sample num: 5696
lower ratio:0.548149
RR_num of lower bound:5696 max_num:4877487
upper ratio:0.07333
Sample num: 11392
upper ratio:0.11777
Sample num: 22784
upper ratio:0.286167
Sample num: 45568
upper ratio:0.406588
Sample num: 91136
upper ratio:0.528278
Sample num: 182272
upper ratio:0.636728
RR_num of upper bound: 182272
upper's influence:57.3402
lower's influence:58.1403
orginal's influence:63.5073
PhysicalMem(MB) 57.5039
VirtualMem(MB) 75.7305
time:11.2345
approximation: 0.221752
estimate influence by Mente-Carlo is: 8843.96
reachable node size: 1134880
estimate influence by StopAlgorithm is: 8834.71
287 __ 3223023447
Sample num: 287
lower ratio:-0.00172338
upper ratio:1.10091e-17
Sample num: 574
lower ratio:0.0480339
upper ratio:1.05174e-17
Sample num: 1148
lower ratio:0.122478
upper ratio:8.6758e-18
Sample num: 2296
lower ratio:0.221662
upper ratio:8.13259e-18
Sample num: 4592
lower ratio:0.31271
upper ratio:8.13259e-18
Sample num: 9184
lower ratio:0.402343
upper ratio:-0.0120774
Sample num: 18368
lower ratio:0.479162
upper ratio:-0.0128536
Sample num: 243200
upper ratio:0.132
Sample num: 36736
lower ratio:0.550441
RR_num of lower bound:36736 max_num:3223023447
upper ratio:-0.0031487
Sample num: 73472
upper ratio:0.052751
Sample num: 146944
upper ratio:0.147913
Sample num: 293888
upper ratio:0.32266
Sample num: 8519680
upper ratio:0.594163
RR_num of upper bound: 8519680
upper's influence:586.787
lower's influence:581.786
orginal's influence:603.119
PhysicalMem(MB) 3724.24
VirtualMem(MB) 4331.99
time:13374.3
approximation: 0.231603
estimate influence by Mente-Carlo is: 963.866
reachable node size: 47666
estimate influence by StopAlgorithm is: 949.91
229 __ 107749516
Sample num: 229
lower ratio:0.0630392
upper ratio:-7.66875e-18
Sample num: 458
lower ratio:0.12131
upper ratio:-6.64181e-18
Sample num: 916
lower ratio:0.231595
upper ratio:-0.0126347
Sample num: 1832
lower ratio:0.344141
upper ratio:-0.00675371
Sample num: 3664
lower ratio:0.453232
upper ratio:-0.0112768
Sample num: 7328
lower ratio:0.470863
upper ratio:0.0120944
Sample num: 14656
lower ratio:0.541652
RR_num of lower bound:14656 max_num:107749516
upper ratio:0.0718734
Sample num: 29312
upper ratio:0.155394
Sample num: 58624
upper ratio:0.268471
Sample num: 117248
upper ratio:0.437163
Sample num: 234496
upper ratio:0.558404
RR_num of upper bound: 234496
upper's influence:852.586
lower's influence:831.301
orginal's influence:858.092
PhysicalMem(MB) 2982.05
VirtualMem(MB) 3119.03
time:175.724
approximation: 0.301472
estimate influence by Mente-Carlo is: 1178.68
reachable node size: 218111
estimate influence by StopAlgorithm is: 1152.23
257 __ 554375779
Sample num: 257
lower ratio:0.223829
upper ratio:-6.26365e-18
Sample num: 514
lower ratio:0.316986
upper ratio:-5.65738e-18
Sample num: 1028
lower ratio:0.411489
upper ratio:-5.40405e-18
Sample num: 2056
lower ratio:0.496962
upper ratio:-0.00797124
Sample num: 4112
lower ratio:0.55409
RR_num of lower bound:4112 max_num:554375779
upper ratio:-0.0151113
Sample num: 8224
upper ratio:0.00297095
Sample num: 16448
upper ratio:0.0867436
Sample num: 32896
upper ratio:0.188693
Sample num: 65792
upper ratio:0.349035
Sample num: 131584
upper ratio:0.506105
Sample num: 263168
upper ratio:0.566021
RR_num of upper bound: 263168
upper's influence:709.609
lower's influence:703.822
orginal's influence:848.122
PhysicalMem(MB) 1095.55
VirtualMem(MB) 1270.55
time:482.663
approximation: 0.309135
estimate influence by Mente-Carlo is: 1613.02
reachable node size: 81294
estimate influence by StopAlgorithm is: 1589.26
231 __ 184969613
Sample num: 231
lower ratio:0.110243
upper ratio:3.20084e-18
Sample num: 462
lower ratio:0.204953
upper ratio:2.44593e-18
Sample num: 924
lower ratio:0.295374
upper ratio:-0.0122339
Sample num: 1848
lower ratio:0.42109
upper ratio:-0.0150068
Sample num: 3696
lower ratio:0.498987
upper ratio:-0.0092001
Sample num: 7392
lower ratio:0.565155
RR_num of lower bound:7392 max_num:184969613
upper ratio:0.0114153
Sample num: 14784
upper ratio:0.0801112
Sample num: 29568
upper ratio:0.211794
Sample num: 59136
upper ratio:0.34669
Sample num: 118272
upper ratio:0.478498
Sample num: 236544
upper ratio:0.606524
RR_num of upper bound: 236544
upper's influence:1319
lower's influence:1377.74
orginal's influence:1412.56
PhysicalMem(MB) 2701.14
VirtualMem(MB) 2935.19
time:236.203
approximation: 0.299956
estimate influence by Mente-Carlo is: 66.3623
reachable node size: 2314
estimate influence by StopAlgorithm is: 65.6258
178 __ 4877487
Sample num: 178
lower ratio:0.0666353
upper ratio:-0.0124357
Sample num: 356
lower ratio:0.186837
upper ratio:-0.00933163
Sample num: 712
lower ratio:0.266533
upper ratio:-0.0129769
Sample num: 1424
lower ratio:0.390537
upper ratio:-0.0128343
Sample num: 2848
lower ratio:0.498382
upper ratio:-0.0052907
Sample num: 5696
lower ratio:0.559743
RR_num of lower bound:5696 max_num:4877487
upper ratio:0.0906533
Sample num: 11392
upper ratio:0.111392
Sample num: 22784
upper ratio:0.293412
Sample num: 45568
upper ratio:0.424292
Sample num: 91136
upper ratio:0.523786
Sample num: 182272
upper ratio:0.601562
RR_num of upper bound: 182272
upper's influence:56.8927
lower's influence:58.3526
orginal's influence:58.8774
PhysicalMem(MB) 57.9961
VirtualMem(MB) 75.5234
time:11.2256
approximation: 0.219806
estimate influence by Mente-Carlo is: 8772.37
reachable node size: 1134880
estimate influence by StopAlgorithm is: 8887.18
287 __ 3223023447
Sample num: 287
lower ratio:0.0195443
upper ratio:1.10091e-17
Sample num: 574
lower ratio:0.0780549
upper ratio:8.13259e-18
Sample num: 1148
lower ratio:0.134967
upper ratio:8.13259e-18
Sample num: 2296
lower ratio:0.276082
upper ratio:8.13259e-18
Sample num: 4592
lower ratio:0.349382
upper ratio:7.66297e-18
Sample num: 9184
lower ratio:0.436035
upper ratio:-0.0136536
Sample num: 587776
upper ratio:0.431028
Sample num: 18368
lower ratio:0.493509
upper ratio:-0.00856608
Sample num: 486400
upper ratio:0.317144
Sample num: 36736
lower ratio:0.543956
RR_num of lower bound:36736 max_num:3223023447
upper ratio:0.00857765
Sample num: 73472
upper ratio:0.0842442
Sample num: 146944
upper ratio:0.14459
Sample num: 1175552
upper ratio:0.558058
RR_num of upper bound: 1175552
upper's influence:8051.14
lower's influence:8269.94
orginal's influence:7990.94
PhysicalMem(MB) 59283.2
VirtualMem(MB) 69293
time:13125
Sample num: 293888
upper ratio:0.265658
approximation: 0.334578
estimate influence by Mente-Carlo is: 6866.8
reachable node size: 1504285
estimate influence by StopAlgorithm is: 6830.35
295 __ 4389277066
Sample num: 295
lower ratio:0.0154723
upper ratio:0
Sample num: 590
lower ratio:0.0475082
upper ratio:0
Sample num: 1180
lower ratio:0.154857
upper ratio:0
Sample num: 2360
lower ratio:0.25957
upper ratio:0
Sample num: 4720
lower ratio:0.342261
upper ratio:0
Sample num: 9440
lower ratio:0.436094
upper ratio:0
Sample num: 18880
lower ratio:0.524634
upper ratio:-0.0152293
Sample num: 587776
upper ratio:0.400224
Sample num: 37760
lower ratio:0.600721
RR_num of lower bound:37760 max_num:4389277066
upper ratio:-0.012456
Sample num: 75520
upper ratio:0.0195834
Sample num: 151040
upper ratio:0.0540931
Sample num: 972800
upper ratio:0.47934
Sample num: 1175552
upper ratio:0.560082
RR_num of upper bound: 1175552
upper's influence:8187.68
lower's influence:8115.09
orginal's influence:8410.23
PhysicalMem(MB) 59383.6
VirtualMem(MB) 69374
time:16173.2
approximation: 0.337166
Sample num: 302080
upper ratio:0.158063
Sample num: 604160
upper ratio:0.257921
Sample num: 1945600
upper ratio:0.640055
RR_num of upper bound: 1945600
upper's influence:6315.22
lower's influence:6139.04
orginal's influence:6598.55
PhysicalMem(MB) 46840.9
VirtualMem(MB) 48807.4
time:53469.2
approximation: 0.310556
estimate influence by Mente-Carlo is: 134.452
reachable node size: 4029
estimate influence by StopAlgorithm is: 136.467
255 __ 7727570
Sample num: 255
lower ratio:0.142059
upper ratio:-2.76132e-18
Sample num: 510
lower ratio:0.222277
upper ratio:-0.00650254
Sample num: 1020
lower ratio:0.326524
upper ratio:-0.00758349
Sample num: 2040
lower ratio:0.448983
upper ratio:0.00539491
Sample num: 4080
lower ratio:0.508772
upper ratio:0.0275231
Sample num: 8160
lower ratio:0.573684
RR_num of lower bound:8160 max_num:7727570
upper ratio:0.139832
Sample num: 16320
upper ratio:0.24888
Sample num: 32640
upper ratio:0.352324
Sample num: 65280
upper ratio:0.532386
RR_num of upper bound: 65280
upper's influence:106.971
lower's influence:103.434
orginal's influence:107.096
PhysicalMem(MB) 215.652
VirtualMem(MB) 227.23
time:7.89967
approximation: 0.183924
estimate influence by Mente-Carlo is: 215.812
reachable node size: 955
estimate influence by StopAlgorithm is: 206.034
203 __ 1134953
Sample num: 203
lower ratio:0.123942
upper ratio:0.0286873
Sample num: 406
lower ratio:0.240991
upper ratio:0.109263
Sample num: 812
lower ratio:0.330792
upper ratio:0.166032
Sample num: 1624
lower ratio:0.408019
upper ratio:0.268684
Sample num: 3248
lower ratio:0.458039
upper ratio:0.330909
Sample num: 6496
lower ratio:0.50733
upper ratio:0.489893
Sample num: 12992
lower ratio:0.539813
RR_num of lower bound:12992 max_num:1134953
upper ratio:0.575243
RR_num of upper bound: 12992
upper's influence:171.035
lower's influence:158.017
orginal's influence:159.599
PhysicalMem(MB) 401.113
VirtualMem(MB) 498.609
time:2.85864
approximation: 0.19635
estimate influence by Mente-Carlo is: 2076.75
reachable node size: 52093
estimate influence by StopAlgorithm is: 2021.33
409 __ 105441261
Sample num: 409
lower ratio:0.0625105
upper ratio:-0.0120579
Sample num: 818
lower ratio:0.143333
upper ratio:-0.0116222
Sample num: 1636
lower ratio:0.248988
upper ratio:-0.00528096
Sample num: 3272
lower ratio:0.371558
upper ratio:-0.0103083
Sample num: 6544
lower ratio:0.456436
upper ratio:3.57085e-05
Sample num: 13088
lower ratio:0.542099
RR_num of lower bound:13088 max_num:105441261
upper ratio:0.0330143
Sample num: 26176
upper ratio:0.169035
Sample num: 52352
upper ratio:0.273262
Sample num: 104704
upper ratio:0.439942
Sample num: 209408
upper ratio:0.551111
RR_num of upper bound: 209408
upper's influence:1912.85
lower's influence:1963.61
orginal's influence:1936.55
PhysicalMem(MB) 3632.14
VirtualMem(MB) 3945.09
time:436.497
approximation: 0.31085
estimate influence by Mente-Carlo is: 623.401
reachable node size: 317070
estimate influence by StopAlgorithm is: 623.143
415 __ 652163107
Sample num: 415
lower ratio:0.0346534
upper ratio:9.90678e-18
Sample num: 830
lower ratio:0.11367
upper ratio:8.8786e-18
Sample num: 1660
lower ratio:0.202438
upper ratio:8.07787e-18
Sample num: 3320
lower ratio:0.337523
upper ratio:7.73868e-18
Sample num: 1208320
upper ratio:0.409996
Sample num: 6640
lower ratio:0.443858
upper ratio:6.89652e-18
Sample num: 13280
lower ratio:0.526353
upper ratio:-0.00607202
Sample num: 26560
lower ratio:0.596817
RR_num of lower bound:26560 max_num:652163107
upper ratio:-0.00920704
Sample num: 53120
upper ratio:-0.00853818
Sample num: 106240
upper ratio:0.00448911
Sample num: 212480
upper ratio:0.0251119
Sample num: 424960
upper ratio:0.0726353
Sample num: 849920
upper ratio:0.176337
Sample num: 1699840
upper ratio:0.275687
Sample num: 3399680
upper ratio:0.427764
Sample num: 6799360
upper ratio:0.588636
RR_num of upper bound: 6799360
upper's influence:576.716
lower's influence:584.712
orginal's influence:595.782
PhysicalMem(MB) 3053.94
VirtualMem(MB) 3081.06
time:10695.7
approximation: 0.224728
estimate influence by Mente-Carlo is: 960.944
reachable node size: 47666
estimate influence by StopAlgorithm is: 957.709
363 __ 85540261
Sample num: 363
lower ratio:0.164053
upper ratio:5.12561e-18
Sample num: 726
lower ratio:0.278287
upper ratio:4.58912e-18
Sample num: 1452
lower ratio:0.352328
upper ratio:3.37742e-18
Sample num: 2904
lower ratio:0.427556
upper ratio:-0.00519265
Sample num: 5808
lower ratio:0.494865
upper ratio:0.0075074
Sample num: 11616
lower ratio:0.557212
RR_num of lower bound:11616 max_num:85540261
upper ratio:0.0484159
Sample num: 23232
upper ratio:0.141749
Sample num: 46464
upper ratio:0.321053
Sample num: 92928
upper ratio:0.409809
Sample num: 185856
upper ratio:0.490797
Sample num: 371712
upper ratio:0.578265
RR_num of upper bound: 371712
upper's influence:782.735
lower's influence:779.456
orginal's influence:847.893
PhysicalMem(MB) 2372.26
VirtualMem(MB) 2642.09
time:244.364
approximation: 0.29875
estimate influence by Mente-Carlo is: 1174
reachable node size: 218111
estimate influence by StopAlgorithm is: 1180.6
411 __ 443918016
Sample num: 411
lower ratio:0.327352
upper ratio:0
Sample num: 822
lower ratio:0.40846
upper ratio:-0.0100159
Sample num: 1644
lower ratio:0.485821
upper ratio:-0.0136225
Sample num: 3288
lower ratio:0.544851
RR_num of lower bound:3288 max_num:443918016
upper ratio:-0.0116686
Sample num: 6576
upper ratio:0.00878096
Sample num: 13152
upper ratio:0.0729746
Sample num: 26304
upper ratio:0.185185
Sample num: 52608
upper ratio:0.284593
Sample num: 105216
upper ratio:0.449587
Sample num: 210432
upper ratio:0.556181
RR_num of upper bound: 210432
upper's influence:566.556
lower's influence:555.018
orginal's influence:775.64
PhysicalMem(MB) 937.199
VirtualMem(MB) 967.5
time:411.212
approximation: 0.322011
estimate influence by Mente-Carlo is: 1606.65
reachable node size: 81294
estimate influence by StopAlgorithm is: 1602.14
365 __ 146918702
Sample num: 365
lower ratio:0.190077
upper ratio:2.45165e-18
Sample num: 730
lower ratio:0.314294
upper ratio:1.95696e-18
Sample num: 1460
lower ratio:0.419103
upper ratio:-0.00597828
Sample num: 2920
lower ratio:0.501908
upper ratio:-0.00066349
Sample num: 5840
lower ratio:0.559167
RR_num of lower bound:5840 max_num:146918702
upper ratio:0.00466698
Sample num: 11680
upper ratio:0.0821351
Sample num: 23360
upper ratio:0.209739
Sample num: 46720
upper ratio:0.322416
Sample num: 93440
upper ratio:0.467177
Sample num: 186880
upper ratio:0.58259
RR_num of upper bound: 186880
upper's influence:1204.07
lower's influence:1248.41
orginal's influence:1464.41
PhysicalMem(MB) 2122.84
VirtualMem(MB) 2474.16
time:193.409
approximation: 0.293671
estimate influence by Mente-Carlo is: 66.678
reachable node size: 2314
estimate influence by StopAlgorithm is: 64.8908
276 __ 4192068
Sample num: 276
lower ratio:0.152363
upper ratio:-0.00974173
Sample num: 552
lower ratio:0.265606
upper ratio:-0.00759604
Sample num: 1104
lower ratio:0.358944
upper ratio:-0.00821218
Sample num: 2208
lower ratio:0.473478
upper ratio:-0.00863806
Sample num: 4416
lower ratio:0.556004
RR_num of lower bound:4416 max_num:4192068
upper ratio:0.0072848
Sample num: 8832
upper ratio:0.0831942
Sample num: 17664
upper ratio:0.218147
Sample num: 35328
upper ratio:0.330426
Sample num: 70656
upper ratio:0.481966
Sample num: 141312
upper ratio:0.598406
RR_num of upper bound: 141312
upper's influence:51.9208
lower's influence:52.9253
orginal's influence:58.4927
PhysicalMem(MB) 47.0898
VirtualMem(MB) 57.3789
time:8.89175
approximation: 0.169201
estimate influence by Mente-Carlo is: 8782.41
reachable node size: 1134880
estimate influence by StopAlgorithm is: 8881.07
462 __ 2599486760
Sample num: 462
lower ratio:0.047378
upper ratio:-9.3304e-18
Sample num: 924
lower ratio:0.142985
upper ratio:-8.40779e-18
Sample num: 1848
lower ratio:0.279174
upper ratio:-0.00664567
Sample num: 3696
lower ratio:0.352728
upper ratio:-0.00989249
Sample num: 7392
lower ratio:0.443158
upper ratio:-0.00928371
Sample num: 14784
lower ratio:0.539609
RR_num of lower bound:14784 max_num:2599486760
upper ratio:-0.0116859
Sample num: 29568
upper ratio:-0.00458608
Sample num: 59136
upper ratio:0.0435207
Sample num: 118272
upper ratio:0.118795
Sample num: 236544
upper ratio:0.203126
Sample num: 473088
upper ratio:0.400615
Sample num: 946176
upper ratio:0.491857
Sample num: 2416640
upper ratio:0.523739
Sample num: 1892352
upper ratio:0.605285
RR_num of upper bound: 1892352
upper's influence:7868.81
lower's influence:8048
orginal's influence:8089.14
PhysicalMem(MB) 24240.3
VirtualMem(MB) 24449.6
time:31809.5
approximation: 0.333939
estimate influence by Mente-Carlo is: 6830.72
reachable node size: 1504285
estimate influence by StopAlgorithm is: 6881.63
475 __ 3545878563
Sample num: 475
lower ratio:0.061875
upper ratio:-2.27422e-17
Sample num: 950
lower ratio:0.179
upper ratio:-2.0718e-17
Sample num: 1900
lower ratio:0.276169
upper ratio:-1.77275e-17
Sample num: 3800
lower ratio:0.391719
upper ratio:-1.3306e-17
Sample num: 7600
lower ratio:0.48184
upper ratio:-0.00573082
Sample num: 15200
lower ratio:0.554568
RR_num of lower bound:15200 max_num:3545878563
upper ratio:-0.00906712
Sample num: 30400
upper ratio:-0.00915075
Sample num: 60800
upper ratio:-0.00756044
Sample num: 121600
upper ratio:0.0321046
Sample num: 243200
upper ratio:0.130029
Sample num: 486400
upper ratio:0.367337
Sample num: 972800
upper ratio:0.489749
Sample num: 1945600
upper ratio:0.608599
RR_num of upper bound: 1945600
upper's influence:6272.1
lower's influence:6409.73
orginal's influence:6675.34
PhysicalMem(MB) 46577.9
VirtualMem(MB) 48561.5
time:41766.4
approximation: 0.312205
estimate influence by Mente-Carlo is: 132.361
reachable node size: 4029
estimate influence by StopAlgorithm is: 130.576
255 __ 7727570
Sample num: 255
lower ratio:0.13542
upper ratio:-2.87912e-18
Sample num: 510
lower ratio:0.224579
upper ratio:-2.04656e-18
Sample num: 1020
lower ratio:0.335429
upper ratio:-0.00517309
Sample num: 2040
lower ratio:0.449074
upper ratio:0.00506203
Sample num: 4080
lower ratio:0.54162
RR_num of lower bound:4080 max_num:7727570
upper ratio:0.070813
Sample num: 8160
upper ratio:0.137442
Sample num: 16320
upper ratio:0.250558
Sample num: 32640
upper ratio:0.384639
Sample num: 65280
upper ratio:0.496789
Sample num: 130560
upper ratio:0.572929
RR_num of upper bound: 130560
upper's influence:105.104
lower's influence:103.117
orginal's influence:106.637
PhysicalMem(MB) 116.316
VirtualMem(MB) 127.445
time:12.6165
approximation: 0.187023
estimate influence by Mente-Carlo is: 215.587
reachable node size: 955
estimate influence by StopAlgorithm is: 215.679
203 __ 1134953
Sample num: 203
lower ratio:0.147455
upper ratio:0.00280069
Sample num: 406
lower ratio:0.236602
upper ratio:0.054471
Sample num: 812
lower ratio:0.330358
upper ratio:0.166584
Sample num: 1624
lower ratio:0.409892
upper ratio:0.257251
Sample num: 3248
lower ratio:0.466969
upper ratio:0.371534
Sample num: 6496
lower ratio:0.514951
upper ratio:0.450003
Sample num: 12992
lower ratio:0.551325
RR_num of lower bound:12992 max_num:1134953
upper ratio:0.541238
RR_num of upper bound: 12992
upper's influence:160.424
lower's influence:158.104
orginal's influence:159.394
PhysicalMem(MB) 402.738
VirtualMem(MB) 500.332
time:2.84985
approximation: 0.197798
estimate influence by Mente-Carlo is: 2076.28
reachable node size: 52093
estimate influence by StopAlgorithm is: 2042.5
409 __ 105441261
Sample num: 409
lower ratio:0.0743353
upper ratio:-5.78756e-18
Sample num: 818
lower ratio:0.164432
upper ratio:-0.00611445
Sample num: 1636
lower ratio:0.257483
upper ratio:-0.0126453
Sample num: 3272
lower ratio:0.372477
upper ratio:-0.0109078
Sample num: 6544
lower ratio:0.455554
upper ratio:-0.00217024
Sample num: 13088
lower ratio:0.54373
RR_num of lower bound:13088 max_num:105441261
upper ratio:0.0678748
Sample num: 26176
upper ratio:0.186339
Sample num: 52352
upper ratio:0.376212
Sample num: 104704
upper ratio:0.486963
Sample num: 209408
upper ratio:0.608385
RR_num of upper bound: 209408
upper's influence:1882.93
lower's influence:1932.38
orginal's influence:1971.46
PhysicalMem(MB) 3627.11
VirtualMem(MB) 3939.73
time:435.461
approximation: 0.316213
estimate influence by Mente-Carlo is: 624.139
reachable node size: 317070
estimate influence by StopAlgorithm is: 628.842
415 __ 652163107
Sample num: 415
lower ratio:0.0509942
upper ratio:9.35792e-18
Sample num: 830
lower ratio:0.106926
upper ratio:8.45527e-18
Sample num: 1660
lower ratio:0.235289
upper ratio:7.73868e-18
Sample num: 3320
lower ratio:0.34089
upper ratio:7.43174e-18
Sample num: 6640
lower ratio:0.449139
upper ratio:6.89652e-18
Sample num: 13280
lower ratio:0.53368
RR_num of lower bound:13280 max_num:652163107
upper ratio:5.41974e-18
Sample num: 26560
upper ratio:4.80949e-18
Sample num: 53120
upper ratio:-0.00709936
Sample num: 106240
upper ratio:-0.00797107
Sample num: 212480
upper ratio:-0.00217156
Sample num: 424960
upper ratio:0.0752281
Sample num: 849920
upper ratio:0.170689
Sample num: 1699840
upper ratio:0.304122
Sample num: 3399680
upper ratio:0.450408
Sample num: 4833280
upper ratio:0.628395
RR_num of upper bound: 4833280
upper's influence:6650.45
lower's influence:6316.68
orginal's influence:6695.81
PhysicalMem(MB) 111456
VirtualMem(MB) 114005
time:133024
Sample num: 6799360
upper ratio:0.587771
RR_num of upper bound: 6799360
upper's influence:568.326
lower's influence:588.656
orginal's influence:595.482
PhysicalMem(MB) 1685.22
VirtualMem(MB) 1704.04
time:10579
approximation: 0.222207
estimate influence by Mente-Carlo is: 965.678
reachable node size: 47666
estimate influence by StopAlgorithm is: 938.889
363 __ 85540261
Sample num: 363
lower ratio:0.145754
upper ratio:-0.0157081
Sample num: 726
lower ratio:0.352255
upper ratio:-0.00713751
Sample num: 1452
lower ratio:0.464563
upper ratio:-0.00971281
Sample num: 2904
lower ratio:0.496292
upper ratio:-0.0055163
Sample num: 5808
lower ratio:0.538822
RR_num of lower bound:5808 max_num:85540261
upper ratio:0.0196367
Sample num: 11616
upper ratio:0.104955
Sample num: 23232
upper ratio:0.225006
Sample num: 46464
upper ratio:0.362312
Sample num: 92928
upper ratio:0.440129
Sample num: 185856
upper ratio:0.521933
Sample num: 371712
upper ratio:0.596102
RR_num of upper bound: 371712
upper's influence:779.193
lower's influence:770.88
orginal's influence:832.856
PhysicalMem(MB) 1238.25
VirtualMem(MB) 1376.35
time:226.368
approximation: 0.299225
estimate influence by Mente-Carlo is: 1179.03
reachable node size: 218111
estimate influence by StopAlgorithm is: 1149.99
411 __ 443918016
Sample num: 411
lower ratio:0.338559
upper ratio:0
Sample num: 822
lower ratio:0.424317
upper ratio:-0.0100159
Sample num: 1644
lower ratio:0.4985
upper ratio:-0.00854468
Sample num: 3288
lower ratio:0.553484
RR_num of lower bound:3288 max_num:443918016
upper ratio:-0.0124249
Sample num: 6576
upper ratio:0.0065297
approximation: 0.313285
Sample num: 13152
upper ratio:0.113003
Sample num: 26304
upper ratio:0.224142
Sample num: 52608
upper ratio:0.303335
Sample num: 105216
upper ratio:0.411223
estimate influence by Mente-Carlo is: 133.714
reachable node size: 4029
estimate influence by StopAlgorithm is: 131.46
166 __ 9937714
Sample num: 166
lower ratio:0.0558706
upper ratio:-0.0120039
Sample num: 332
lower ratio:0.188161
upper ratio:-0.00987944
Sample num: 664
lower ratio:0.311558
upper ratio:-0.0119912
Sample num: 1328
lower ratio:0.396536
upper ratio:-0.00616654
Sample num: 2656
lower ratio:0.50277
upper ratio:0.0029161
Sample num: 5312
lower ratio:0.58319
RR_num of lower bound:5312 max_num:9937714
upper ratio:0.0659141
Sample num: 10624
upper ratio:0.144909
Sample num: 21248
upper ratio:0.371877
Sample num: 42496
upper ratio:0.416198
Sample num: 84992
upper ratio:0.533547
RR_num of upper bound: 84992
upper's influence:111.454
lower's influence:109.155
orginal's influence:110.905
PhysicalMem(MB) 147.984
VirtualMem(MB) 173.086
time:8.98994
approximation: 0.217156
estimate influence by Mente-Carlo is: 215.914
reachable node size: 955
estimate influence by StopAlgorithm is: 210.107
136 __ 1336951
Sample num: 136
lower ratio:0.053693
upper ratio:-0.00751051
Sample num: 272
lower ratio:0.143694
upper ratio:0.0034584
Sample num: 544
lower ratio:0.240878
upper ratio:0.0239294
Sample num: 1088
lower ratio:0.35753
upper ratio:0.184805
Sample num: 2176
lower ratio:0.448373
upper ratio:0.305351
Sample num: 4352
lower ratio:0.496639
upper ratio:0.401627
Sample num: 8704
lower ratio:0.548956
RR_num of lower bound:8704 max_num:1336951
upper ratio:0.513604
Sample num: 17408
upper ratio:0.549239
RR_num of upper bound: 17408
upper's influence:186.29
lower's influence:176.651
orginal's influence:175.191
PhysicalMem(MB) 272.203
VirtualMem(MB) 307.32
time:2.60268
approximation: 0.185353
estimate influence by Mente-Carlo is: 2073.85
reachable node size: 52093
estimate influence by StopAlgorithm is: 2050.44
256 __ 131724550
Sample num: 256
lower ratio:0.00184151
upper ratio:0
Sample num: 512
lower ratio:0.0494078
upper ratio:-0.0132135
Sample num: 1024
lower ratio:0.127624
upper ratio:-0.016306
Sample num: 2048
lower ratio:0.242692
upper ratio:-0.0144517
Sample num: 210432
upper ratio:0.545062
RR_num of upper bound: 210432
Sample num: 4096
lower ratio:0.339469
upper ratio:0.00755616
upper's influence:581.631
lower's influence:559.666
orginal's influence:747.387
PhysicalMem(MB) 941.574
VirtualMem(MB) 969.078
time:408.839
Sample num: 8192
lower ratio:0.417225
upper ratio:0.00626411
approximation: 0.313822
estimate influence by Mente-Carlo is: 1614.94
reachable node size: 81294
estimate influence by StopAlgorithm is: 1644.75
365 __ 146918702
Sample num: 365
lower ratio:0.195599
upper ratio:2.65365e-18
Sample num: 730
lower ratio:0.312023
upper ratio:2.13814e-18
Sample num: 1460
lower ratio:0.417615
upper ratio:-0.0115702
Sample num: 2920
lower ratio:0.508269
upper ratio:-0.00935157
Sample num: 5840
lower ratio:0.569204
RR_num of lower bound:5840 max_num:146918702
upper ratio:0.0161446
Sample num: 11680
upper ratio:0.112881
Sample num: 16384
lower ratio:0.515946
upper ratio:0.0676344
Sample num: 23360
upper ratio:0.207813
Sample num: 46720
upper ratio:0.333076
Sample num: 93440
upper ratio:0.459956
Sample num: 186880
upper ratio:0.60797
RR_num of upper bound: 186880
upper's influence:1229.62
lower's influence:1206.38
orginal's influence:1444.16
PhysicalMem(MB) 2152.96
VirtualMem(MB) 2502.36
time:195.595
Sample num: 32768
lower ratio:0.592375
RR_num of lower bound:32768 max_num:131724550
upper ratio:0.17869
approximation: 0.289135
estimate influence by Mente-Carlo is: 66.439
reachable node size: 2314
estimate influence by StopAlgorithm is: 64.9748
276 __ 4192068
Sample num: 276
lower ratio:0.17019
upper ratio:-4.99023e-18
Sample num: 552
lower ratio:0.282496
upper ratio:-0.00644589
Sample num: 1104
lower ratio:0.385701
upper ratio:-0.00988475
Sample num: 2208
lower ratio:0.474102
upper ratio:0.00558699
Sample num: 4416
lower ratio:0.565068
RR_num of lower bound:4416 max_num:4192068
upper ratio:0.0361321
Sample num: 8832
upper ratio:0.123994
Sample num: 17664
upper ratio:0.218934
Sample num: 35328
upper ratio:0.383117
Sample num: 70656
upper ratio:0.513716
Sample num: 141312
upper ratio:0.60859
RR_num of upper bound: 141312
upper's influence:51.9704
lower's influence:53.4751
orginal's influence:59.3295
PhysicalMem(MB) 46.7734
VirtualMem(MB) 57.3633
time:8.88484
approximation: 0.167114
estimate influence by Mente-Carlo is: 8865.55
reachable node size: 1134880
Sample num: 65536
upper ratio:0.343483
estimate influence by StopAlgorithm is: 8649.15
462 __ 2599486760
Sample num: 462
lower ratio:0.0304161
upper ratio:-1.10325e-17
Sample num: 924
lower ratio:0.102032
upper ratio:-9.69489e-18
Sample num: 131072
upper ratio:0.450301
Sample num: 1848
lower ratio:0.230358
upper ratio:-6.28184e-18
Sample num: 3696
lower ratio:0.338361
upper ratio:-6.28184e-18
Sample num: 262144
upper ratio:0.552927
RR_num of upper bound: 262144
upper's influence:1996.32
lower's influence:1938.8
orginal's influence:1994.12
PhysicalMem(MB) 8757.65
VirtualMem(MB) 11822.4
time:707.579
approximation: 0.317486
estimate influence by Mente-Carlo is: 622.271
reachable node size: 317070
estimate influence by StopAlgorithm is: 627.029
260 __ 813887461
Sample num: 260
lower ratio:-0.0146221
upper ratio:-5.62349e-18
Sample num: 520
lower ratio:0.00960076
upper ratio:-5.62349e-18
Sample num: 1040
lower ratio:0.068902
upper ratio:-5.37301e-18
Sample num: 2080
lower ratio:0.171079
upper ratio:-4.75847e-18
Sample num: 4160
lower ratio:0.290126
upper ratio:-0.0079443
Sample num: 8320
lower ratio:0.405336
upper ratio:-4.1543e-18
Sample num: 7392
lower ratio:0.427323
upper ratio:-0.0057736
Sample num: 16640
lower ratio:0.498964
upper ratio:-4.1543e-18
Sample num: 33280
lower ratio:0.578513
RR_num of lower bound:33280 max_num:813887461
upper ratio:-3.6073e-18
Sample num: 66560
upper ratio:-0.00580335
Sample num: 133120
upper ratio:-0.0101741
Sample num: 14784
lower ratio:0.509578
upper ratio:-0.00828738
Sample num: 266240
upper ratio:-0.000570607
Sample num: 532480
upper ratio:0.0602646
Sample num: 29568
lower ratio:0.569074
RR_num of lower bound:29568 max_num:2599486760
upper ratio:-0.0073689
Sample num: 59136
upper ratio:0.0452511
Sample num: 1064960
upper ratio:0.202314
Sample num: 118272
upper ratio:0.128328
Sample num: 2129920
upper ratio:0.309483
Sample num: 236544
upper ratio:0.233155
Sample num: 473088
upper ratio:0.365912
Sample num: 4259840
upper ratio:0.481249
Sample num: 946176
upper ratio:0.52232
Sample num: 8519680
upper ratio:0.585889
RR_num of upper bound: 8519680
upper's influence:585.2
lower's influence:598.204
orginal's influence:632.785
PhysicalMem(MB) 3711.46
VirtualMem(MB) 4321.91
time:13345.4
approximation: 0.234865
estimate influence by Mente-Carlo is: 951.04
reachable node size: 47666
estimate influence by StopAlgorithm is: 936.812
229 __ 107749516
Sample num: 229
lower ratio:0.0124599
upper ratio:-8.73266e-18
Sample num: 458
lower ratio:0.0880119
upper ratio:-7.11222e-18
Sample num: 916
lower ratio:0.223915
upper ratio:-6.86765e-18
Sample num: 1832
lower ratio:0.310171
upper ratio:-0.00755385
Sample num: 3664
lower ratio:0.405667
upper ratio:-0.0110434
Sample num: 7328
lower ratio:0.498763
upper ratio:-0.000534552
Sample num: 14656
lower ratio:0.557536
RR_num of lower bound:14656 max_num:107749516
upper ratio:0.0405287
Sample num: 29312
upper ratio:0.180936
Sample num: 58624
upper ratio:0.295005
Sample num: 117248
upper ratio:0.465789
Sample num: 234496
upper ratio:0.563812
RR_num of upper bound: 234496
upper's influence:846.961
lower's influence:848.085
orginal's influence:891.639
PhysicalMem(MB) 2962.04
VirtualMem(MB) 3104.06
time:175.659
approximation: 0.302436
estimate influence by Mente-Carlo is: 1179.26
reachable node size: 218111
estimate influence by StopAlgorithm is: 1181.01
257 __ 554375779
Sample num: 257
lower ratio:0.221899
upper ratio:-6.63256e-18
Sample num: 514
lower ratio:0.3152
upper ratio:-5.94164e-18
Sample num: 1028
lower ratio:0.410558
upper ratio:-5.40405e-18
Sample num: 2056
lower ratio:0.495783
upper ratio:-4.61164e-18
Sample num: 4112
lower ratio:0.551156
RR_num of lower bound:4112 max_num:554375779
upper ratio:-0.0136944
Sample num: 8224
upper ratio:-0.000547605
Sample num: 16448
upper ratio:0.0726929
Sample num: 32896
upper ratio:0.139534
Sample num: 65792
upper ratio:0.265515
Sample num: 131584
upper ratio:0.383973
Sample num: 263168
upper ratio:0.537382
RR_num of upper bound: 263168
upper's influence:683.514
lower's influence:678.544
orginal's influence:858.164
PhysicalMem(MB) 1094.37
VirtualMem(MB) 1272.65
time:487.533
approximation: 0.317839
estimate influence by Mente-Carlo is: 1603.06
reachable node size: 81294
estimate influence by StopAlgorithm is: 1561.9
231 __ 184969613
Sample num: 231
lower ratio:0.0791684
upper ratio:3.03718e-18
Sample num: 462
lower ratio:0.210144
upper ratio:2.64702e-18
Sample num: 924
lower ratio:0.294326
upper ratio:2.00933e-18
Sample num: 1848
lower ratio:0.417902
upper ratio:-0.00949172
Sample num: 3696
lower ratio:0.497772
upper ratio:-0.00362872
Sample num: 7392
lower ratio:0.566561
RR_num of lower bound:7392 max_num:184969613
upper ratio:0.00179349
Sample num: 14784
upper ratio:0.145264
Sample num: 29568
upper ratio:0.226924
Sample num: 59136
upper ratio:0.346974
Sample num: 118272
upper ratio:0.499162
Sample num: 236544
upper ratio:0.652915
RR_num of upper bound: 236544
upper's influence:1361.26
lower's influence:1378.61
orginal's influence:1477.24
PhysicalMem(MB) 2677.55
VirtualMem(MB) 2914.68
time:245.788
approximation: 0.307504
estimate influence by Mente-Carlo is: 66.3598
reachable node size: 2314
estimate influence by StopAlgorithm is: 66.5865
178 __ 4877487
Sample num: 178
lower ratio:0.048397
upper ratio:0
Sample num: 356
lower ratio:0.115921
upper ratio:0
Sample num: 712
lower ratio:0.253397
upper ratio:-0.00897755
Sample num: 1424
lower ratio:0.377113
upper ratio:-0.0140343
Sample num: 2848
lower ratio:0.461301
upper ratio:-0.0113132
Sample num: 5696
lower ratio:0.539287
RR_num of lower bound:5696 max_num:4877487
upper ratio:-0.00136558
Sample num: 11392
upper ratio:0.0803404
Sample num: 22784
upper ratio:0.225877
Sample num: 45568
upper ratio:0.328291
Sample num: 91136
upper ratio:0.496438
Sample num: 182272
upper ratio:0.610045
RR_num of upper bound: 182272
upper's influence:58.8644
lower's influence:57.4427
orginal's influence:62.5181
PhysicalMem(MB) 59.5117
VirtualMem(MB) 75.5977
time:11.2854
approximation: 0.222419
estimate influence by Mente-Carlo is: 8787.52
reachable node size: 1134880
estimate influence by StopAlgorithm is: 8875.58
287 __ 3223023447
Sample num: 287
lower ratio:-0.00806348
upper ratio:1.00759e-17
Sample num: 574
lower ratio:0.0270666
upper ratio:9.31348e-18
Sample num: 1148
lower ratio:0.126869
upper ratio:8.13259e-18
Sample num: 2296
lower ratio:0.216506
upper ratio:8.13259e-18
Sample num: 4592
lower ratio:0.355313
upper ratio:7.88962e-18
Sample num: 9184
lower ratio:0.413054
upper ratio:-0.00631682
Sample num: 18368
lower ratio:0.48741
upper ratio:-0.0124345
Sample num: 36736
lower ratio:0.553612
RR_num of lower bound:36736 max_num:3223023447
upper ratio:0.0137153
Sample num: 73472
upper ratio:0.0669714
Sample num: 146944
upper ratio:0.265446
Sample num: 1892352
upper ratio:0.64072
RR_num of upper bound: 1892352
upper's influence:8060.97
lower's influence:8264.74
orginal's influence:8252.98
PhysicalMem(MB) 47552.8
VirtualMem(MB) 47964.1
time:19435.3
approximation: 0.33639
estimate influence by Mente-Carlo is: 6859.37
reachable node size: 1504285
Sample num: 293888
upper ratio:0.354117
estimate influence by StopAlgorithm is: 6860.71
475 __ 3545878563
Sample num: 475
lower ratio:0.0485259
upper ratio:-2.0718e-17
Sample num: 950
lower ratio:0.15312
upper ratio:-1.986e-17
Sample num: 1900
lower ratio:0.261936
upper ratio:-1.83755e-17
Sample num: 3800
lower ratio:0.380433
upper ratio:-1.43453e-17
Sample num: 7600
lower ratio:0.484159
upper ratio:-1.24248e-17
Sample num: 15200
lower ratio:0.57057
RR_num of lower bound:15200 max_num:3545878563
upper ratio:-1.16664e-17
Sample num: 30400
upper ratio:-0.00988449
Sample num: 587776
upper ratio:0.450703
Sample num: 60800
upper ratio:-0.000776122
Sample num: 121600
upper ratio:0.0384555
Sample num: 243200
upper ratio:0.15674
Sample num: 1175552
upper ratio:0.577239
RR_num of upper bound: 1175552
upper's influence:7969.91
lower's influence:8308.32
orginal's influence:8189.9
PhysicalMem(MB) 59206.7
VirtualMem(MB) 69239.2
time:13233.6
approximation: 0.335193
estimate influence by Mente-Carlo is: 6855.33
reachable node size: 1504285
estimate influence by StopAlgorithm is: 6759.12
295 __ 4389277066
Sample num: 295
lower ratio:-0.0103741
upper ratio:0
Sample num: 590
lower ratio:0.0294592
upper ratio:0
Sample num: 1180
lower ratio:0.130449
upper ratio:0
Sample num: 2360
lower ratio:0.237745
upper ratio:0
Sample num: 4720
lower ratio:0.317583
upper ratio:0
Sample num: 9440
lower ratio:0.426422
upper ratio:0
Sample num: 18880
lower ratio:0.537255
RR_num of lower bound:18880 max_num:4389277066
upper ratio:-0.0100665
Sample num: 37760
upper ratio:-0.0141061
Sample num: 75520
upper ratio:-0.00756669
Sample num: 151040
upper ratio:0.0176987
Sample num: 486400
upper ratio:0.319222
Sample num: 302080
upper ratio:0.0966907
Sample num: 604160
upper ratio:0.222165
estimate influence by Mente-Carlo is: 133.143
reachable node size: 4029
estimate influence by StopAlgorithm is: 133.287
255 __ 7727570
Sample num: 255
lower ratio:0.151504
upper ratio:-0.0184727
Sample num: 510
lower ratio:0.237776
upper ratio:-0.0136432
Sample num: 1020
lower ratio:0.342715
upper ratio:-0.00359227
Sample num: 2040
lower ratio:0.448898
upper ratio:0.00525623
Sample num: 4080
lower ratio:0.540589
RR_num of lower bound:4080 max_num:7727570
upper ratio:0.0866291
Sample num: 8160
upper ratio:0.191856
Sample num: 16320
upper ratio:0.276021
Sample num: 32640
upper ratio:0.349282
Sample num: 65280
upper ratio:0.451909
Sample num: 130560
upper ratio:0.595643
RR_num of upper bound: 130560
time:12.2184
upper's influence:107.254
lower's influence:103.718
orginal's influence:108.584
PhysicalMem(MB) 116.176
VirtualMem(MB) 126.848
approximation: 0.186789
estimate influence by Mente-Carlo is: 215.241
reachable node size: 955
estimate influence by StopAlgorithm is: 217.956
203 __ 1134953
Sample num: 203
lower ratio:0.176072
upper ratio:0.0460916
Sample num: 406
lower ratio:0.257697
upper ratio:0.0797833
Sample num: 812
lower ratio:0.334924
upper ratio:0.138392
Sample num: 1624
lower ratio:0.411348
upper ratio:0.303444
Sample num: 3248
lower ratio:0.477148
upper ratio:0.399956
Sample num: 6496
lower ratio:0.522817
upper ratio:0.476111
Sample num: 12992
lower ratio:0.558814
RR_num of lower bound:12992 max_num:1134953
upper ratio:0.573665
RR_num of upper bound: 12992
time:2.9363
upper's influence:166.464
lower's influence:163.381
orginal's influence:163.998
PhysicalMem(MB) 401.664
VirtualMem(MB) 498.82
approximation: 0.197392
estimate influence by Mente-Carlo is: 2067.4
reachable node size: 52093
estimate influence by StopAlgorithm is: 2071.44
409 __ 105441261
Sample num: 409
lower ratio:0.0648722
upper ratio:-5.4835e-18
Sample num: 818
lower ratio:0.165711
upper ratio:-0.00611445
Sample num: 1636
lower ratio:0.279526
upper ratio:-0.0100687
Sample num: 3272
lower ratio:0.384854
upper ratio:-0.0115153
Sample num: 6544
lower ratio:0.46197
upper ratio:-0.0059867
Sample num: 13088
lower ratio:0.538241
RR_num of lower bound:13088 max_num:105441261
upper ratio:0.0179076
Sample num: 26176
upper ratio:0.142989
Sample num: 52352
upper ratio:0.261023
Sample num: 104704
upper ratio:0.497652
Sample num: 209408
upper ratio:0.606987
RR_num of upper bound: 209408
time:427.845
upper's influence:1904.54
lower's influence:1880.54
orginal's influence:1960.32
PhysicalMem(MB) 3628.85
VirtualMem(MB) 3943.66
approximation: 0.313921
estimate influence by Mente-Carlo is: 621.072
reachable node size: 317070
estimate influence by StopAlgorithm is: 634.814
415 __ 652163107
Sample num: 415
lower ratio:0.0198196
upper ratio:9.35792e-18
Sample num: 830
lower ratio:0.10396
upper ratio:8.8786e-18
Sample num: 1660
lower ratio:0.217584
upper ratio:8.45527e-18
Sample num: 3320
lower ratio:0.325302
upper ratio:-0.00917409
Sample num: 6640
lower ratio:0.450997
upper ratio:-0.00747524
Sample num: 13280
lower ratio:0.527537
upper ratio:-0.00607202
Sample num: 26560
lower ratio:0.599348
RR_num of lower bound:26560 max_num:652163107
upper ratio:-0.00568648
Sample num: 53120
upper ratio:4.33566e-18
Sample num: 106240
upper ratio:-0.00770037
Sample num: 212480
upper ratio:0.0344689
Sample num: 424960
upper ratio:0.0999944
Sample num: 849920
upper ratio:0.182369
Sample num: 1699840
upper ratio:0.346079
Sample num: 3399680
upper ratio:0.464048
estimate influence by Mente-Carlo is: 106753
reachable node size: 3072421
estimate influence by StopAlgorithm is: 107141
498 __ 7598066753
Sample num: 498
lower ratio:-0.000980736
upper ratio:-7.01179e-18
Sample num: 6799360
upper ratio:0.592514
RR_num of upper bound: 6799360
time:10905.2
upper's influence:598.797
lower's influence:576.872
orginal's influence:600.028
PhysicalMem(MB) 3040.52
VirtualMem(MB) 3071.83
Sample num: 996
lower ratio:0.0562241
upper ratio:-5.83818e-18
approximation: 0.22073
estimate influence by Mente-Carlo is: 961.899
reachable node size: 47666
estimate influence by StopAlgorithm is: 967.717
363 __ 85540261
Sample num: 363
lower ratio:0.147176
upper ratio:4.29781e-18
Sample num: 726
lower ratio:0.236094
upper ratio:-0.00694396
Sample num: 1452
lower ratio:0.332412
upper ratio:-0.0117665
Sample num: 2904
lower ratio:0.420956
upper ratio:-0.00992061
Sample num: 5808
lower ratio:0.491129
upper ratio:0.00204702
Sample num: 11616
lower ratio:0.547375
RR_num of lower bound:11616 max_num:85540261
upper ratio:0.0530245
Sample num: 23232
upper ratio:0.208866
Sample num: 46464
upper ratio:0.290374
Sample num: 92928
upper ratio:0.394741
Sample num: 185856
upper ratio:0.530431
Sample num: 371712
upper ratio:0.622659
RR_num of upper bound: 371712
time:245.379
upper's influence:779.007
lower's influence:764.071
orginal's influence:832.889
PhysicalMem(MB) 2373.64
VirtualMem(MB) 2644.05
approximation: 0.299391
estimate influence by Mente-Carlo is: 1180.19
reachable node size: 218111
estimate influence by StopAlgorithm is: 1187.48
411 __ 443918016
Sample num: 411
lower ratio:0.328554
upper ratio:0
Sample num: 822
lower ratio:0.415823
upper ratio:0
Sample num: 1644
lower ratio:0.489633
upper ratio:-0.00921092
Sample num: 3288
lower ratio:0.551931
RR_num of lower bound:3288 max_num:443918016
upper ratio:-0.0127634
Sample num: 6576
upper ratio:-0.0036075
Sample num: 13152
upper ratio:0.073943
Sample num: 26304
upper ratio:0.223207
Sample num: 52608
upper ratio:0.332051
Sample num: 105216
upper ratio:0.495528
Sample num: 210432
upper ratio:0.565423
RR_num of upper bound: 210432
time:358.258
upper's influence:555.745
lower's influence:544.863
orginal's influence:774.313
PhysicalMem(MB) 934.57
VirtualMem(MB) 966.25
Sample num: 1992
lower ratio:0.140642
upper ratio:-5.1202e-18
approximation: 0.322902
estimate influence by Mente-Carlo is: 1609
reachable node size: 81294
estimate influence by StopAlgorithm is: 1622.03
365 __ 146918702
Sample num: 365
lower ratio:0.178873
upper ratio:2.54793e-18
Sample num: 730
lower ratio:0.301873
upper ratio:2.13814e-18
Sample num: 1460
lower ratio:0.428626
upper ratio:-0.00572395
Sample num: 2920
lower ratio:0.511311
upper ratio:-0.00757363
Sample num: 5840
lower ratio:0.557336
RR_num of lower bound:5840 max_num:146918702
upper ratio:0.0269355
Sample num: 11680
upper ratio:0.0566994
Sample num: 23360
upper ratio:0.178185
Sample num: 46720
upper ratio:0.388466
Sample num: 93440
upper ratio:0.514308
Sample num: 186880
upper ratio:0.594186
RR_num of upper bound: 186880
time:190.479
upper's influence:1213.9
lower's influence:1283.57
orginal's influence:1393.27
PhysicalMem(MB) 2184.5
VirtualMem(MB) 2530.95
approximation: 0.29219
estimate influence by Mente-Carlo is: 66.2684
reachable node size: 2314
estimate influence by StopAlgorithm is: 68.3848
276 __ 4192068
Sample num: 276
lower ratio:0.123084
upper ratio:-6.78489e-18
Sample num: 552
lower ratio:0.240489
upper ratio:-5.60732e-18
Sample num: 1104
lower ratio:0.350872
upper ratio:-4.37226e-18
Sample num: 2208
lower ratio:0.481905
upper ratio:-0.010989
Sample num: 4416
lower ratio:0.547655
RR_num of lower bound:4416 max_num:4192068
upper ratio:0.0117754
Sample num: 8832
upper ratio:0.0762678
Sample num: 17664
upper ratio:0.244496
Sample num: 35328
upper ratio:0.419728
Sample num: 70656
upper ratio:0.532991
RR_num of upper bound: 70656
time:4.90918
upper's influence:54.1327
lower's influence:54.6584
orginal's influence:59.7736
PhysicalMem(MB) 46.7461
VirtualMem(MB) 57
approximation: 0.16526
estimate influence by Mente-Carlo is: 8801.69
reachable node size: 1134880
estimate influence by StopAlgorithm is: 8915.95
462 __ 2599486760
Sample num: 462
lower ratio:0.0327262
upper ratio:-9.69489e-18
Sample num: 924
lower ratio:0.152535
upper ratio:-8.40779e-18
Sample num: 1848
lower ratio:0.257482
upper ratio:-6.73152e-18
Sample num: 3696
lower ratio:0.3542
upper ratio:-6.28184e-18
Sample num: 7392
lower ratio:0.455926
upper ratio:-0.011913
Sample num: 14784
lower ratio:0.537646
RR_num of lower bound:14784 max_num:2599486760
upper ratio:-0.0114837
Sample num: 29568
upper ratio:-0.00413551
Sample num: 3984
lower ratio:0.241659
upper ratio:-0.00855654
Sample num: 59136
upper ratio:0.0754975
Sample num: 118272
upper ratio:0.199054
Sample num: 7968
lower ratio:0.345839
upper ratio:-0.00839431
Sample num: 236544
upper ratio:0.283173
Sample num: 473088
upper ratio:0.452576
Sample num: 946176
upper ratio:0.555496
RR_num of upper bound: 946176
time:25287.3
upper's influence:7995.54
lower's influence:7975.99
orginal's influence:8017.24
PhysicalMem(MB) 24173.5
VirtualMem(MB) 24400.9
approximation: 0.335084
estimate influence by Mente-Carlo is: 6861.24
reachable node size: 1504285
estimate influence by StopAlgorithm is: 6877.51
475 __ 3545878563
Sample num: 475
lower ratio:0.0353068
upper ratio:-2.27422e-17
Sample num: 950
lower ratio:0.161592
upper ratio:-1.986e-17
Sample num: 1900
lower ratio:0.26886
upper ratio:-1.90831e-17
Sample num: 3800
lower ratio:0.376134
upper ratio:-1.51506e-17
Sample num: 7600
lower ratio:0.487089
upper ratio:-1.24248e-17
Sample num: 15200
lower ratio:0.554626
RR_num of lower bound:15200 max_num:3545878563
upper ratio:-1.08034e-17
Sample num: 30400
upper ratio:-0.00431713
Sample num: 60800
upper ratio:-0.00426319
Sample num: 121600
upper ratio:0.0579489
Sample num: 243200
upper ratio:0.146068
Sample num: 486400
upper ratio:0.294972
Sample num: 972800
upper ratio:0.46156
Sample num: 1945600
upper ratio:0.582612
RR_num of upper bound: 1945600
time:55590.5
upper's influence:6198.63
lower's influence:6488.96
orginal's influence:6577.36
PhysicalMem(MB) 46804.5
VirtualMem(MB) 48788.7
approximation: 0.314528
ASSERT FAIL @ graph.h:29
estimate influence by Mente-Carlo is: 133.598
reachable node size: 4029
estimate influence by StopAlgorithm is: 132.792
255 __ 7727570
Sample num: 255
lower ratio:0.128027
upper ratio:-0.0103478
Sample num: 510
lower ratio:0.290709
upper ratio:-0.0134256
Sample num: 1020
lower ratio:0.40876
upper ratio:-0.009167
Sample num: 2040
lower ratio:0.480728
upper ratio:-0.00253267
Sample num: 4080
lower ratio:0.521648
upper ratio:0.0898373
Sample num: 8160
lower ratio:0.580769
RR_num of lower bound:8160 max_num:7727570
upper ratio:0.171222
Sample num: 16320
upper ratio:0.267668
Sample num: 32640
upper ratio:0.372862
Sample num: 65280
upper ratio:0.502197
Sample num: 130560
upper ratio:0.628481
RR_num of upper bound: 130560
time:12.8875
upper's influence:103.335
lower's influence:105.832
orginal's influence:107.696
PhysicalMem(MB) 213.23
VirtualMem(MB) 225.59
approximation: 0.185072
estimate influence by Mente-Carlo is: 215.02
reachable node size: 955
estimate influence by StopAlgorithm is: 210.025
203 __ 1134953
Sample num: 203
lower ratio:0.144569
upper ratio:0.0519301
Sample num: 406
lower ratio:0.233122
upper ratio:0.0313722
Sample num: 812
lower ratio:0.321065
upper ratio:0.135066
Sample num: 1624
lower ratio:0.411695
upper ratio:0.239199
Sample num: 3248
lower ratio:0.472245
upper ratio:0.343548
Sample num: 6496
lower ratio:0.520941
upper ratio:0.438675
Sample num: 12992
lower ratio:0.553615
RR_num of lower bound:12992 max_num:1134953
upper ratio:0.525958
Sample num: 25984
upper ratio:0.589884
RR_num of upper bound: 25984
time:3.93661
upper's influence:156.087
lower's influence:157.931
orginal's influence:159.088
PhysicalMem(MB) 401.703
VirtualMem(MB) 499.305
approximation: 0.199221
estimate influence by Mente-Carlo is: 2070.85
reachable node size: 52093
estimate influence by StopAlgorithm is: 2087.49
409 __ 105441261
Sample num: 409
lower ratio:0.0631457
upper ratio:-5.78756e-18
Sample num: 818
lower ratio:0.185515
upper ratio:-0.0118741
Sample num: 1636
lower ratio:0.293543
upper ratio:-0.0121347
Sample num: 3272
lower ratio:0.396535
upper ratio:-0.00904594
Sample num: 6544
lower ratio:0.493941
upper ratio:-0.00211595
Sample num: 13088
lower ratio:0.551363
RR_num of lower bound:13088 max_num:105441261
upper ratio:0.0447217
Sample num: 26176
upper ratio:0.160116
Sample num: 52352
upper ratio:0.298916
Sample num: 104704
upper ratio:0.429476
Sample num: 209408
upper ratio:0.545345
RR_num of upper bound: 209408
time:421.297
upper's influence:1948.06
lower's influence:1900.88
orginal's influence:1926.85
PhysicalMem(MB) 3622.84
VirtualMem(MB) 3936.84
approximation: 0.312128
estimate influence by Mente-Carlo is: 621.782
reachable node size: 317070
estimate influence by StopAlgorithm is: 629.331
415 __ 652163107
Sample num: 415
lower ratio:0.0142362
upper ratio:9.35792e-18
Sample num: 830
lower ratio:0.0972299
upper ratio:9.35792e-18
Sample num: 1660
lower ratio:0.194155
upper ratio:8.45527e-18
Sample num: 3320
lower ratio:0.311449
upper ratio:7.15229e-18
Sample num: 6640
lower ratio:0.424485
upper ratio:5.56397e-18
Sample num: 13280
lower ratio:0.519105
upper ratio:4.51206e-18
Sample num: 26560
lower ratio:0.597044
RR_num of lower bound:26560 max_num:652163107
upper ratio:4.42188e-18
Sample num: 53120
upper ratio:-0.00405548
Sample num: 106240
upper ratio:-0.00582805
Sample num: 212480
upper ratio:-0.000373724
Sample num: 424960
upper ratio:0.0367832
Sample num: 849920
upper ratio:0.135325
Sample num: 1699840
upper ratio:0.305441
Sample num: 3399680
upper ratio:0.469429
estimate influence by Mente-Carlo is: 5986.94
reachable node size: 3072431
estimate influence by StopAlgorithm is: 6061.22
498 __ 10200054218
Sample num: 498
lower ratio:0.0464032
upper ratio:5.76575e-18
Sample num: 996
lower ratio:0.123069
upper ratio:5.76575e-18
Sample num: 1992
lower ratio:0.242468
upper ratio:5.76575e-18
Sample num: 3984
lower ratio:0.379735
upper ratio:4.30648e-18
Sample num: 7968
lower ratio:0.481133
upper ratio:-0.00617057
Sample num: 15936
lower ratio:0.565856
RR_num of lower bound:15936 max_num:10200054218
upper ratio:2.97649e-18
Sample num: 31872
upper ratio:-0.0113726
Sample num: 63744
upper ratio:-0.00549499
Sample num: 127488
upper ratio:0.0357849
Sample num: 254976
upper ratio:0.106875
Sample num: 509952
upper ratio:0.199991
Sample num: 1019904
upper ratio:0.348141
estimate influence by Mente-Carlo is: 1175.89
reachable node size: 218111
estimate influence by StopAlgorithm is: 1167.31
1392 __ 302156246
Sample num: 1392
lower ratio:0.523313
upper ratio:-0.00925957
Sample num: 2784
lower ratio:0.580199
RR_num of lower bound:2784 max_num:302156246
upper ratio:-0.0140609
Sample num: 5568
upper ratio:-0.00949036
Sample num: 11136
upper ratio:0.0558218
Sample num: 22272
upper ratio:0.147302
Sample num: 44544
upper ratio:0.243577
Sample num: 89088
upper ratio:0.406931
Sample num: 178176
upper ratio:0.50256
Sample num: 356352
upper ratio:0.609196
RR_num of upper bound: 356352
time:562.94
upper's influence:365.075
lower's influence:327.474
orginal's influence:346.284
PhysicalMem(MB) 833.531
VirtualMem(MB) 892.301
approximation: 0.320708
estimate influence by Mente-Carlo is: 1596.74
reachable node size: 81294
estimate influence by StopAlgorithm is: 1604.57
1206 __ 97520518
Sample num: 1206
lower ratio:0.3866
upper ratio:-0.011088
Sample num: 2412
lower ratio:0.47121
upper ratio:-0.000348962
Sample num: 4824
lower ratio:0.527401
upper ratio:0.0272336
Sample num: 9648
lower ratio:0.562763
RR_num of lower bound:9648 max_num:97520518
upper ratio:0.0790834
Sample num: 19296
upper ratio:0.169301
Sample num: 38592
upper ratio:0.324457
Sample num: 77184
upper ratio:0.447049
Sample num: 154368
upper ratio:0.559843
RR_num of upper bound: 154368
time:179.273
upper's influence:922.907
lower's influence:862.449
orginal's influence:1256.97
PhysicalMem(MB) 3439.09
VirtualMem(MB) 3513.29
approximation: 0.284775
estimate influence by Mente-Carlo is: 8868.5
reachable node size: 1134880
estimate influence by StopAlgorithm is: 8589.36
1600 __ 1808015522
Sample num: 1600
lower ratio:0.338596
upper ratio:4.08698e-18
Sample num: 3200
lower ratio:0.456627
upper ratio:3.01717e-18
Sample num: 6400
lower ratio:0.495444
upper ratio:-0.00748876
Sample num: 12800
lower ratio:0.542844
RR_num of lower bound:12800 max_num:1808015522
upper ratio:-0.00468065
Sample num: 25600
upper ratio:-0.00223552
Sample num: 51200
upper ratio:0.0296332
Sample num: 102400
upper ratio:0.0976246
Sample num: 204800
upper ratio:0.23608
Sample num: 409600
upper ratio:0.365826
Sample num: 819200
upper ratio:0.518422
Sample num: 1638400
upper ratio:0.611653
RR_num of upper bound: 1638400
time:35272.3
upper's influence:7252.57
lower's influence:7237.1
orginal's influence:7394.1
PhysicalMem(MB) 21277.4
VirtualMem(MB) 22292.4
approximation: 0.325609
estimate influence by Mente-Carlo is: 1176.27
reachable node size: 218111
estimate influence by StopAlgorithm is: 1165.02
1392 __ 302156246
Sample num: 1392
lower ratio:0.517846
upper ratio:-4.65152e-18
Sample num: 2784
lower ratio:0.576494
RR_num of lower bound:2784 max_num:302156246
upper ratio:-0.0136524
Sample num: 5568
upper ratio:0.030731
Sample num: 11136
upper ratio:0.112776
Sample num: 22272
upper ratio:0.20961
Sample num: 44544
upper ratio:0.327789
Sample num: 89088
upper ratio:0.429664
Sample num: 178176
upper ratio:0.54162
RR_num of upper bound: 178176
time:691.28
upper's influence:352.682
lower's influence:333.484
orginal's influence:347.015
PhysicalMem(MB) 841.754
VirtualMem(MB) 897.07
approximation: 0.323143
estimate influence by Mente-Carlo is: 1622.92
reachable node size: 81294
estimate influence by StopAlgorithm is: 1589.61
1206 __ 97520518
Sample num: 1206
lower ratio:0.379509
upper ratio:-0.0123085
Sample num: 2412
lower ratio:0.460342
upper ratio:-0.00583034
Sample num: 4824
lower ratio:0.518901
upper ratio:0.0103569
Sample num: 9648
lower ratio:0.562915
RR_num of lower bound:9648 max_num:97520518
upper ratio:0.0527849
Sample num: 19296
upper ratio:0.155564
Sample num: 38592
upper ratio:0.287773
Sample num: 77184
upper ratio:0.397292
Sample num: 154368
upper ratio:0.520248
Sample num: 308736
upper ratio:0.618741
RR_num of upper bound: 308736
time:782.268
upper's influence:911.918
lower's influence:864.16
orginal's influence:1200.54
PhysicalMem(MB) 3447.43
VirtualMem(MB) 3521.37
approximation: 0.287691
estimate influence by Mente-Carlo is: 8783.9
reachable node size: 1134880
estimate influence by StopAlgorithm is: 8770.19
1600 __ 1808015522
Sample num: 1600
lower ratio:0.32189
upper ratio:3.64277e-18
Sample num: 3200
lower ratio:0.430629
upper ratio:3.01717e-18
Sample num: 6400
lower ratio:0.49103
upper ratio:2.04264e-18
Sample num: 12800
lower ratio:0.535059
RR_num of lower bound:12800 max_num:1808015522
upper ratio:-0.00543839
Sample num: 25600
upper ratio:0.0011698
Sample num: 51200
upper ratio:0.0337218
Sample num: 102400
upper ratio:0.115813
Sample num: 204800
upper ratio:0.241133
Sample num: 409600
upper ratio:0.390517
Sample num: 819200
upper ratio:0.534211
RR_num of upper bound: 819200
time:19970.2
upper's influence:7279.19
lower's influence:7340.87
orginal's influence:7478.78
PhysicalMem(MB) 21363.1
VirtualMem(MB) 22372.1
approximation: 0.325271
estimate influence by Mente-Carlo is: 1178.69
reachable node size: 218111
estimate influence by StopAlgorithm is: 1161.76
1392 __ 302156246
Sample num: 1392
lower ratio:0.518667
upper ratio:-0.0141487
Sample num: 2784
lower ratio:0.578739
RR_num of lower bound:2784 max_num:302156246
upper ratio:-0.0150142
Sample num: 5568
upper ratio:-0.00520445
Sample num: 11136
upper ratio:0.0372803
Sample num: 22272
upper ratio:0.114912
Sample num: 44544
upper ratio:0.276095
Sample num: 89088
upper ratio:0.399891
Sample num: 178176
upper ratio:0.518154
Sample num: 356352
upper ratio:0.594083
RR_num of upper bound: 356352
time:1276.35
upper's influence:361.764
lower's influence:315.375
orginal's influence:361.203
PhysicalMem(MB) 839.148
VirtualMem(MB) 896.934
approximation: 0.323501
estimate influence by Mente-Carlo is: 1599.27
reachable node size: 81294
estimate influence by StopAlgorithm is: 1583.92
1206 __ 97520518
Sample num: 1206
lower ratio:0.392451
upper ratio:-0.00990304
Sample num: 2412
lower ratio:0.465885
upper ratio:0.0170689
Sample num: 4824
lower ratio:0.513487
upper ratio:0.0455543
Sample num: 9648
lower ratio:0.554536
RR_num of lower bound:9648 max_num:97520518
upper ratio:0.104561
Sample num: 19296
upper ratio:0.199045
Sample num: 38592
upper ratio:0.34758
Sample num: 77184
upper ratio:0.456785
Sample num: 154368
upper ratio:0.555247
RR_num of upper bound: 154368
time:432.813
upper's influence:943.291
lower's influence:925.893
orginal's influence:1179.72
PhysicalMem(MB) 3453.76
VirtualMem(MB) 3526.62
approximation: 0.283722
estimate influence by Mente-Carlo is: 8776.68
reachable node size: 1134880
estimate influence by StopAlgorithm is: 8635.09
1600 __ 1808015522
Sample num: 1600
lower ratio:0.296912
upper ratio:3.74307e-18
Sample num: 3200
lower ratio:0.382426
upper ratio:3.22115e-18
Sample num: 6400
lower ratio:0.471511
upper ratio:-0.00668223
Sample num: 12800
lower ratio:0.533948
RR_num of lower bound:12800 max_num:1808015522
upper ratio:-0.00561663
Sample num: 25600
upper ratio:-0.00120003
Sample num: 51200
upper ratio:0.024196
Sample num: 102400
upper ratio:0.107211
Sample num: 204800
upper ratio:0.252615
Sample num: 409600
upper ratio:0.392577
