1.5394
3.82269
0.0785685
16.2782
31.2887
62.0634
36.5257
22.1985
0.666602
8.18792
22.5313
57.1686
3.57905
0.664002
31.768
13.0047
13.6121
9.40849
12.2295
20.3741
14.6327
61.3975
49.0748
3.17656
49.1628
16.8981
47.9025
47.0117
29.8723
15.96
12.3671
2.97844
11.3943
18.2472
38.1043
19.4516
0.783679
6.362
0.669188
5.29707
5.64137
50.5193
32.3567
20.9565
5.80789
4.65081
2.47408
18.2979
25.7944
32.6687
5.6046
1.49223
60.2254
11.153
7.4985
1.40674
49.5727
2.21291
0.757798
8.36685
53.8515
12.6324
20.3462
16.7867
35.9838
16.8091
1.43626
51.0855
0.93614
18.6344
41.4996
52.951
16.0383
41.4015
1.98267
40.6207
31.2065
50.0531
28.0595
18.7024
13.4358
5.49223
47.2308
36.7526
6.17437
60.4754
0.423226
3.91511
47.6972
17.8963
12.9737
0.972163
42.7504
18.8196
46.0332
12.6147
50.9646
57.7288
9.3622
8.65726
4.10588
17.002
51.1169
19.6775
10.0968
8.65203
7.07596
2.30749
24.4843
20.7201
63.9415
5.2634
54.5838
38.4362
4.19827
43.6493
7.45956
52.7076
43.6251
1.50831
27.1945
9.42393
35.4578
8.42417
12.8008
16.6851
53.7663
35.5042
36.9436
46.0319
4.66486
35.3302
27.4995
4.31486
40.1082
9.73841
29.6615
1.51326
41.6833
37.0776
14.1594
45.1389
10.6435
56.2339
19.3395
12.8491
14.6616
8.52024
18.2217
40.3803
41.0268
34.2143
17.6713
8.25017
9.46879
13.1954
16.5124
54.4695
25.4155
13.4251
60.9228
33.6247
0.221865
5.90469
4.20965
59.9076
39.3333
4.4877
8.52573
63.6625
7.97246
14.8304
6.1086
14.4081
6.18166
12.1871
38.7544
7.3037
37.9029
37.7618
2.29658
11.0965
39.2552
12.4134
45.9829
46.7286
22.0806
43.1498
35.5699
17.2372
8.06076
17.435
59.1409
9.89528
18.8691
31.5884
5.85557
18.8181
16.8233
5.4302
1.74393
42.201
13.1882
19.4125
11.9281
3.00847
0.137667
9.42094
12.9262
63.8882
19.7538
8.68419
13.282
17.7282
14.7547
46.5712
37.0487
18.3421
1.7506
43.6646
8.91163
29.572
59.0846
16.0888
23.4748
29.959
1.35386
26.6553
23.7524
23.1885
1.0851
2.18844
52.6134
11.9607
10.3972
2.98121
58.4466
18.2425
62.6247
17.4948
57.8352
62.0919
54.0979
29.8227
22.7831
13.8337
9.80775
59.5388
7.44594
17.9144
21.2299
62.6472
5.17969
1.14602
16.4338
1.06435
10.8847
16.004
21.9328
19.1877
0.270823
61.3848
27.116
18.5885
15.9857
13.4077
0.724538
63.3536
22.9532
14.3049
4.4368
36.4866
3.92279
2.9337
32.9746
10.4985
3.13288
59.6706
11.4514
52.7199
3.26817
38.5172
31.0486
2.32223
30.96
50.2163
14.4613
59.6514
5.58579
8.14227
1.89974
9.53388
13.1887
4.31956
43.6767
14.4776
52.8929
0.471658
55.5711
55.1452
3.28265
12.6931
0.264454
26.0552
18.7938
2.32196
2.15698
3.45643
6.64801
17.3332
27.4583
59.4411
47.9271
9.04531
57.8281
44.962
13.2301
8.48523
6.45533
26.917
45.3746
41.2476
12.1729
13.7351
49.9119
1.88192
5.52057
14.5818
5.38648
21.5543
60.6515
17.144
9.58703
42.1648
40.3729
17.6386
18.2569
0.07009
18.4506
16.1138
43.951
46.015
3.17084
2.50039
14.3338
36.308
9.61457
7.72701
0.948872
61.96
7.19428
53.3372
7.73994
22.9478
18.7947
0.134792
51.0178
13.5683
6.89854
14.7402
25.9936
21.3421
61.9053
9.7601
45.5238
23.1863
4.3751
15.037
30.6456
7.33738
54.512
8.85783
15.846
6.9225
10.0822
21.3762
12.2352
32.918
18.1919
5.07372
3.24981
6.31275
47.1664
7.84109
17.7649
19.1069
49.3184
16.0307
4.9636
12.9848
39.7134
7.25554
6.4199
35.528
46.1978
4.92825
1.96045
57.945
23.28
12.0146
41.1315
1.04246
47.2195
27.995
1.01832
17.6981
47.1416
2.8789
55.3042
2.91721
13.1698
17.9305
5.37895
60.7742
15.467
54.4902
30.3889
6.2861
52.3125
3.21204
60.9415
18.8261
9.67024
15.5606
63.5491
45.153
55.2491
3.19148
1.69311
0.796674
58.7093
11.6626
17.7754
10.4082
13.6342
53.847
11.9914
55.5065
51.0916
9.54034
10.5326
10.8906
7.17388
32.1416
61.2983
45.7575
9.41376
49.4299
10.7452
2.57267
56.4932
12.4812
8.7627
0.882086
22.8959
16.6421
4.22905
10.9206
8.93609
3.75798
10.2857
9.2498
11.0218
44.9193
18.4192
14.2348
41.7971
12.024
0.951498
13.2833
36.7294
37.3458
13.2453
7.86326
13.2605
5.7999
7.93577
10.2782
35.7189
3.34271
14.0082
27.6376
57.6762
55.675
5.94547
47.817
2.47251
3.80114
16.7899
13.3892
10.487
57.5091
12.1944
51.4873
4.77795
0.21493
43.6916
49.859
17.814
36.5625
59.2875
17.2546
4.4061
3.26402
11.4802
18.8911
13.9131
1.71487
13.1385
43.9036
27.3717
4.86531
35.9409
7.83143
4.71826
45.7792
50.693
55.483
62.6777
38.7517
14.52
51.2105
9.53091
31.1161
49.8922
61.1586
36.8555
1.85654
49.2331
4.28129
34.8346
61.9806
41.49
42.5499
6.30141
60.946
13.7799
16.2377
6.85899
21.4013
60.568
18.1539
1.18981
15.2299
6.36045
17.7184
10.0949
11.1208
12.7314
16.9981
8.19442
5.82458
13.2611
62.2499
4.45782
22.7872
2.19343
8.35657
56.3421
15.9371
4.39749
15.7506
3.5683
49.5922
57.2209
4.87417
51.0253
29.9453
33.3924
11.1422
15.4672
2.60636
10.5208
56.6211
12.5254
14.3184
1.37081
42.8444
33.9941
18.9755
59.1013
22.9469
13.0018
5.01088
52.1361
43.1251
11.602
11.2013
55.968
15.4444
12.0802
0.378794
12.9924
32.6699
14.5189
13.2334
12.0672
63.0148
62.6287
13.4011
5.56677
10.7801
25.1318
13.3934
10.6907
35.5774
17.973
16.9553
6.35678
17.1401
12.7266
7.99666
8.40742
7.95602
40.4723
7.51705
16.5621
23.2315
9.5459
13.3712
27.0914
1.93707
43.6029
24.3508
5.29065
14.4964
17.4805
14.8461
36.2379
1.39476
6.59913
56.9886
7.54548
11.2633
2.39531
63.0971
19.5849
5.35886
17.3313
4.20958
8.22518
21.4712
63.1101
7.99812
20.3833
1.24999
11.3095
16.2794
16.8011
21.5215
11.2971
2.72452
3.33571
34.1011
5.32423
59.2876
44.9379
17.7324
61.2438
17.3574
16.1249
7.36758
15.3508
14.8621
11.5576
18.4389
7.405
11.8535
7.21402
17.8993
7.7238
0.600211
56.5691
23.8962
23.5025
11.4305
15.4981
33.6123
37.138
10.2297
13.8005
6.59744
50.9224
15.0311
16.7226
61.7604
18.1685
45.6471
3.06888
2.21994
6.29332
5.9414
39.403
1.16102
12.0556
25.2659
9.3692
47.1202
14.1207
50.2534
9.17099
14.6658
44.2019
19.0427
10.0121
48.7555
18.2601
10.4356
13.08
1.74111
10.6665
15.8485
61.5778
4.69605
12.9852
10.4945
7.26207
53.6275
4.26791
56.2846
6.22547
31.6917
22.792
12.7328
5.67545
52.7632
45.6232
38.798
1.55626
16.6527
7.46378
48.5057
11.8398
5.28074
4.51911
2.85828
59.7102
28.0657
16.7947
41.6981
26.852
28.1855
7.19338
0.656035
18.188
8.43917
5.56656
20.5297
48.0193
0.943318
12.9763
62.9222
1.79755
11.6804
2.98669
2.61178
22.3566
29.0796
33.0265
23.8769
7.47184
6.29681
0.613966
16.4156
0.19684
25.0734
4.33412
41.6682
15.9384
12.308
13.0062
0.419024
5.9469
50.4265
2.42223
14.1293
29.8709
36.0104
63.8101
16.5088
6.29218
18.8526
61.8584
53.973
30.2273
11.5025
1.99024
9.56144
61.6811
12.0697
8.74263
0.302636
53.5327
40.2423
12.6983
1.94763
61.0406
7.45517
19.5245
1.35601
16.2672
17.6345
11.6266
7.96057
12.8481
19.2215
43.9091
51.9636
63.017
16.1635
10.4593
35.5793
36.968
4.62042
34.955
10.3917
15.3949
24.3618
14.5788
15.4884
6.09703
54.0163
9.44456
59.0378
55.8537
31.5125
14.0933
11.8587
4.52909
11.6931
16.6211
27.9347
19.8061
54.7657
44.8937
62.1771
18.2735
0.742523
39.9695
6.17107
25.0434
18.4104
26.0835
0.140743
2.23784
9.57129
38.9408
10.0041
41.717
6.19032
14.0693
14.4616
10.1841
13.1883
7.83586
11.9429
41.8623
62.5422
3.15823
8.17035
42.2369
1.50277
2.5639
13.4343
41.8266
3.16772
55.9457
12.5213
18.0748
3.47981
31.8451
28.262
15.8868
17.9972
58.7525
5.1616
38.4907
7.64522
2.24601
62.5317
34.5351
44.7459
40.7989
57.1684
17.0575
8.54034
1.55749
46.9314
25.2471
16.4264
5.33705
45.4334
10.2399
10.4219
9.12681
4.4645
14.4613
18.8609
15.5524
10.285
40.6466
5.3994
32.3727
27.0944
44.0805
1.11531
13.7817
7.85862
1.93104
15.0094
2.7331
32.7622
11.707
24.6462
33.0363
43.6419
31.5488
7.16599
43.2756
37.9966
15.3641
49.9922
18.5432
13.5358
17.5208
50.2857
8.93131
52.5805
17.4734
14.4881
49.6797
0.0437921
54.273
53.6899
39.477
12.8545
6.79194
51.4349
35.0341
14.4985
63.4663
59.719
2.99483
0.261966
62.7494
17.1668
8.36329
21.4922
3.51442
4.66854
3.38927
0.981422
17.5905
19.0481
16.8141
0.801545
13.953
18.6886
19.0562
12.1748
13.4397
59.9272
2.9985
5.70352
4.14882
61.6905
3.45937
13.1214
38.5416
1.77965
18.0624
57.5751
57.0889
2.66935
4.82036
19.1118
17.9845
44.3665
18.483
12.1312
34.8145
26.1515
9.84851
17.629
3.32641
5.29075
14.6078
4.41116
53.3013
4.68393
19.637
42.0973
6.29775
32.7381
7.27996
48.7314
0.331157
1.82427
9.95113
16.3228
5.83367
11.5113
2.29369
10.4738
61.5152
49.2325
9.774
3.54399
14.9598
6.93604
60.8748
11.1149
22.5242
2.61827
23.8596
49.4542
29.1377
18.7096
16.3182
2.86968
6.32691
63.6233
28.694
2.43486
22.6248
17.2368
17.1824
18.5168
60.2612
2.73723
5.35421
53.161
11.759
17.3465
17.6213
56.2929
17.0721
42.9668
29.7581
17.2498
50.453
54.1068
20.0385
15.4287
42.4384
34.3854
48.9471
57.8793
9.81618
41.708
15.4313
29.4877
1.67288
2.92701
56.7973
58.0571
19.305
6.6597
18.1343
51.8982
18.0514
4.93606
5.62791
38.0819
2.67385
1.0671
13.2604
42.4386
56.8782
18.8199
27.3598
40.9708
7.26594
18.978
13.7069
0.134763
40.3303
10.9611
8.7908
49.1883
41.9332
22.9268
10.5922
9.41887
5.48803
11.988
7.5536
5.82044
22.5503
1.27155
35.5815
11.8974
50.44
7.5066
15.9167
11.2024
7.77349
2.8861
18.4508
44.7315
31.1266
9.28738
18.9035
22.0699
12.8858
0.148123
9.05193
39.2919
52.3605
6.50494
28.1765
51.5128
36.6886
15.6329
10.3926
54.3232
11.3594
48.7313
8.15196
5.40484
13.0472
6.43093
1.84198
17.0195
33.3068
41.3276
3.17617
16.1691
4.42293
15.0416
40.5295
37.6556
63.5307
3.70317
23.1553
44.0122
12.3641
4.6285
56.4443
44.2963
5.63984
49.5069
54.9965
17.9855
15.7796
5.71961
14.594
43.2358
23.1822
20.3774
1.45011
0.38255
0.117061
6.8839
12.8006
13.0812
19.7865
63.7797
9.36916
0.66129
13.6496
14.3702
6.70835
1.11842
15.3569
56.6854
44.3715
10.6215
7.5941
25.3223
57.0177
0.51562
18.2307
18.8369
20.8389
22.6782
17.4781
10.8867
5.34303
11.1307
40.7525
8.6379
47.5889
34.9199
48.9714
46.5783
26.0191
17.5465
61.5399
58.1893
49.6727
22.7619
9.45288
24.124
56.2735
14.4134
31.4093
17.2839
9.49818
26.5262
62.5286
16.4177
55.0238
56.1859
32.7782
9.77592
33.4781
30.3517
12.2431
23.5159
2.93958
59.4466
19.0012
58.716
5.47425
36.715
19.1704
15.4227
22.987
4.57514
40.0554
11.9861
4.2566
1.39305
11.5116
29.2506
29.0324
6.38776
22.214
16.4689
55.5553
28.1554
45.386
57.7929
20.1823
51.1234
16.6513
6.63578
61.8479
8.12775
12.6381
39.4851
12.5848
9.66869
52.1223
9.1525
17.6621
17.4396
10.1058
45.8754
6.48671
10.0219
16.652
43.9833
0.350627
13.0221
48.1423
16.5691
3.27629
25.4902
18.7863
19.1338
4.71484
21.8131
30.0343
48.3225
10.5077
47.6554
15.942
16.3769
13.5055
5.78213
34.6869
36.5451
1.20604
14.9313
2.11099
46.3689
58.2532
51.3868
16.4423
33.4872
29.1414
6.27765
17.8014
5.67869
1.94643
1.56811
4.69682
6.67911
1.14661
8.0276
31.1003
36.1973
46.936
13.9592
34.2515
48.6912
56.1323
61.326
5.46906
15.11
34.5909
8.87068
6.75485
16.958
55.2866
4.22166
42.9047
19.0535
47.4432
24.5983
22.8808
36.5914
13.2244
55.0961
17.2735
7.85819
29.2891
13.497
30.6487
46.4577
60.3057
32.4625
16.4053
54.1641
19.0671
16.6167
3.2409
19.5839
15.1821
12.3385
2.43624
8.76281
13.1489
58.7145
14.1051
11.4937
3.68926
34.3073
12.6968
4.72522
41.0894
8.17828
2.54203
4.30242
13.4366
16.125
31.999
28.9303
18.3112
7.07051
44.5331
0.0834581
10.7984
17.2171
29.9304
12.1296
10.1938
2.41065
1.50459
18.3653
11.0423
14.9035
6.14347
8.13905
8.89855
8.05552
4.21442
58.1797
6.17332
3.82405
12.4939
31.7117
15.5229
37.5169
6.08579
56.9182
18.4489
61.6627
8.36409
58.3992
32.2651
8.20233
30.0174
20.1714
23.5982
13.4689
59.3372
7.11682
13.2115
6.33297
19.3028
5.77017
35.1213
7.42545
52.1992
14.9715
6.48211
13.9122
10.5633
5.61452
12.6583
1.48258
14.6459
21.5389
8.59695
22.0124
18.7283
30.1145
14.1401
5.01882
51.5857
16.9578
19.0016
4.18272
10.5009
48.6758
1.52958
62.2873
3.61367
44.0605
17.7441
23.3602
2.99387
47.5577
19.1994
5.31061
0.609163
12.3004
59.0416
3.87508
12.815
59.1771
46.04
12.0552
17.1578
26.7171
3.65651
2.14154
16.445
47.1946
13.5939
37.5422
7.01445
19.8723
11.2031
36.3376
4.02492
41.3173
1.56162
44.0153
4.60769
1.02572
42.5108
15.3501
3.46122
25.2388
27.7646
2.3814
11.0876
7.07742
19.0493
2.23723
21.3721
7.61212
13.0391
5.07045
0.738299
51.756
58.9903
8.25126
15.6349
16.3331
39.5607
8.83648
2.1483
61.1129
52.8774
59.2115
39.0813
10.893
12.8272
12.2996
8.10423
0.405764
21.843
9.19554
38.2345
4.96768
9.70943
6.56498
16.5803
11.3914
6.63888
53.395
8.9316
8.37143
6.90777
1.61754
18.6992
1.47781
1.56609
28.3331
14.0346
16.9052
4.14946
25.8196
54.6169
26.9997
20.7057
31.6503
44.0282
33.5351
19.0036
14.9503
6.02822
15.0712
25.448
0.869584
4.13374
59.3345
56.9212
4.58433
28.3295
30.0155
59.8089
9.32645
13.7591
41.119
51.7962
2.92649
26.6436
7.94817
10.5023
6.23634
10.8104
1.44804
53.6955
58.9089
17.7894
49.6809
9.70057
17.2723
1.85283
7.97324
18.5922
9.48147
1.56699
45.2452
56.301
59.0666
44.9147
44.6631
18.3213
11.598
49.6733
1.52812
17.1476
10.6827
17.8976
62.9714
6.69474
9.07425
37.8472
7.9244
9.17404
21.7882
44.8764
18.9714
10.0146
54.2632
39.9944
53.1062
10.6393
58.8901
10.5175
52.2958
7.6038
10.3069
0.683039
10.4508
13.4418
42.7933
20.6154
53.6298
1.85693
1.35778
6.84286
0.0124856
5.45334
17.5368
61.2019
20.8417
1.15637
10.6553
2.98684
57.2253
2.55248
15.0349
15.2293
6.36434
2.32662
60.219
40.0993
17.5631
15.5374
19.1106
51.6834
6.62953
48.7264
9.20805
9.63582
16.0584
29.4356
7.89746
12.8465
45.9242
45.4202
7.66114
61.6988
18.0881
50.0886
38.055
23.3706
6.77294
8.53152
5.65064
4.46902
14.637
9.87273
14.5935
23.8136
8.89283
18.2437
17.7802
55.056
2.92954
14.935
32.858
12.3127
63.2178
17.1324
17.179
16.1397
11.2384
19.9458
11.7579
33.3116
40.7267
1.6189
54.5516
31.2353
59.8727
55.7642
41.4071
1.23936
8.54453
40.4338
18.0746
45.9755
45.949
12.3328
8.74509
43.9682
16.5473
7.22889
8.89265
17.7203
47.9566
8.92
7.14244
38.4357
47.5155
9.59664
15.3709
62.5199
57.3361
4.99653
3.14603
16.6066
45.2979
35.9658
0.666202
0.451914
3.32522
9.70208
27.2372
60.7722
4.9537
8.37976
18.3778
10.8827
11.2048
7.31686
16.6132
29.917
14.3888
22.7746
5.63243
57.5117
34.1625
46.8512
21.3181
15.6915
39.53
57.6881
37.2181
14.9095
7.93455
25.5149
0.531607
62.8845
35.6882
40.4781
13.2742
17.0993
59.7261
15.0661
2.51409
9.06089
12.2842
21.1486
21.3856
48.5593
7.71963
44.1663
57.3587
46.6196
13.1754
6.59165
8.63271
3.24845
27.6469
37.3997
14.9616
5.37381
45.3054
51.2753
14.7097
7.15276
8.13228
32.9386
11.8582
0.585
10.1012
34.5151
11.859
26.2845
16.8837
8.41383
0.893347
38.5703
13.3406
35.9819
6.1879
0.843308
46.2293
0.82399
6.43541
16.5552
16.0917
7.01128
1.66969
1.82817
4.1258
2.62146
18.4106
45.8488
41.4331
62.0646
43.8614
17.1835
59.5336
12.7411
8.98094
5.5074
1.53765
2.68996
59.1523
55.8862
41.687
38.6263
15.5494
50.3296
37.6868
3.63263
11.0365
11.6619
51.233
16.0611
4.9239
5.05491
6.18015
20.8786
23.0251
7.58114
61.4435
12.4885
13.5166
8.80977
1.83295
22.3626
62.1908
49.3536
53.1322
15.7901
18.1885
22.7075
4.36248
47.4663
7.16114
11.1714
18.2187
35.2364
56.9038
15.4962
10.5316
15.4001
17.1342
1.30834
20.3893
3.1133
18.5556
14.5951
62.5939
54.1065
14.7464
13.8038
11.592
22.3815
14.4123
14.6437
9.435
17.5165
2.20847
61.8819
14.6422
1.80663
17.8061
8.74413
7.25356
37.2239
60.5035
18.3778
38.7975
20.0569
48.9357
3.87313
47.45
9.71266
18.7302
31.3183
16.567
51.3939
18.5417
36.0546
0.733192
9.87827
18.5817
5.80248
4.08736
5.47259
7.41879
17.0209
34.8484
26.9259
14.8146
59.1567
34.9537
8.45756
12.1564
25.8712
31.5031
30.9048
5.50564
17.7349
59.1969
29.1468
36.2986
52.4855
56.8291
20.3303
9.36755
11.679
2.37661
0.263408
37.4938
17.4763
52.7501
15.755
23.3387
17.2633
7.05701
6.3468
4.46005
6.28989
10.7877
14.7726
4.10148
31.5134
11.3726
7.07517
57.5724
30.5083
13.5852
9.22919
8.89657
57.6217
62.8064
1.90494
6.59514
32.6155
45.0495
31.2302
23.5544
33.9169
17.2099
10.5714
0.215798
1.14317
9.76517
1.99936
41.1687
44.5849
14.992
30.4173
8.21697
4.73175
23.4615
9.21402
1.23701
9.19413
55.1991
18.0449
37.9587
37.7791
14.5584
61.537
5.84828
25.4585
5.19372
10.6628
20.5023
0.993756
23.7884
8.78991
2.25811
9.1778
10.3475
8.18993
5.59831
1.09763
47.6299
4.91089
9.17184
19.2581
34.5968
48.1377
23.7328
10.3348
52.6692
30.0819
7.52992
5.10841
61.9735
6.79976
50.4844
9.92256
8.19349
51.0732
6.95403
51.046
12.7184
16.8921
14.7468
26.2156
5.39666
40.6194
45.359
52.8509
9.30376
43.4678
0.934646
14.6369
30.2532
4.77999
31.7948
53.0664
7.4883
36.3689
6.76547
43.0521
0.878044
62.6344
41.663
17.3726
10.9916
29.8042
53.7685
12.6321
53.5774
7.81277
30.7795
46.2397
9.83776
2.22116
37.3449
11.3831
44.2133
17.3174
18.047
18.9185
17.7669
31.122
9.89808
0.910078
5.08556
13.5199
1.09503
7.5649
8.69826
2.91108
51.4679
8.90845
0.269195
0.112469
16.3108
4.47419
9.8865
25.2517
3.86986
46.9031
8.07168
12.3732
4.32173
9.05244
57.5025
40.7745
27.1534
33.2161
14.0317
52.6916
24.2232
39.754
16.979
54.7431
46.1636
8.73494
1.1679
31.2153
57.1741
5.0788
7.71116
16.9205
1.73597
56.2625
33.5085
6.60225
8.69676
10.1624
10.5491
44.6536
48.6086
18.2115
15.1908
10.6412
15.452
48.912
56.2773
8.0538
7.10414
48.5763
13.5502
12.9726
48.1122
14.538
13.3399
62.1664
47.1032
58.2258
16.1315
14.7183
9.62063
2.43921
9.46086
61.1417
45.0727
10.6591
56.5632
5.40307
10.6241
11.2549
18.6417
16.9762
0.926729
3.98285
10.3576
15.3576
1.44491
7.5234
6.45917
42.4087
9.51631
12.6384
9.49327
1.50608
50.2614
7.3348
26.9317
26.5034
5.94198
3.81666
39.2375
18.0477
10.2022
4.04226
22.0589
47.0443
23.9237
7.45724
61.1463
58.9043
63.9203
13.1623
7.03636
57.1375
16.4372
4.34865
9.29086
4.06405
30.6245
3.35512
26.8201
5.67606
3.25708
35.5716
28.4291
57.4511
17.6448
26.9307
43.6768
17.5734
7.47121
4.16418
29.1608
10.6124
57.4407
18.2529
24.9362
5.15422
20.3832
14.1921
0.576449
17.9542
5.11435
61.6598
17.6823
20.6466
15.1488
18.7294
17.9504
5.66089
46.6995
61.5671
1.03366
18.9584
8.24367
48.1062
9.32923
9.3919
1.06285
2.69003
53.9665
2.90141
63.4098
18.559
45.4331
34.7589
17.7687
52.2561
30.2052
52.84
14.9581
2.55242
9.08368
6.58747
42.1939
21.3629
43.7545
62.9193
16.7459
20.3164
16.0942
59.7806
7.2382
5.66906
17.5974
0.552291
3.62928
15.4762
30.346
20.5745
1.1289
4.21627
49.9415
13.1945
18.406
45.3674
33.8896
9.44849
9.5052
16.1209
12.5283
20.8195
52.6939
13.9313
10.7012
34.0827
11.6205
3.34688
11.7857
24.5127
1.78639
39.3485
18.6149
0.639529
9.02571
45.7379
16.8577
9.92617
2.52298
35.7441
0.0461072
34.8548
9.5855
10.1877
43.2838
27.7381
58.3848
19.1432
8.91613
31.8914
2.12938
0.887883
28.9309
55.9314
7.69559
51.2385
2.39118
47.3728
3.40457
24.2154
11.8788
51.5808
26.6428
2.78054
14.4227
2.08991
21.7049
3.88092
18.6159
33.0817
30.4545
17.5569
34.3314
55.9839
21.2701
23.0963
44.0935
38.3092
17.3748
44.3992
12.5454
45.4768
5.42684
9.08007
47.1831
29.022
3.23969
4.21034
62.2247
2.38487
1.36627
14.403
6.53661
11.5135
25.0122
4.07985
14.3101
6.01154
15.2092
10.7781
15.7928
15.1477
38.7813
34.2809
36.3985
6.43626
55.7179
2.36229
17.0444
13.9344
27.1296
35.9033
12.7693
14.7808
55.5977
5.15915
18.8174
41.4671
17.122
12.3179
7.45409
0.653281
7.63782
9.23404
6.95545
5.99726
10.9169
24.9735
11.9667
1.30662
21.3095
11.0539
49.1802
7.77741
16.9288
11.6293
3.32031
24.1452
11.7741
5.08037
34.7355
4.89499
13.2307
52.3517
58.3501
61.7517
11.9121
23.7576
18.3158
3.91324
1.63004
37.496
16.3247
9.73434
46.3581
2.04444
60.5626
5.25439
22.3929
50.6461
16.3466
25.6362
51.0333
10.8937
5.48401
16.0899
32.3932
56.9704
37.5416
5.45946
4.07703
30.63
22.9555
46.8778
47.7538
2.33994
22.8771
10.3131
62.141
38.1423
36.4466
12.9747
11.2154
2.00591
31.4316
52.484
6.75764
14.1089
43.5174
16.1658
44.2503
10.2767
21.1138
14.7941
11.7272
37.2175
10.1669
62.5665
29.3119
12.6274
24.0247
11.5962
27.3827
30.408
12.4049
27.2339
48.3866
18.3033
58.7383
41.9852
47.423
62.9911
6.44922
17.9768
4.46938
39.7615
9.55202
15.8815
13.8635
61.9093
8.68252
14.8615
3.41399
12.3283
20.1059
39.7774
38.5821
43.3214
16.9844
3.31926
16.5215
57.2318
10.5058
15.2855
13.8702
11.4555
56.2494
58.5708
46.1918
5.89236
11.9998
62.5594
38.6606
4.06261
41.0441
6.3665
43.7286
9.63029
1.58251
4.38551
18.9238
0.324974
8.11054
0.0917396
16.136
38.209
2.98305
2.17662
54.4437
12.2307
56.6462
45.9349
6.77052
27.8274
17.5262
8.60244
16.2764
21.8488
17.6962
55.0224
15.2299
7.16502
42.2487
7.69879
13.9459
17.6959
1.5238
15.8073
3.07781
14.8005
8.52978
0.786812
6.33079
1.48981
29.5519
43.1137
2.32736
0.856148
13.3367
25.575
18.8668
58.5568
0.290651
8.26062
2.66818
13.6729
33.7562
15.652
5.18016
10.8385
18.6581
9.79146
2.35476
11.405
28.7568
28.014
54.0888
7.59433
2.86839
22.1557
3.24296
51.7273
20.251
16.6944
13.0175
30.5476
12.7895
1.26429
9.72982
15.4674
24.326
3.40387
63.8856
10.4263
14.2672
2.88606
2.31174
1.00558
3.68031
3.78014
13.4321
14.2297
8.25037
55.9846
5.21584
2.60715
59.3912
10.1653
4.28469
63.9451
36.68
13.5738
25.9822
4.35702
16.4741
42.3184
27.7931
0.0982153
39.2537
14.0121
6.36072
10.4227
9.20926
15.4428
5.15345
48.0667
5.61663
33.0305
37.1242
5.41184
56.1212
0.608381
14.6665
59.3002
53.2624
0.232668
3.18769
43.0675
15.5847
30.1175
56.0961
1.1228
18.4628
55.7897
50.9797
1.14923
24.4392
18.5885
3.89806
17.1772
16.2767
30.3039
11.7846
15.8623
13.024
50.7956
9.05853
24.0636
42.0644
31.7047
11.6736
14.3584
10.811
63.7933
34.0019
35.767
61.8311
26.9166
45.9929
57.9158
2.12652
2.54589
24.288
59.975
0.445271
58.3875
27.036
4.22917
13.9711
1.10519
44.1913
18.0966
20.4641
40.8915
34.292
31.7833
12.3219
17.1431
26.2488
15.5602
38.1829
29.3767
5.43482
36.0994
31.4302
7.61623
36.4785
24.1907
11.6466
26.2903
41.7627
54.8222
35.3074
0.789164
62.1874
15.1303
32.1284
8.25436
21.2676
47.0965
17.1356
40.078
0.474181
11.2936
3.47066
50.3224
13.2363
13.0247
17.5692
19.0636
3.0425
3.5681
12.6165
1.13508
2.98541
12.8382
40.4165
55.1413
17.841
5.46149
48.2178
50.264
10.2514
15.8131
20.9158
25.4334
13.482
57.691
0.308834
25.1196
24.4394
16.783
12.5618
43.7001
7.65372
3.31181
7.42616
9.05442
15.5424
56.8934
1.94976
38.7981
16.9457
6.05897
13.8349
22.8596
0.734364
13.8298
42.3707
10.0112
18.9056
3.39875
2.44579
14.6912
49.8344
15.0648
50.6755
2.61639
1.42206
51.7936
16.9092
35.2405
48.9878
30.5405
49.2515
35.8722
59.2497
46.5468
20.8763
17.3136
3.6309
0.686754
8.6307
50.845
5.57024
29.0127
1.11407
4.79696
4.52615
5.26795
6.98575
6.09546
25.8978
22.3543
17.4158
0.730037
6.57215
7.46469
49.2269
51.9136
19.3923
17.8765
36.9255
5.10055
32.6265
8.71069
58.0543
12.0789
2.17294
27.5871
29.9851
5.77168
1.09705
3.64261
8.45811
3.65133
23.7953
5.03799
1.84082
45.4012
16.3647
3.9248
44.8709
3.9178
1.51317
55.3304
13.9889
20.964
61.2093
5.92481
10.0715
0.298191
7.04628
14.7622
8.908
14.7854
17.0005
20.3465
52.3319
10.7343
19.1998
62.5416
62.7045
12.2923
55.6049
23.1037
58.7581
0.232339
41.1624
51.6858
19.922
11.4469
55.9365
19.0735
28.6186
61.3699
16.1573
16.4224
50.4674
5.66595
40.9838
39.3657
12.8249
30.6764
2.09498
50.4262
49.9454
30.9952
5.82033
50.2958
19.374
13.7854
17.1159
15.061
48.7946
32.9561
3.13025
10.1872
20.3676
60.8033
5.39547
18.7895
13.0618
39.1046
4.30376
27.3699
45.1152
48.2391
3.32118
12.6139
22.49
3.81984
8.18894
7.14855
36.7587
4.45662
14.2743
16.2144
16.133
15.9845
9.24046
54.542
17.1562
3.24307
26.003
6.83093
10.3707
8.295
7.88932
15.8634
44.3127
7.6483
6.28159
5.11889
57.8138
8.26652
12.5184
0.342926
4.10885
54.3386
0.588092
4.18337
50.8643
27.2386
0.132966
40.4998
19.0978
0.155788
7.91334
48.6108
1.21211
58.554
33.4092
12.2071
61.7379
55.5086
23.7734
55.6965
6.3317
56.3033
3.47269
7.21144
23.1153
26.2188
11.0715
2.75197
11.2265
2.25335
50.4318
1.37791
7.40336
60.5292
7.90132
15.5746
62.951
13.9103
14.4586
17.6991
29.0028
10.271
45.0454
60.8105
14.7715
17.9444
1.03534
14.1005
56.0675
50.643
0.157733
17.0655
13.5894
5.26068
40.7538
7.97799
5.76453
4.46902
45.7551
3.94124
7.3929
11.7062
8.9228
3.80259
29.5178
5.19194
36.8299
12.3389
17.9211
16.5698
41.8392
44.1951
0.132337
5.33945
3.10259
1.94032
7.48328
0.724943
37.2308
14.3144
4.70779
18.1335
50.6778
4.7763
4.7542
61.4789
17.2513
8.87234
56.9265
15.4091
57.4856
10.9664
58.9636
62.7705
25.7365
8.03467
46.2206
40.5131
16.7267
2.30915
41.9797
51.6975
4.04266
26.9175
14.1341
4.91398
8.63712
13.1461
15.8
19.9323
22.3249
13.5571
22.7331
33.3406
11.3639
4.30083
11.8679
28.1941
10.7016
3.72947
7.24786
4.22474
0.898795
32.5155
12.4761
10.5584
3.04898
33.1999
9.01969
53.2102
4.44088
61.6647
18.3337
11.5915
37.6101
7.13425
44.0663
10.8923
8.18464
51.3935
17.779
30.8704
0.421261
20.3662
8.2708
14.6792
61.1181
8.18033
1.51748
4.43109
7.0804
17.2323
11.4614
28.0352
22.8876
20.6053
38.2136
1.63995
43.1641
53.2147
7.07522
10.1681
5.09282
43.1266
31.2612
19.9286
16.529
6.87525
41.7471
17.0235
16.4935
21.6874
24.4822
2.19978
12.751
11.8881
1.51311
50.1772
51.591
13.3323
22.1963
57.9123
28.4143
4.89682
12.4049
5.69457
55.3039
14.4294
33.2197
60.3824
56.0256
9.58709
52.5376
5.80786
61.9995
19.8117
6.56816
12.7997
1.62342
7.91512
9.73432
1.25317
3.77423
8.40356
13.8467
11.0921
19.2147
10.4441
12.3289
18.0169
19.0449
17.6079
3.33159
3.73852
23.1575
9.03914
13.3818
6.68806
13.1202
8.39634
10.8868
62.659
6.15565
57.2963
9.6257
38.2018
7.75982
61.2432
13.3627
20.1986
56.2088
47.9468
3.83795
63.4536
29.1929
21.9852
5.09864
7.24612
44.3696
59.9115
15.6242
61.5228
41.3282
14.1417
23.987
51.8065
25.5593
9.69299
7.77737
25.2644
18.1757
32.3294
15.8268
60.5069
18.7448
10.9108
35.4666
19.3669
34.2028
6.80844
22.2483
6.72113
10.8774
52.0738
13.6846
51.728
6.43776
44.6131
45.2803
1.16171
29.4873
34.7815
30.4258
31.326
8.55448
26.8004
38.1235
10.8658
44.615
1.99038
4.48416
4.78603
42.2071
45.0154
36.3559
19.7783
16.3846
36.8004
20.522
9.35481
15.8699
22.0223
12.4586
16.4124
4.58443
12.1478
25.0088
14.6425
37.4588
32.4654
21.9432
30.2327
7.89952
1.58235
33.9426
8.97286
52.569
56.8311
8.39471
17.0931
4.66046
13.6369
5.22805
63.7164
42.3235
18.7583
9.98167
34.1717
1.77022
7.12839
7.24427
3.52616
14.1271
46.045
47.2298
34.8761
33.0543
4.70719
18.5363
11.0843
42.462
10.7298
17.0567
12.3878
44.1163
5.4001
7.52053
9.44361
11.1305
18.0161
11.1579
8.44128
4.60692
26.5341
3.66288
18.2722
2.42733
56.808
46.7745
13.3777
4.16417
14.1821
26.099
18.2406
10.163
14.6558
26.9166
34.6127
39.8946
40.7485
32.6706
10.3426
48.9551
16.5317
14.3513
16.8892
14.48
54.7692
11.9621
26.6132
10.4798
18.0973
35.5566
5.38948
61.749
12.0431
50.6796
34.6128
17.3816
14.0154
53.1048
5.97252
54.0204
12.441
47.9045
6.80854
4.12858
15.9104
14.0031
40.2972
4.77184
37.6776
1.52804
46.3461
10.1874
18.426
57.0612
13.0435
63.1677
0.253451
48.6135
59.4576
1.72244
9.89597
13.9874
46.6404
4.33057
0.355184
47.476
41.1188
36.9054
53.6254
12.1232
16.1974
32.8854
1.93451
28.017
3.05143
3.42455
33.1417
6.10288
63.4249
10.2137
34.8758
13.1255
30.1664
57.4563
48.3572
4.59962
28.907
15.3638
34.2363
25.2593
18.1633
9.91859
36.5951
46.4506
52.1551
5.77969
10.9236
12.2609
18.848
56.6121
4.53254
7.39614
2.39833
15.2764
47.4411
1.24012
39.6304
51.9266
7.93268
4.16017
62.8465
18.9363
0.182946
5.83203
17.0512
9.42052
61.371
30.8939
13.9694
1.09718
53.8692
7.82987
63.3024
15.7437
10.4138
15.7665
33.8441
0.00682026
39.3582
2.7709
7.04483
10.7982
56.0422
45.8365
10.8011
12.2922
11.183
4.96098
15.9625
12.0465
40.2015
4.35055
19.8071
5.84634
15.4054
6.38595
42.0261
49.3204
23.6111
3.81444
5.53797
1.44806
49.9662
55.8477
10.8701
62.1304
2.28026
29.1599
0.898053
5.70957
28.0946
21.2681
18.4028
4.19834
11.5169
57.0027
2.58888
34.9255
0.810648
2.96286
8.2602
12.6672
15.2362
15.3334
61.3672
29.4557
9.17529
24.0617
7.25555
5.38346
11.5327
4.22691
31.7371
36.0635
49.8374
54.3135
14.6232
37.4581
13.2468
50.3762
61.3356
50.0997
23.5138
11.4817
4.25743
62.0559
2.29178
13.4315
1.03192
1.93655
55.5812
19.0242
10.1302
28.2503
56.1083
25.8525
26.0753
5.91232
18.2319
3.85914
14.6036
54.2041
1.08268
12.8294
41.6459
15.5317
18.1314
49.0037
10.4306
40.4771
2.15127
0.89653
14.1125
16.2248
6.01468
11.0001
36.4318
9.74695
44.7496
16.3974
23.1603
5.87343
4.72476
6.4862
1.19082
13.8549
32.4048
44.6269
57.4015
49.0942
17.8736
4.42795
9.80192
32.5715
15.2666
8.08142
0.191067
63.3162
16.9366
53.1552
16.6418
5.07439
60.0924
45.2628
44.993
5.37947
8.78688
7.47848
18.3512
4.79827
46.1751
3.35745
8.79618
62.5702
6.57968
12.2914
13.9561
0.0617747
16.4263
8.44567
11.1857
10.6356
25.9071
2.09503
8.07296
12.1808
59.363
55.3032
2.49596
4.68789
60.2893
7.55889
6.33411
35.3308
53.4734
11.4561
18.3901
60.9699
29.6635
16.4065
43.0425
10.4652
42.2673
36.6522
13.0142
46.4004
35.9332
53.7372
18.365
24.4282
4.55839
54.9352
6.40725
0.862479
5.24067
7.12363
38.088
40.7907
18.5688
8.04665
49.8634
19.0658
12.5564
45.8852
13.7504
13.4293
3.90991
42.7916
21.1092
5.97239
48.7754
11.7243
10.8463
1.24366
1.4593
3.87922
46.0052
37.2819
3.38084
1.08577
38.7147
7.46401
57.9627
33.17
6.26016
14.2262
18.2857
62.1322
8.20431
49.7871
0.895153
11.1579
35.3314
26.9074
22.0887
1.72419
45.9955
7.03525
10.2853
18.3091
2.709
2.83631
7.29275
19.3998
16.988
8.43562
8.18587
19.7684
1.2652
35.6232
4.07116
14.7645
45.9547
40.9632
19.6736
16.415
9.99329
13.095
29.2521
39.7922
56.359
54.5634
18.0556
18.5906
27.6689
8.78094
2.03465
16.7883
3.97106
57.4153
9.00181
42.4055
4.97909
50.0817
0.0901845
2.0275
4.91058
1.35934
2.36428
48.57
13.0026
6.91048
58.6972
1.68828
10.617
29.0299
15.7381
34.7599
4.40724
11.6002
46.1317
5.31286
25.5763
10.913
29.8697
9.14705
18.8653
31.4689
10.7727
15.6725
5.26693
6.98825
13.5142
41.3072
5.83678
4.32585
41.3346
9.53802
53.5906
63.4918
4.75163
62.5806
11.4333
46.2532
57.1251
9.05097
14.5281
11.6846
12.1556
1.20541
42.0732
49.8232
15.5931
2.88308
14.3621
8.63221
63.2413
25.7704
25.0006
6.16386
4.99327
24.8024
15.6002
63.437
51.0046
29.8346
42.0359
13.1488
38.4891
12.5617
3.95944
22.8519
18.017
38.7035
15.9721
33.6115
8.83476
16.3116
47.2055
5.39129
19.5025
49.2228
50.7814
17.4973
4.58663
18.2545
39.6808
16.1358
9.11231
36.6623
44.9698
3.59544
8.3184
1.67934
11.5877
31.4502
5.22018
14.4253
18.5058
2.3502
62.5276
63.5637
56.7165
6.09143
59.4423
45.4547
27.8921
35.0882
50.7946
36.6622
30.8689
56.3263
14.2531
18.9763
49.8742
13.9945
33.448
13.3197
15.6174
4.44273
24.1978
5.17739
13.4834
26.3972
15.5085
4.28506
56.6317
31.5406
4.83596
54.0396
13.2448
41.0634
29.1708
18.4717
2.11568
17.5099
58.2379
11.5168
4.5472
2.39633
3.72917
51.8244
6.53206
41.5958
42.128
17.9022
17.1074
13.3386
18.9862
4.52383
14.3958
11.4498
12.6933
10.0696
18.1537
0.234666
4.52907
1.08643
15.689
2.41066
40.8436
1.4137
8.07127
13.8156
18.9492
6.907
10.9788
36.8919
10.6378
51.8821
14.2286
8.65949
17.8884
48.6565
5.86847
63.4628
39.3678
28.6234
32.2928
20.397
12.506
13.1846
42.0717
12.5742
9.04897
13.7953
4.65588
5.16229
11.9596
13.0314
29.865
12.504
15.6129
3.41989
7.5551
19.1929
11.3954
12.9949
12.8832
7.23946
4.53681
54.6908
23.2373
0.653705
1.93834
19.0653
4.80699
8.23903
9.46838
60.1161
18.9887
15.3956
16.1012
56.5571
30.0098
59.0381
12.3158
24.4263
14.6205
11.0853
15.4569
18.6736
17.8749
48.4774
43.3727
18.2913
4.91404
50.2773
0.0952268
26.3852
47.2762
57.1199
26.2231
17.0181
2.37702
34.8713
23.4187
30.8751
62.6974
36.3848
52.7702
15.6166
26.0716
44.0238
4.03355
6.41326
13.9623
49.4289
44.6275
21.5636
15.7785
7.93743
60.0887
39.9932
7.75255
17.612
8.38513
52.1557
7.69846
29.4497
17.8817
5.82762
15.371
41.1309
38.1248
5.88332
5.69682
33.6734
12.5873
6.3177
25.7086
32.1816
5.68045
6.38937
28.0368
43.603
40.4267
23.2211
44.1682
10.5361
34.4075
37.5416
14.1245
10.8279
37.2968
47.4837
12.9591
46.831
16.2957
14.539
51.9275
6.53208
52.8642
42.4034
0.0928896
62.6177
32.5753
25.2427
60.998
10.5614
10.4343
9.00199
11.8208
9.7292
1.73861
15.4073
8.05437
10.237
40.9159
7.55497
12.4179
11.9302
45.4353
14.0544
30.6156
26.7923
63.3869
3.40536
53.7418
57.5382
26.5273
57.3021
16.366
51.2775
45.3344
28.3397
36.7401
13.3603
3.37223
18.5382
2.32298
7.69438
10.5399
47.3383
28.8838
9.40811
3.85718
9.39496
3.07362
62.2576
5.2107
8.08542
16.0329
47.1041
12.3701
55.2582
27.4631
23.8692
20.7247
11.5084
12.5125
10.6538
5.95237
30.6595
48.0495
59.1811
2.37937
1.48314
9.01016
53.6128
23.8058
20.8404
23.8478
11.4276
12.0076
13.1598
3.06389
19.6898
5.0521
14.1748
1.88157
3.48065
50.8269
5.25164
55.9165
54.1306
6.70139
3.90719
13.5179
15.3529
6.99351
21.4982
14.3633
12.2907
11.9617
1.01705
22.5665
35.4285
17.2515
49.062
12.5242
35.424
55.6754
11.5934
5.16236
17.9409
2.9115
14.505
53.108
8.53417
1.23249
17.1809
34.5236
6.42879
56.618
28.2731
42.8487
1.35529
12.6829
44.6665
18.9206
38.3095
13.5137
9.39282
6.2436
61.6893
2.96099
62.3697
9.22658
17.1703
17.8501
44.5238
41.6533
9.74165
16.3438
45.6233
22.5984
58.3456
2.69911
13.1301
2.35111
51.2029
18.6371
0.625813
60.2751
42.2736
4.69193
54.0953
28.1758
30.5226
49.0786
5.32314
20.6225
4.63383
38.1373
25.5874
8.21824
11.2331
15.4387
4.37465
30.096
5.75804
0.123223
15.2994
15.5392
11.8668
58.761
24.5239
11.2589
58.1854
10.3564
8.44079
12.5629
7.98678
54.0124
9.83172
0.553576
49.1381
54.7065
1.01484
60.3512
14.7877
5.08629
9.8105
15.1665
14.082
1.05504
50.8237
59.8002
41.0048
41.6771
14.3283
1.22639
11.2471
29.1299
16.1029
11.7797
35.5952
18.6517
62.0845
15.0275
22.4226
0.192883
58.2233
60.5061
57.5652
14.4932
1.87376
18.228
5.48961
9.77279
8.98105
47.4329
43.8567
19.4964
35.7967
17.8077
2.05801
40.2645
38.8133
13.5594
13.913
16.062
4.72546
6.0836
56.1946
13.6164
7.20318
24.4363
17.2191
2.52224
17.8661
8.40877
11.7148
58.0955
50.9679
2.13321
25.1236
6.09629
11.4181
22.7654
13.6156
7.65818
38.8331
50.3806
6.66719
40.7076
29.8847
57.7377
16.9376
34.6909
41.3743
42.6617
18.7306
9.44606
5.06542
10.494
17.6873
14.9861
15.6605
21.4678
16.1274
18.8545
36.5478
20.3866
4.46829
30.2513
10.5898
12.5496
2.51985
23.3026
14.649
8.85987
3.65392
50.9246
4.87332
0.717829
37.7421
41.9861
4.3569
59.2379
2.20403
13.086
17.241
8.65976
10.6245
2.66325
13.1749
6.09982
4.57918
37.1137
7.55265
13.8668
2.19226
35.6956
2.03295
56.5975
63.1624
15.3188
15.101
21.4346
6.81995
61.2522
48.2156
29.432
34.9384
0.974472
27.1291
40.2167
28.0833
6.53493
13.8807
10.8745
19.013
8.5319
16.043
6.45125
5.98307
9.94314
2.08495
8.72868
20.5265
6.60826
37.3756
29.0279
51.0222
48.0796
36.8372
15.3566
14.6553
14.6609
1.17468
40.822
38.583
17.7613
38.6588
2.8891
19.0017
9.66544
11.3713
43.8627
36.7282
63.5365
59.0709
9.18386
3.17498
2.70783
45.7399
23.2034
14.054
12.9846
41.0728
9.69675
9.85642
18.8909
29.432
41.2313
15.8646
32.9007
8.92116
10.6899
7.00858
18.6737
12.913
4.67733
13.9091
6.5118
38.3551
11.5048
5.36215
4.14587
18.2314
6.43636
11.406
12.5944
8.9974
15.762
0.941649
6.58774
10.725
31.655
62.5035
55.1642
23.3328
24.8474
12.5329
17.6233
16.0016
11.6076
19.2997
8.44978
50.8013
3.25941
3.97161
3.49455
55.9391
43.4374
35.337
1.66504
26.1618
0.450622
18.7964
3.00624
0.211216
16.0653
51.6125
53.3799
3.94598
8.12887
8.67325
40.7448
21.5602
5.00868
16.4788
2.9681
11.4683
59.1869
61.8668
25.4934
11.3414
5.93882
41.2435
18.6925
55.294
15.094
1.92045
6.25579
1.06394
18.9548
48.5586
48.2319
6.19248
16.9602
45.8826
6.68284
10.3079
31.7318
22.1108
5.13831
41.0397
10.7949
43.0226
5.0068
21.5107
9.67517
45.454
35.4727
54.2536
18.5143
6.3952
8.88099
20.3532
34.8728
44.5978
38.4213
5.82368
8.80658
10.9905
11.821
4.06043
4.71202
2.25488
7.61732
25.9653
35.418
44.5705
48.5884
12.7712
3.6507
7.42194
5.64329
19.7462
8.8761
4.06541
55.4194
0.4034
24.0138
5.23272
26.9017
5.07568
5.76038
13.8439
15.9087
18.6239
4.59848
11.108
27.0997
6.51921
12.4687
8.10305
3.22729
9.92746
9.99773
56.6028
13.053
53.7663
10.0953
20.7666
11.734
5.37313
1.46009
33.1123
45.8144
14.0981
12.9594
7.55148
17.846
45.0238
51.2037
58.3839
28.1352
10.5637
55.7495
2.28839
6.32924
2.74468
23.159
58.0442
2.66591
1.04336
8.19048
10.0496
18.7756
8.60134
19.3764
54.5411
6.02937
45.6682
15.3223
14.2871
18.8298
15.4377
16.5504
9.16124
12.7521
49.661
13.3066
13.7287
32.0274
22.3335
38.09
6.90711
1.31192
17.5498
6.33785
13.0793
42.954
38.6563
44.8333
19.0098
30.3086
17.3806
53.3035
10.8897
15.4282
9.52961
6.51543
2.36144
5.05512
41.2711
27.7729
47.9651
6.73107
18.3603
54.1402
40.4815
57.1506
18.8089
2.34925
8.50825
11.8146
40.5458
0.969479
14.8349
2.58517
5.48898
3.91413
37.8889
1.47156
9.5193
51.7086
38.6779
13.2079
2.87098
12.6615
13.1621
3.36816
28.9965
32.9131
35.8383
3.7052
8.40877
17.5769
9.40393
4.40898
43.7221
57.8339
2.22852
7.50055
5.7015
30.2011
17.255
24.4836
11.9718
10.7828
0.232896
0.66434
6.54005
33.3108
3.93931
8.81532
44.6333
4.99607
51.0594
40.4486
14.5689
6.6196
28.3734
12.5564
32.4958
63.8983
41.6595
8.82962
0.287407
49.5538
10.7439
15.9474
11.6386
61.1781
7.72123
35.3295
13.2976
13.9618
8.83554
41.7099
18.1502
0.277734
59.4414
9.10626
14.5394
7.65079
0.550132
4.68603
25.2729
51.3328
63.1625
42.4493
19.3285
46.4006
37.3506
11.4757
4.01047
4.9288
9.76638
62.5753
20.3586
11.6444
62.4052
4.5615
62.9289
19.6595
2.73057
4.87408
2.88074
4.29411
17.3427
57.3082
47.4581
13.3258
2.21159
14.3796
6.22759
2.88408
18.7282
5.01222
5.05803
9.42021
42.9801
51.3386
54.0849
55.8125
46.8145
57.8416
32.5605
16.7337
33.1736
21.6458
15.9922
4.8813
42.318
37.2003
21.6735
4.97984
55.8127
17.2779
56.6192
40.6598
12.7341
59.0606
5.84879
42.7254
0.794475
14.9266
18.7077
0.118968
21.562
43.2081
4.40659
11.5918
7.48261
1.95502
2.53442
9.17951
18.7354
3.33731
14.5593
9.27596
16.5405
17.968
23.423
0.119603
26.9866
14.6172
11.355
14.6139
39.3549
9.9366
6.0119
1.71634
5.87761
30.9347
4.52079
58.6629
2.40572
1.96598
63.3642
26.9272
24.8097
5.21506
5.32477
56.0491
3.74797
47.6796
51.1988
46.0317
14.4435
27.9894
61.2982
16.2091
26.2884
40.3365
4.87201
48.8493
6.36946
17.4311
55.8527
34.8496
18.7171
39.928
9.04708
26.1757
59.403
10.6304
9.69948
1.19986
19.0307
13.1386
12.4664
12.102
17.6095
7.91468
44.4777
2.59497
15.6591
13.4319
37.371
37.1175
15.1382
31.7549
58.662
32.4996
15.2223
35.4028
7.07085
9.35946
16.6722
53.604
48.1408
18.5354
41.0873
10.156
11.6534
1.61619
7.73438
2.83373
2.55176
12.8374
41.3678
17.6294
32.447
22.3287
23.3385
59.8768
17.3995
60.0649
10.4574
0.722882
5.38212
16.8029
7.24567
14.1443
40.0465
42.9822
34.1442
26.2186
3.30085
8.6306
7.04893
4.61099
59.3455
62.9382
37.0505
12.8985
25.7166
34.8872
56.0026
13.0664
35.9259
8.63808
17.3169
24.6866
0.495034
16.0339
8.88869
18.2481
31.6515
12.4648
36.2358
32.3614
5.7943
25.4919
27.1553
4.20586
31.6761
14.7874
5.17276
9.12402
15.9458
16.782
5.62742
11.9683
25.4769
26.6234
3.71183
36.9843
34.0391
1.59371
11.4036
52.3921
45.8068
5.23056
16.9171
16.6858
3.34238
23.085
10.466
23.2667
10.5958
4.47633
11.2536
15.5002
9.80273
21.9762
15.8951
61.4633
5.19619
38.6469
5.40315
57.8764
57.2335
48.9968
42.6604
54.5216
11.5129
61.9946
47.0688
16.3752
11.5038
25.5527
20.3483
7.51179
17.2565
0.61064
3.61098
41.0098
18.1395
6.57968
10.7408
1.34177
7.59869
4.28962
29.8234
25.7785
1.0201
53.7455
27.0683
62.0077
17.6412
50.5471
61.5963
16.9174
18.7773
15.1214
17.6055
16.7914
19.0715
8.20875
41.3692
0.721602
18.6016
50.9881
30.7769
46.5785
34.0696
24.5502
27.189
30.2102
27.662
6.65409
51.3657
13.7056
20.083
7.64883
29.598
54.4062
33.6327
11.5497
10.2909
6.35436
54.5154
44.5421
3.18305
55.1932
7.05586
11.9987
0.963409
61.3696
26.4354
20.4306
7.82407
13.1223
14.2378
11.7911
2.89836
59.6265
17.8748
12.3344
23.1973
44.7142
12.7951
30.9679
3.94799
13.812
54.5065
53.4016
9.55889
19.2896
42.1731
21.2334
52.4678
34.9336
0.978222
41.9288
12.8851
10.8435
18.8866
1.03857
20.9686
29.911
11.14
22.9582
37.8358
1.33935
39.3389
52.4581
3.41189
31.7038
2.7117
9.03247
41.4391
0.590251
42.8001
44.4444
49.2727
14.223
1.03542
14.9872
15.4383
42.9442
15.4097
11.3106
6.47244
10.5058
52.466
20.339
54.9576
8.48165
50.1905
10.3681
12.4525
30.7775
6.80974
44.2039
14.1232
15.6484
4.8997
7.1202
11.13
16.3055
1.87038
33.4618
11.3683
18.2711
21.7364
6.52545
8.45912
2.51661
9.26084
10.1702
3.8505
7.40762
21.946
61.4773
12.7995
57.4391
38.8136
54.5653
17.8491
15.2714
8.71041
8.46655
8.09243
12.8618
12.3992
0.188362
10.0091
47.7408
40.4176
17.2309
10.6882
5.56571
16.0249
20.5001
15.6108
40.6774
2.07523
18.6815
41.8674
2.35342
10.247
10.6125
27.5805
1.51992
18.6419
35.7806
2.37414
39.4214
61.7957
21.835
3.18636
18.2596
11.7208
15.1401
45.6983
0.0995492
13.1583
63.7304
15.6927
11.2993
17.6333
18.4859
39.47
44.232
15.2112
51.3416
26.6542
55.7643
8.7262
51.4146
57.1871
5.05037
32.9306
16.6682
16.7727
4.85229
2.19829
9.11172
14.7158
18.0389
38.2761
15.4831
9.8397
11.3221
17.7695
5.49107
2.4498
8.12238
8.18702
11.0722
40.9061
20.864
24.402
17.188
18.5017
61.9429
6.61941
55.7453
20.7864
10.2048
9.79138
16.8504
1.1091
6.22062
15.0918
58.9681
38.41
36.8661
18.872
0.0561104
11.8133
0.260448
0.505593
14.1737
15.8491
12.3264
2.66581
4.1831
1.47997
28.7194
17.4565
15.054
0.754254
13.3455
15.0567
8.63065
16.7883
31.2492
4.29338
12.7728
8.32592
0.871882
2.75336
22.265
37.5803
3.67574
48.5018
33.383
10.7525
16.1441
3.21793
57.4709
58.5284
15.6547
4.44144
3.92025
59.1271
47.9004
10.9841
3.55168
51.9932
17.1457
9.06558
32.3566
7.72204
10.2131
35.2527
15.4143
14.1707
3.95818
41.4099
53.8384
0.396834
29.8355
61.5372
9.96259
18.1005
11.7561
9.17423
42.832
52.1798
20.2837
40.7048
56.5067
0.570079
10.2597
16.4893
9.24822
9.56796
1.88838
5.07223
34.5701
26.9101
14.5814
5.54891
0.722215
1.289
47.4033
62.8858
33.5584
2.30009
1.43655
6.39674
34.2155
12.728
18.4126
27.9869
5.20476
28.3961
10.6028
30.9989
17.7811
12.6678
20.0275
47.8842
8.50407
10.7044
58.7501
52.7581
52.6648
62.1062
12.9958
14.5956
11.6916
61.6378
46.7439
20.6117
4.23053
16.4358
52.2288
8.33952
33.3986
26.9813
14.5597
5.69904
13.9122
7.87173
60.4769
16.8041
42.7964
2.36306
62.985
50.4025
3.04135
29.1875
11.0391
9.17475
16.6153
11.7066
8.25889
61.9361
19.1834
5.61151
14.6122
14.4191
59.8641
32.8796
15.2873
48.4412
24.3459
5.87912
18.148
30.5206
11.5416
35.9686
15.9562
28.1087
44.0715
61.6016
7.3519
7.22021
2.94452
33.8766
27.1197
11.342
25.9589
31.3888
13.7922
57.6722
13.771
51.1332
5.40374
32.4608
43.17
14.6523
5.82681
12.2646
14.8953
8.85667
17.4556
2.11999
22.6037
33.6167
58.9181
44.9157
3.01862
18.6225
35.817
22.368
19.3673
5.50355
11.2441
57.1506
16.632
14.4997
8.02594
10.1718
10.8723
3.53077
3.32461
36.8175
53.0751
13.2658
56.4782
33.9186
9.10436
54.8911
13.8996
9.46967
15.9899
10.8327
18.9731
46.03
9.59588
55.0042
49.3013
35.2159
1.33209
15.3462
17.8328
16.4018
18.2526
15.8004
23.7243
36.6085
53.9836
6.0695
10.9636
10.5085
35.1646
16.3546
40.9301
26.7646
20.3289
16.2599
8.51712
60.4096
11.847
3.84836
11.4607
43.4872
15.8497
6.10258
5.36748
51.5905
42.8561
47.0516
19.8035
17.575
5.94311
3.30026
12.664
47.0875
13.9964
9.27132
9.02241
6.29811
27.5565
19.4105
21.5809
0.415507
21.4927
2.64117
40.3581
48.7903
14.4304
11.6447
6.74189
40.2202
52.6737
3.48607
25.5257
4.72745
8.69438
41.2548
57.9952
17.9711
48.3475
41.3683
16.3927
35.2522
57.1396
2.85708
52.6067
17.2436
1.20154
1.68191
4.29684
7.24613
40.0086
39.1733
4.90746
62.1103
3.24106
18.9038
16.055
39.9739
34.6651
35.5923
5.40736
20.4901
18.2397
25.1797
36.7008
7.90622
54.3501
49.1557
50.9804
14.5088
2.37881
7.89117
14.8488
14.9456
13.6717
16.4818
34.2232
17.1997
16.5619
3.15401
13.2798
2.05269
11.818
50.3578
44.6163
3.49107
0.630516
24.4978
49.7473
62.7106
12.7835
7.39701
52.8476
12.4536
16.7044
15.3427
35.6441
21.6346
46.6133
2.68592
37.1691
7.79519
7.93136
6.27247
37.4082
57.1067
58.0155
57.0725
62.0029
16.4058
37.5574
33.6087
1.63393
5.54261
11.7235
14.8273
8.71099
3.16676
1.93599
24.3114
8.71709
36.1401
7.67389
19.5236
9.236
23.9359
43.9749
2.56061
11.5344
52.9654
19.7121
29.9565
23.6025
22.0939
46.7148
28.1071
4.13591
35.5608
62.3542
17.1753
8.54767
6.8062
14.4489
4.94071
62.2933
26.3185
3.57394
42.9506
36.3508
1.30401
14.6006
11.3362
54.2867
12.4674
13.7052
59.4597
8.81142
1.02725
11.8718
21.097
11.4218
9.74619
17.1508
11.4536
6.1132
53.4678
16.43
14.3975
0.987649
20.4495
14.8584
1.50519
60.0884
49.0397
19.1888
12.4881
7.3828
8.13041
19.1662
2.08
20.427
1.26298
22.409
15.9055
33.3359
6.66304
30.9847
11.6033
5.35997
2.42775
19.1678
18.6847
9.43842
60.9447
49.315
1.65837
11.7305
29.5976
16.5236
47.2917
35.3085
7.97945
41.1254
5.17906
6.06111
41.5725
44.5123
0.682382
51.5227
51.5335
18.4148
50.4275
26.823
9.4046
37.649
2.78297
18.0192
10.3253
39.9526
14.0428
10.1438
2.71611
44.189
41.9578
44.3948
14.7659
16.1251
54.6111
8.13017
14.7635
3.96501
6.15455
14.3495
17.9113
41.5898
12.5343
7.03313
40.7661
59.6772
7.27349
16.6245
49.9328
42.8243
54.9009
7.92826
9.66334
22.5305
54.3283
60.0545
12.7213
4.90029
1.26849
29.8702
9.86377
60.1305
57.4033
54.5572
7.82887
9.04156
10.9378
59.9608
32.9872
1.3143
15.8667
16.296
33.188
4.9661
5.00363
13.9709
5.08034
58.2118
16.3675
48.6788
46.2683
38.1295
14.6042
10.5443
9.32871
2.49941
14.9449
9.67768
0.603184
45.6682
7.43873
15.1475
19.1787
33.2527
4.49029
9.58051
19.1747
63.6951
1.33453
15.9089
38.191
57.6203
10.627
37.162
35.7298
3.4049
24.3701
35.8753
5.13037
16.3258
17.9552
45.455
6.6834
5.58726
1.67046
0.753985
1.34838
16.0619
15.8439
8.48006
14.5644
15.4058
43.9228
62.9727
46.1986
3.24441
11.1999
13.1739
18.7723
27.2386
63.2244
32.5376
10.9653
1.398
8.60055
32.7737
44.4747
2.13202
1.00348
1.51912
1.39278
1.36125
31.9536
14.9836
3.30184
63.43
10.8026
12.6916
7.13085
0.307367
8.72018
31.1809
28.9692
18.4681
17.6274
42.6552
15.7379
17.3773
9.69451
1.86224
18.9177
2.9373
13.5195
1.50445
49.0393
9.96442
30.8617
44.9817
7.76738
25.9635
33.7043
25.02
16.1488
0.680124
62.2443
8.62204
0.0175881
34.2325
6.6632
51.9601
62.6116
3.59595
14.5241
54.8372
17.956
3.59663
8.17485
6.76621
59.7871
7.92689
63.8243
2.40801
7.87216
59.7841
6.24588
13.9149
10.5913
38.1664
62.8396
14.5937
19.0614
27.9723
7.24743
16.0789
21.5381
7.51897
15.6874
24.3998
14.8952
63.7055
7.37615
20.0851
16.0022
43.1628
34.9193
15.7805
21.1868
32.6223
37.5582
3.73944
18.9211
25.6307
14.7831
11.3383
1.85408
18.3429
0.751004
13.1574
10.5982
4.36297
6.97807
35.821
9.63513
12.8224
15.4027
18.8444
16.7902
13.8567
50.7656
12.8401
1.97171
10.3404
58.1508
14.9003
22.5771
4.93734
5.75481
0.439817
26.9329
15.1278
57.2119
26.6703
7.84633
61.5988
8.90011
0.854244
49.0376
48.4083
10.1344
8.01498
9.26965
18.8251
29.1046
2.53001
14.8675
7.73902
51.96
9.72177
16.926
41.2763
52.9215
4.258
54.7393
7.58907
6.03316
13.2463
14.661
26.8446
32.6727
1.89305
17.8563
1.22068
16.4826
13.0455
55.2018
55.5353
48.9321
15.4204
24.3602
28.7844
18.2913
56.0814
4.04684
16.6901
19.394
39.8724
50.1949
63.8075
52.9541
10.3933
35.8696
15.5203
4.28181
6.99537
11.91
12.5589
36.9955
25.4543
55.9619
31.0903
12.6562
4.11974
21.0021
2.27373
58.089
44.9606
2.7682
46.783
46.3963
46.7312
20.5424
8.27967
21.1123
3.65785
23.0705
4.97522
19.8392
7.45944
54.7271
45.1223
15.5661
14.4346
41.4967
5.96063
3.86488
7.93558
8.18775
1.90594
56.1174
36.5237
50.5333
57.4014
10.0472
5.02303
3.81776
6.76456
33.7487
62.5032
15.4235
27.3272
6.44984
0.5474
9.28486
7.07257
6.94934
4.60071
2.50101
32.207
12.7938
1.82892
39.7338
38.9365
61.1358
19.4917
5.6394
36.2479
14.8902
60.405
12.08
34.9854
11.2135
33.9499
7.6605
14.6688
29.2479
10.3901
45.1923
44.0899
13.7693
17.395
2.63549
43.333
15.6334
14.4125
4.32548
8.18698
11.7511
6.6461
27.7556
9.43069
15.8686
41.3587
56.334
6.38936
49.9994
16.2031
16.8292
12.872
32.0949
8.45369
45.4966
2.60789
15.6259
15.3334
4.01305
20.0575
12.7344
8.66348
0.304147
0.612852
43.5587
5.50709
0.0187186
2.16024
10.6651
61.7109
51.9316
33.2595
1.78063
17.8897
18.492
33.2571
10.8
9.54662
58.6573
8.85999
28.3091
2.98755
11.9775
28.3109
29.0075
15.4428
38.8077
27.2623
10.0247
23.6938
16.765
14.5307
2.00296
55.6513
15.3707
36.932
29.3299
58.8486
12.1179
8.54767
4.64711
44.2287
16.793
20.0691
31.1316
9.46387
20.4836
5.17018
39.6001
12.7117
6.95023
24.774
0.329883
8.86961
58.8592
2.27816
62.1075
42.5971
6.11594
2.60852
7.26014
5.88397
3.9038
1.01182
22.5806
23.7032
36.4274
24.0533
14.1501
16.7332
26.9355
7.0162
10.9865
17.5251
27.6777
4.65777
10.9541
10.9391
18.8451
0.630527
17.663
45.1297
10.922
39.3142
18.6893
58.5078
18.0525
0.512985
0.914816
63.5472
16.7141
52.3782
7.53555
1.44463
17.9978
2.96693
29.4618
53.956
37.1923
4.94434
57.2413
42.8172
1.1712
5.55391
4.26714
56.3681
12.5444
9.25228
2.02162
17.2422
8.1835
56.5183
63.3993
49.4679
12.8919
9.73651
40.8965
17.8567
10.8044
6.67178
11.7268
61.6982
13.4972
20.3726
32.3101
0.697389
3.77039
51.8389
12.6774
24.42
17.2214
9.08395
43.7643
2.23013
47.1568
3.79563
2.06758
18.9639
53.5629
59.1354
12.3238
15.4942
60.1465
42.4347
50.3766
5.98646
0.331497
7.91989
10.4
35.7383
8.33324
9.75299
38.5491
15.5241
36.7444
15.4784
8.62122
16.5639
28.1614
29.9662
49.3941
49.0798
3.06004
17.624
32.499
13.0849
42.2417
0.592378
32.751
5.64203
14.8184
1.07393
55.541
51.3442
42.0655
32.1228
56.1702
58.2623
51.7825
45.0176
6.05404
15.0899
2.19696
9.02103
1.67108
62.7409
33.2038
10.2541
14.4937
3.46544
8.02339
9.72718
3.40284
52.5376
0.0246021
0.48842
26.2438
40.4489
11.4622
22.5277
15.1782
46.9358
28.4412
40.6409
34.7768
56.4407
50.7642
5.89947
13.1069
6.36981
12.3808
5.48702
59.7009
17.2984
5.3356
11.155
32.8433
4.72898
56.6049
4.14012
13.2
17.1737
51.8826
17.5205
16.3925
41.8578
6.03223
19.0645
3.21702
62.326
60.957
58.4627
35.6106
2.5833
14.1283
44.7454
15.6374
5.67846
10.129
58.5605
44.5358
2.31937
2.40517
9.41817
29.7631
1.10324
58.1182
31.266
11.9901
4.47672
0.802947
35.4042
57.5797
11.9178
0.262737
0.0433666
30.989
1.97172
13.4152
16.5449
18.6152
16.9251
34.8201
27.4196
2.81758
32.0665
24.1007
32.9171
29.0441
11.0893
15.9351
14.8295
2.19463
14.3419
5.37229
62.6943
11.6206
57.9514
12.3373
49.4477
33.8356
63.9177
56.6576
0.291573
0.574347
4.87239
8.61762
49.9089
5.16362
15.5286
20.6269
63.3536
1.84383
5.48297
55.5877
15.9628
35.1136
34.6217
23.0943
1.47325
5.60727
54.8923
14.2687
9.0741
5.83524
58.7178
14.6222
12.3431
34.4912
2.53222
2.20151
0.449032
4.34861
7.00482
2.21448
14.4454
7.60914
51.1863
12.8317
3.02569
3.52788
17.057
16.9009
23.2538
55.6181
13.1337
5.77289
1.37503
39.5901
2.80052
1.04818
46.1087
9.10235
19.8282
63.8379
10.9543
54.1337
0.574637
35.6469
16.8479
7.20314
7.96262
12.728
21.4301
0.404407
33.0806
56.5888
38.2908
18.7202
41.4965
15.9556
27.5992
10.7259
9.59273
2.01802
30.2831
39.84
17.5621
29.5618
3.40523
17.8665
57.2269
14.5261
21.5535
15.7489
27.954
56.9641
16.3165
2.80294
12.0228
60.7536
53.4553
2.45684
31.6976
48.8246
18.4553
60.6385
18.2116
12.9499
18.2862
23.9
11.8881
3.04234
4.45036
10.1933
2.91295
49.1909
0.774399
51.4333
13.3876
16.5528
42.0968
17.4986
6.14809
2.35048
13.6064
29.5036
10.4716
29.7395
15.6137
9.44485
61.3632
15.4514
55.3892
12.7605
54.4606
18.7824
13.5452
17.9099
7.42088
12.998
11.7802
58.9109
7.15215
28.6499
39.4803
34.9182
41.1904
0.432891
13.4757
13.8819
2.80834
31.9355
21.1592
16.9213
57.0127
4.60614
14.0789
4.77828
15.2774
19.1872
53.155
9.04904
3.18171
17.7357
30.8435
12.8601
60.6891
24.6362
6.21118
2.12269
60.0228
10.5947
49.0277
38.2518
43.3093
13.5703
19.5651
6.68264
3.39637
12.2392
31.6419
32.8377
49.9224
18.5929
55.6022
14.9179
59.6561
1.69448
38.8433
1.54212
22.1824
26.7982
12.3726
29.2695
20.7001
15.6326
14.2932
42.7912
47.0614
7.244
7.27357
60.2197
11.4911
61.3365
3.91025
60.8822
14.5846
1.15702
35.4573
41.6073
17.1147
54.5526
32.5877
7.39944
8.30919
42.6439
4.63247
2.78998
14.4229
5.13462
18.6695
11.6541
2.86107
5.77271
0.394973
22.2726
53.1979
3.55287
10.1166
42.2425
3.64932
4.41441
40.5137
43.4811
33.8198
5.94983
13.4676
1.60974
22.7467
11.6959
14.0264
50.2415
16.5256
10.863
5.56341
6.57503
9.49166
44.333
4.62618
17.9999
16.8687
43.6748
62.6486
10.3011
8.26436
4.66925
45.5156
31.6812
10.3189
40.073
28.5717
42.1307
44.147
3.3767
47.9787
9.12192
8.35363
4.34495
8.97458
23.0321
1.4383
6.97785
7.71627
0.303719
6.63473
50.9686
35.653
9.28856
9.82871
59.7291
21.1401
5.66888
11.4462
35.6154
21.1327
39.3695
7.26829
5.85364
45.169
46.7613
4.57106
9.37014
1.55229
59.7299
61.9127
38.8535
47.6033
35.926
51.8979
16.764
6.50052
58.7941
2.2199
56.6192
20.0754
17.9514
8.03959
18.7575
0.102275
33.7081
3.11628
11.2774
17.1369
26.2333
11.7539
2.97669
60.1476
2.02612
31.6263
7.16488
18.4894
2.75173
9.76239
35.4271
9.02911
10.7433
4.64596
56.1239
54.9309
63.2065
8.5896
44.9758
10.0406
6.33719
47.2308
3.47659
2.6712
23.2154
45.5257
3.79348
21.1786
10.8621
17.652
33.7133
38.9993
0.595659
30.5713
12.3941
2.36289
41.5526
6.40411
8.05347
20.2456
11.3098
63.031
14.0781
15.6801
44.556
47.118
29.4962
5.00939
17.4592
18.4885
31.7959
53.7145
1.52612
28.8073
3.2885
7.56935
13.315
18.2911
33.026
4.92529
8.89831
11.7232
63.5507
11.1355
43.3999
60.2079
12.2043
61.7143
55.8806
1.7198
14.4719
43.3768
7.2514
60.1637
44.1295
31.2585
52.6998
29.4329
32.5419
1.11294
0.857535
15.5568
2.69829
15.8514
18.3889
1.30911
0.927711
4.31697
59.5881
8.83905
5.52481
7.36425
9.61063
5.16823
13.7197
3.79286
39.7492
8.61565
24.0643
43.8891
21.3953
29.9345
7.12908
13.2242
4.87767
60.2534
33.7303
53.0272
26.6438
0.827405
15.482
14.045
1.56603
1.25868
17.445
4.35897
17.4681
5.45623
63.8044
33.4987
1.9512
0.138828
30.9271
10.0027
0.955945
43.4517
58.0712
45.5776
12.4422
23.5925
26.4837
20.6157
1.17042
5.20738
14.8779
19.6033
17.3128
43.7255
18.3392
7.2568
41.4867
13.8815
36.5925
22.8252
17.8787
17.175
27.8981
1.95764
27.029
16.9495
14.2939
14.5627
61.1601
40.9985
11.6263
49.5838
24.0009
43.4805
17.605
40.2001
10.0611
8.05048
12.8029
48.4395
2.95809
12.3434
58.2345
2.86991
16.5954
18.1624
13.9291
1.16954
44.5723
18.7506
18.6853
2.10851
5.96426
19.1805
11.2764
13.1382
49.4366
9.94073
12.7365
14.9968
7.1356
31.5989
0.148163
44.6314
0.108298
49.778
15.0103
46.0084
11.4808
41.0403
0.967457
4.09652
4.6743
33.3324
1.30301
2.76207
18.184
1.6504
9.67873
60.3826
5.62638
43.6204
6.87273
2.4469
57.5549
9.05027
43.3271
63.4129
54.9108
18.4815
56.0949
62.5072
7.47872
8.57721
5.52764
3.69673
22.5037
43.4925
29.0067
35.5124
6.01495
28.5815
50.5754
6.16928
38.9219
41.4191
60.7492
3.94338
46.1085
2.73396
12.1032
63.8312
17.5121
8.68001
9.06338
12.5342
11.8335
17.1958
33.7132
32.6419
10.4368
48.8435
19.093
8.07961
23.3105
38.7084
12.1717
32.6682
17.6405
46.3508
59.1306
6.09747
8.64898
8.25202
48.5387
33.6389
13.1072
9.45099
8.6298
61.0898
49.6803
0.181712
9.35428
13.352
27.3083
3.54257
62.6527
0.113682
1.86841
39.1006
16.0487
0.610201
17.2523
11.1967
57.5674
0.521898
51.5743
13.6784
19.7721
52.1924
46.3809
63.0548
52.4523
26.6011
2.43299
14.4963
29.9383
14.4588
0.873168
10.1449
3.93744
9.83499
1.39612
18.9653
19.8261
55.6828
62.7814
62.1779
18.9846
51.3093
42.4
5.28311
31.373
37.5353
9.29373
11.1184
3.65157
56.408
1.00288
30.3587
5.57916
21.8052
62.6494
17.1096
11.5597
25.697
60.9865
10.0399
14.6368
30.0145
5.81834
0.429516
10.1776
44.286
40.5481
16.3728
6.59735
14.2882
6.73036
32.6696
30.4393
10.1413
5.39341
20.8238
13.7062
10.6481
24.5776
2.36981
40.571
12.9896
16.7758
13.8664
10.9946
16.4466
10.5157
48.4802
39.1185
9.48983
44.1752
14.7598
60.9648
0.0255137
57.2653
20.4823
63.4679
3.1586
12.9298
13.2975
26.2804
0.455959
6.49861
22.2655
4.21099
10.8894
39.0043
1.96591
20.095
40.2536
16.0279
2.37012
41.008
13.0279
3.82459
43.4002
29.2314
57.328
38.8285
42.2076
52.7048
5.02982
17.8027
30.4513
7.20457
50.0674
6.13054
54.8974
42.8416
17.0532
11.2583
4.72221
15.8236
2.1129
9.83846
19.0672
16.228
31.2176
7.6778
21.2793
14.0578
18.2734
41.3925
11.1899
4.96714
18.5196
9.25129
42.5755
3.21466
42.305
12.3419
14.2968
13.3716
55.8981
42.6882
0.987038
63.728
48.7945
58.8415
1.94027
30.5925
61.2584
29.1771
23.7538
8.62482
35.1323
2.06573
35.924
19.324
41.4813
43.0401
7.95885
9.21374
18.8371
11.8439
3.04859
14.1304
4.25701
7.90513
29.0219
43.3471
35.1067
8.98878
11.9551
26.4356
2.56248
7.57813
3.08461
12.1266
32.2264
42.9983
43.1217
17.7523
11.4498
0.297968
4.4506
18.0414
16.8656
39.3157
8.05077
15.5592
0.345337
36.1051
9.67118
60.1243
16.8341
7.78336
8.58993
7.68036
0.209354
0.958305
2.05597
0.125208
1.73485
2.34315
50.3272
54.2835
26.0844
28.0772
0.477687
8.07454
25.818
5.03797
11.7417
10.7001
4.21268
5.88044
5.85635
53.0997
4.64516
16.4891
15.3221
2.25716
7.80207
13.7532
60.4505
3.49619
6.86425
25.1929
44.7345
34.1757
23.4209
0.368112
10.6459
15.1322
7.9805
15.2896
32.5242
9.63784
17.0654
14.9683
13.7773
0.270518
21.3408
28.0723
17.3694
26.3388
58.2112
12.383
11.3981
12.8521
17.5148
48.6213
58.8947
16.8595
18.1261
24.1939
10.4272
9.0411
20.2809
7.90529
5.96821
43.5608
17.4869
15.8274
15.3598
63.0502
56.1704
38.4635
52.6401
3.60956
45.9823
32.6973
42.4804
51.6994
0.0501978
62.2001
54.0924
25.0849
10.0675
6.55851
44.6811
60.1576
18.3016
1.2483
18.8992
50.2541
37.2126
40.0567
46.2214
4.92933
30.5718
33.9364
13.1345
62.9831
31.9096
30.6957
14.0554
16.7944
12.3716
11.3658
17.8639
46.8525
56.7366
9.79418
6.99963
16.5032
5.47479
9.00016
9.34652
8.69431
24.4714
33.5375
16.2181
60.867
49.8591
11.0073
17.0661
37.7728
34.1331
48.6863
61.0504
31.0275
14.0467
40.6254
2.04298
10.0734
10.373
49.9686
31.4078
0.498628
13.8197
28.5788
12.0024
27.8652
5.69925
56.8319
17.732
38.0763
31.9338
11.7543
2.12555
17.1694
41.3835
28.118
40.7487
8.72797
32.8317
29.5282
42.031
58.2169
46.9907
8.82031
25.7244
11.4493
22.0568
5.87625
12.2407
0.988023
24.4123
15.5186
13.814
3.09249
3.94714
9.24308
45.372
17.9308
18.3642
11.4905
2.62667
5.50114
19.3734
29.3335
12.1374
29.5244
57.9055
15.0075
43.8196
1.89099
28.4472
5.38027
15.9174
33.628
38.2483
11.9727
4.29533
9.90683
43.178
28.2258
62.3105
2.771
18.8843
9.04793
23.0969
45.6762
18.0488
5.57723
24.3903
60.7079
12.1689
0.717413
28.4291
1.34351
59.6346
14.8608
8.85029
37.3673
43.915
7.23007
11.6745
35.6288
15.7747
2.63678
25.0907
17.9207
12.193
20.3359
43.7085
2.0644
2.72251
15.6152
37.8371
6.82351
16.6674
19.1872
2.82204
18.5178
30.8162
20.4306
58.323
2.33079
32.8902
18.8154
22.7295
31.7387
1.92635
13.1206
57.2729
11.5043
3.94111
0.5058
0.296575
5.97578
8.97702
6.77662
53.5397
14.3093
48.4775
47.6605
2.93403
5.25396
4.272
19.0106
0.158312
32.9474
4.63354
10.7916
16.154
56.4565
10.4344
15.9855
16.2823
18.7249
20.1932
2.98267
15.1762
37.0376
1.69848
47.109
14.8666
1.32612
18.6534
27.0996
13.6783
10.5233
18.2432
0.583451
7.89372
0.904475
14.6919
8.04435
0.456894
36.2968
63.616
11.6671
51.7033
6.16669
2.60504
6.15071
60.3699
1.79505
20.642
20.5515
26.8123
12.4344
16.8168
52.5658
4.13189
59.1939
37.4344
14.0454
0.240286
15.9803
16.8609
28.7061
44.8913
7.68674
27.6057
34.8655
11.2053
7.95015
10.5349
34.1243
39.9432
52.6134
11.2913
2.21329
47.2777
58.9495
4.69027
1.49417
14.6481
12.515
11.0644
15.8296
20.3002
42.779
4.07885
19.4904
34.699
14.9358
0.328757
13.8086
54.9536
3.30353
6.22778
12.9795
34.0718
7.3
17.6195
27.5902
14.7634
14.1292
17.7474
0.740387
14.6068
3.55196
40.5882
15.4497
12.8835
7.57788
14.9501
34.8614
7.6805
16.1541
17.5403
23.9587
39.2976
61.7357
14.8148
26.2241
15.8904
7.31935
15.1567
11.1267
26.5581
29.4663
53.3162
11.3032
18.6534
16.4071
16.7619
17.7196
55.7937
1.83898
17.1719
34.9261
47.995
3.53203
12.9941
16.8251
48.8708
9.48611
4.55121
50.582
3.07018
4.78916
30.4893
29.8617
7.76003
6.64111
4.41522
12.3133
11.8442
30.0747
6.65611
47.8894
48.5491
25.1025
18.1695
10.1876
10.4714
10.394
57.3481
1.27524
10.406
16.1943
59.5117
29.6415
4.48287
1.43512
14.0911
33.6359
63.4527
48.8658
0.712829
19.0258
49.7396
63.0272
61.6476
31.0717
0.186265
37.8622
52.1934
53.6015
31.8892
33.1956
35.1986
12.3811
9.48967
24.3361
29.0495
1.19154
14.8157
17.5051
30.7909
14.5399
5.55252
44.3933
0.0768285
49.8956
11.8761
49.5679
15.3205
14.0013
36.9466
15.4136
9.47754
12.5122
52.6417
17.2037
58.2289
38.5477
35.5573
44.9739
4.68904
33.2579
17.847
36.9741
1.62809
13.6772
7.148
62.7235
48.4152
6.73363
20.6922
55.2682
51.3619
46.744
36.6303
1.99809
61.4378
0.856696
7.30763
52.8958
17.2722
15.6903
9.90584
12.0441
7.24123
23.2122
6.30526
50.4576
18.732
24.4449
9.10261
26.3973
17.9394
13.7316
3.78707
9.69932
24.3585
25.7783
0.595348
42.1512
15.8004
15.979
58.6049
1.8213
35.4099
10.3712
16.4324
31.3104
5.46358
10.0717
8.59615
18.5431
12.4006
10.0445
42.0348
48.962
1.04766
18.6884
11.1847
29.6895
27.1135
11.9109
13.859
14.5747
2.09905
20.1758
3.74993
7.74788
5.88831
29.1286
44.3482
12.9528
10.7433
8.52226
12.6236
63.4564
12.6843
18.6345
1.00525
54.0333
11.8292
28.3382
19.4501
56.8865
62.2662
8.63005
48.8867
1.05814
42.8518
10.749
19.1341
4.89533
17.3394
39.7206
18.5122
25.4847
1.02571
34.4667
54.7627
11.6415
6.83372
3.44276
6.85385
18.676
15.8912
40.3608
42.964
8.44868
58.4052
10.9298
6.82466
10.9487
2.56271
11.1766
28.0462
10.272
12.8458
8.43752
49.17
34.548
23.2134
53.1082
2.83544
7.00618
47.8191
12.8881
45.8596
14.8044
16.2969
19.0447
8.96463
9.70258
7.93445
17.6413
9.04992
62.9004
17.6808
19.6226
52.2667
7.32184
13.1772
59.982
9.12452
9.25129
46.1591
54.526
40.9032
2.55442
62.54
4.12127
2.17737
9.12621
11.3904
38.5655
12.9131
6.79326
17.7799
43.5269
15.5403
2.59677
34.0028
6.58123
3.79044
9.20846
16.2795
1.28551
16.6694
9.83618
14.4468
16.5733
2.44009
50.2578
16.4275
4.03336
30.2952
23.3272
56.0984
58.0838
13.1068
17.8254
16.8221
8.07221
60.6489
5.70557
47.0823
7.56874
15.6772
15.9239
17.1108
2.11305
5.17061
10.6101
24.3863
8.83154
52.793
2.57926
21.6378
32.2343
11.0538
4.74914
9.61961
8.08411
22.11
38.1604
9.05656
7.35312
9.24669
4.24124
9.04999
4.68575
62.4269
11.3042
13.0362
41.0661
6.29176
13.1241
37.8823
25.8912
16.3396
4.89961
16.0413
1.67637
12.5505
51.6652
8.09309
9.51347
40.2612
0.240418
6.07939
3.92536
49.0764
10.3568
11.6671
58.3268
21.8537
55.9217
6.10277
44.3053
1.70366
15.1122
8.9507
29.5891
33.0305
58.2291
4.46616
5.07579
62.5749
57.9239
7.14649
49.1205
0.66952
10.8136
14.4217
10.9848
0.168926
2.20194
2.07994
17.2402
53.2738
2.16362
12.4663
17.7591
10.0384
57.1345
30.4559
3.39084
6.40865
2.61714
46.1278
4.52408
4.66583
33.1597
13.7293
2.66349
43.8456
12.7471
46.5598
1.69756
17.247
8.92207
12.6177
18.808
34.0139
35.3768
6.13152
7.06873
45.75
2.31655
7.70089
18.5729
8.06299
57.4232
55.0789
2.08461
40.7156
1.3041
4.35232
54.4285
4.40984
25.4656
41.5539
13.5163
9.4591
18.5328
17.2448
18.5036
12.6658
0.580979
3.27733
12.744
1.76685
32.6072
2.88949
4.47731
6.88965
6.98024
58.7638
12.9949
10.1589
7.2507
18.847
0.27892
33.911
59.9798
32.8522
16.1899
18.1167
45.0581
13.1975
18.2267
51.0035
59.5246
12.8262
15.1941
16.5173
13.9192
5.98507
4.82032
5.56074
14.1025
13.961
37.6764
11.867
10.086
13.2441
1.51673
2.73694
14.4803
9.31439
51.9552
50.2745
17.1981
52.4836
14.6548
17.6837
48.791
26.2797
9.28125
7.16655
14.8692
24.7647
6.83212
46.0141
3.88608
7.05402
63.7059
15.0878
15.2826
5.686
17.3908
10.8919
11.3124
46.7339
24.2044
12.7761
17.3041
9.03345
5.93217
39.0484
8.39974
5.19143
61.406
56.8538
39.2669
36.4978
3.22497
29.1563
9.02386
2.68754
3.54645
43.5738
2.41784
18.914
37.9907
18.596
19.5237
9.64921
25.736
15.8572
24.9867
62.4382
15.8921
18.5324
10.2102
19.1328
18.619
7.89285
12.5719
7.84099
13.0702
37.4505
7.2062
41.3116
12.238
51.6025
8.61332
8.75892
4.99977
14.264
1.78408
0.231638
3.41845
41.9151
7.40698
18.8586
48.5841
14.7043
10.4967
0.315705
6.71086
26.3923
5.46179
7.46257
61.3972
57.8961
26.729
63.2525
16.6285
3.65492
20.7509
24.4286
2.06412
42.7642
23.084
18.4783
19.7281
1.42105
7.50392
26.8688
59.2795
55.0628
21.8847
18.1811
11.685
20.4012
3.13712
33.7385
22.7454
8.38954
48.9311
6.37358
48.9916
55.6961
2.33645
16.3675
19.0009
18.5852
24.2613
1.87972
7.49553
0.74995
5.36323
44.5968
11.1926
53.7199
28.6524
17.6356
4.96778
3.07504
49.4946
12.989
17.2944
57.0736
15.3357
7.43992
8.9222
52.6182
11.3768
35.4075
48.0287
1.15424
0.50082
44.1083
15.9889
28.5967
7.62902
1.34836
59.7563
8.60815
7.20434
6.30484
53.8624
45.6339
39.869
4.84024
3.43017
4.36349
32.0297
9.15925
5.61283
55.0157
7.08399
36.3263
16.8221
9.63116
60.9006
33.8525
5.84451
58.9207
32.175
18.8927
16.1196
20.7227
27.1507
4.73378
2.01467
6.51263
16.606
10.607
55.1874
7.98679
3.33565
15.5328
17.7331
29.2596
49.7918
6.88213
6.70646
21.4414
42.9975
55.4419
61.7105
58.2761
50.6175
13.1018
43.2073
52.9922
0.951892
7.20564
19.5796
51.2535
12.3835
10.2817
13.9689
41.5785
6.18269
11.9804
18.434
15.4994
3.72066
1.11963
55.454
48.0472
16.9214
3.66459
1.63661
45.2339
6.33353
26.4694
35.3169
52.2202
43.1009
34.9075
14.9258
61.55
12.6706
2.88241
42.5098
17.7244
4.62679
5.00466
10.9927
20.1059
15.0553
15.955
32.034
23.0764
10.5006
12.6339
63.4992
10.4496
41.0775
6.01536
48.84
15.0358
6.90876
1.19486
0.600842
56.6509
21.9137
53.4173
49.6421
41.7677
34.8376
14.9446
36.1639
61.4822
50.9708
6.15804
12.7744
9.38918
57.6839
0.623752
5.81816
61.7613
14.8376
36.335
5.54746
3.6924
56.8075
5.96712
7.38559
11.4387
14.5213
16.3369
2.10037
16.0092
15.2044
0.817109
10.9516
48.3476
15.0728
8.52203
59.176
42.5963
2.55507
25.638
15.5438
6.4275
35.6827
14.3406
21.5027
53.6906
14.6147
16.1715
1.72751
4.38561
2.90748
2.50977
23.9359
61.965
40.6677
42.5983
56.0952
0.411657
12.6705
47.6011
27.5315
59.4793
17.0748
42.796
1.37467
33.2397
12.7436
18.5993
21.5162
12.1879
51.1405
56.2346
8.23486
1.96088
46.4643
5.76454
3.48607
12.9207
60.2901
0.794157
11.2777
9.35882
45.0704
60.3152
15.1043
1.79229
46.0547
7.55225
26.2088
15.0006
12.8411
15.8277
38.2438
3.82517
6.68947
14.0967
2.37507
42.4153
45.0877
3.82313
43.9584
17.2044
18.7816
34.6164
41.2592
0.340316
61.6671
32.7874
11.651
12.8982
13.4609
2.70152
14.5251
9.57847
49.1828
16.7178
54.5753
46.0012
16.1845
19.2851
25.285
4.8776
1.57941
35.3671
11.5599
7.31476
32.7028
52.7321
30.2425
15.8002
41.9886
3.08534
13.6938
39.6993
16.5222
55.4769
11.2962
6.8638
39.6228
13.1821
13.4823
14.1671
56.0951
16.4498
11.161
35.3622
5.0967
10.169
40.0032
42.7216
60.0175
45.6607
63.4293
25.6653
32.7121
32.9586
4.37876
32.6582
39.7631
9.91283
2.72101
9.90327
38.8893
2.14463
9.98272
13.0177
14.9762
31.4608
0.533861
3.67592
5.14729
23.7328
21.7581
44.8923
29.2192
17.1762
7.58041
13.6363
40.1321
36.7832
33.6548
3.64491
2.93754
13.2057
45.7012
11.8828
2.44291
15.3978
7.22924
3.7282
23.1488
10.5292
38.234
20.8944
37.5284
59.5593
16.2579
3.33581
16.1392
0.547657
50.1577
47.1749
15.8103
6.22179
30.3941
2.8941
32.4999
3.57293
7.53035
16.6058
18.2791
3.46912
7.32168
2.83605
9.87547
18.6148
0.470019
12.6154
49.9553
0.998737
48.3035
26.0463
13.8876
8.5156
48.1778
29.9442
6.37656
59.1849
56.023
22.9242
18.5658
4.49919
10.6041
25.0575
55.1313
7.84718
0.747818
1.41005
7.19085
3.95359
17.6666
2.16194
5.40003
12.7911
10.4729
57.9625
13.4505
27.6774
45.1877
54.4772
33.88
49.0801
4.49454
8.24435
42.8183
16.0886
35.2317
17.8517
13.4838
41.3818
0.120265
1.87254
54.6236
6.50979
17.0553
62.9141
2.7728
22.0192
19.1869
3.24236
13.7554
40.5676
22.3682
5.30442
43.3327
49.3176
57.4403
44.3414
53.2276
23.6681
31.9288
38.7488
4.15305
18.3707
14.6412
12.4849
33.8559
13.6364
39.4462
1.91659
13.7453
53.7032
38.0174
11.2132
60.9028
11.824
31.3525
7.65562
48.4863
7.03949
1.86976
13.4833
7.31704
30.7025
15.9096
27.5888
32.7245
18.442
0.654287
60.469
17.6419
30.3635
36.5621
40.4841
11.9284
41.6325
18.0366
16.0772
15.9386
14.2354
19.1563
5.46842
9.3658
18.3681
24.5069
54.982
1.04659
46.7171
32.1538
10.243
10.0165
63.726
15.8236
1.37026
17.1761
19.0589
3.82196
47.5736
1.39292
23.872
55.3173
6.00435
14.1241
7.46617
5.8738
6.28159
6.50869
11.4476
19.4717
14.4914
55.0234
49.9771
3.40909
40.8441
21.5316
10.2432
10.7371
3.61509
11.8947
53.5733
18.7566
7.17851
19.7744
3.32326
52.7042
30.6776
27.9572
1.70204
2.15895
26.457
34.196
12.4205
1.20971
14.2862
14.127
57.8788
6.79254
4.4676
61.8578
10.3122
18.3576
3.86147
1.66247
12.0329
10.9438
8.74224
13.2973
39.9964
17.1019
27.1428
13.8295
13.8041
33.2002
10.6884
40.8797
3.44306
7.4825
12.6781
4.27283
24.592
5.64396
5.08015
52.1986
63.9778
19.1115
33.1426
13.391
0.198663
8.51669
15.5456
35.7164
53.9723
26.0256
7.0721
5.01807
1.16319
31.6917
11.0798
14.4379
58.7103
13.5261
1.82276
11.5068
8.10477
4.0796
49.888
50.3331
18.1281
3.95604
59.5372
3.58054
43.5619
7.06114
0.5827
18.2249
47.6308
11.8137
4.19673
13.1074
9.74854
6.20387
20.2858
8.25514
36.1937
23.6666
8.42871
0.469515
14.2025
18.413
63.3042
13.7394
5.07155
1.70184
4.01375
4.16051
18.1015
62.2206
57.4439
58.2241
40.0262
8.74743
30.185
61.5746
8.37194
9.5305
6.20002
58.8659
14.3585
7.08865
21.1743
0.774164
12.3557
5.45458
19.1917
17.2161
34.4064
35.161
8.08602
17.2461
18.3937
9.25135
25.1421
35.739
43.7385
27.3432
47.128
36.6461
17.4541
60.5049
7.5334
5.96682
6.93082
12.6414
3.49499
10.4747
5.69551
53.195
33.9223
8.85035
17.2646
49.1705
20.3994
61.7412
7.51903
62.4463
16.2574
58.8141
4.67031
12.1459
4.29357
45.3926
44.9968
19.4735
3.95852
21.3472
59.9982
4.17248
9.2069
15.5992
50.7863
17.0323
36.7678
29.3663
6.68794
58.1398
1.96237
29.8794
10.8687
1.03559
25.2754
57.7201
1.87585
8.40026
61.2344
10.1486
62.0968
5.3091
56.1158
19.1298
21.6112
25.5638
27.9796
34.4983
13.767
60.5678
6.83302
0.563497
5.91844
17.9723
5.31765
25.8719
63.1422
29.4259
14.2429
1.09147
63.4548
57.2952
48.274
11.1384
18.0565
32.0514
2.66208
13.434
43.6
19.6136
4.89774
36.9838
48.4875
7.90836
12.3363
25.803
5.96834
38.132
10.6268
2.639
27.7734
15.1024
6.58627
34.4607
1.21174
13.063
19.7643
17.0126
50.8164
61.2065
7.35788
0.354805
3.95964
15.7644
9.16111
9.49768
1.11749
10.8026
0.267477
45.8381
10.8264
39.88
13.5132
2.60064
6.90992
11.0422
11.3045
39.0138
51.4444
20.8271
47.8287
2.8091
27.3103
46.831
11.7697
5.29935
2.74454
12.7473
51.5074
26.9265
18.5548
56.2147
3.83965
59.7435
48.6264
6.56063
45.428
4.75368
2.67379
55.2488
8.66122
12.3636
9.12413
6.12284
2.25859
57.7752
12.0728
22.0393
3.9184
12.1741
19.1264
15.5696
1.69895
42.1412
11.6613
17.7727
23.4953
5.38473
14.2043
16.5766
59.185
6.89526
4.8297
16.2537
54.2968
25.7248
17.2735
50.0499
7.3959
12.0316
24.3736
60.4698
43.0616
62.3491
17.1316
51.4021
43.0201
38.5142
14.7924
19.5242
36.3648
42.2332
8.51527
9.54104
12.0792
20.8798
34.1275
32.2527
5.87897
11.552
5.48258
9.81439
37.4507
56.6394
59.0267
2.1766
28.1935
52.4779
15.2965
7.44898
7.10738
7.27014
24.5383
22.5886
63.241
52.7703
10.6043
44.3669
13.0077
30.3643
11.7338
12.6941
7.82564
23.3509
23.4863
8.00055
45.0887
15.1102
17.741
45.1173
4.83438
7.16859
7.09486
32.7946
5.90768
13.9715
5.44505
45.6008
3.18821
43.8039
17.8749
18.0418
9.41755
2.71588
30.8877
1.66979
30.4241
23.2631
5.7116
18.3806
10.176
11.4833
18.0065
18.0323
15.0885
23.1612
13.9129
26.9567
19.7499
27.7103
6.2235
10.4713
3.00317
47.5273
58.1227
37.9502
1.51394
38.7579
9.31318
11.742
18.2119
8.67539
3.05693
35.2324
20.8878
36.9938
11.8596
7.25158
14.1743
62.2408
42.4379
10.5226
12.6707
22.9696
62.6677
18.7921
11.9053
37.7035
13.5367
12.4011
53.1914
3.65756
61.6106
61.4461
15.2788
5.80597
30.5702
14.7736
17.4339
0.0798249
45.7936
4.4446
15.7363
1.31035
11.4034
12.5613
3.86711
2.81818
26.8373
45.5196
13.6715
18.1122
17.5197
20.7996
17.8674
41.1698
27.4051
15.7297
1.65428
16.5416
1.80157
12.2392
42.2307
18.6901
3.15834
33.0459
9.03891
42.8265
17.9712
23.8972
1.96835
50.9603
12.6285
11.1554
46.1482
21.6066
5.27801
59.3102
61.3308
9.79223
8.06875
7.3095
4.17553
37.5164
28.7751
22.6169
11.7656
40.9766
44.1221
54.873
7.09048
35.5893
6.81758
44.8265
13.3626
11.5101
54.0017
46.2794
8.30005
16.5624
1.77333
17.6569
25.8857
1.79568
33.6602
8.42527
11.8409
17.4371
5.92392
56.1656
18.2588
9.50599
4.48812
10.7937
1.12416
4.46044
49.6463
0.446829
29.4858
1.91907
19.4587
14.6499
7.69373
5.16547
4.17977
30.3494
56.4289
4.23882
31.1877
35.3118
61.6107
18.523
40.5362
18.7319
1.14069
10.9324
8.89539
1.7934
52.6609
57.1763
27.8085
5.54352
10.8615
9.65077
41.9524
38.1346
0.212732
16.0409
26.1227
45.2343
3.22328
40.6476
25.9227
13.4115
8.00393
33.958
20.7263
43.8607
42.7523
44.5935
2.40899
4.84204
8.26531
58.904
44.6371
17.4158
12.5286
4.84717
15.5251
16.5462
52.2798
30.9145
35.7098
19.3416
9.00759
14.4961
29.6195
61.5324
19.023
36.6752
60.4779
10.8919
41.0725
17.5824
1.59242
16.417
1.9914
19.0102
40.3865
39.2539
13.6461
12.7959
14.0943
16.7448
7.83626
13.7837
53.6137
35.498
7.62053
44.9411
3.1392
16.0963
10.3772
35.132
29.5402
15.8546
12.3008
10.0203
12.5215
16.3271
9.28462
20.3416
46.045
9.90868
3.0472
11.8668
7.69201
48.2597
46.7653
6.75385
62.8382
2.4856
47.8472
17.5562
40.3607
48.5777
40.2113
38.3218
8.92789
29.6833
15.8842
5.70276
14.2464
10.4792
27.4403
7.45443
11.4662
56.0979
45.3637
15.3141
10.3593
49.6315
1.34083
7.09154
6.37541
21.721
23.4387
12.1941
28.5979
35.1554
17.5645
0.689528
12.9772
1.10953
9.67085
12.8699
2.92669
52.0833
11.309
18.555
13.6232
0.514097
37.1772
17.52
4.83729
55.3034
41.5396
6.07151
34.5076
7.54174
54.8141
49.4577
14.4098
46.1182
10.3446
19.133
12.9548
18.2689
1.20438
14.7003
39.5116
0.553967
10.7074
14.6074
58.371
2.32447
2.33526
3.57149
39.245
53.9294
40.7322
0.292934
28.4102
9.61694
34.3584
60.1276
17.4629
48.3908
42.5716
41.3159
17.5434
35.8898
1.79602
15.4327
10.4799
15.9688
49.1966
9.54403
16.3729
10.8015
5.92489
57.1374
58.4012
25.4624
0.607966
5.43173
57.3876
17.6062
5.55519
14.4253
7.50953
27.4749
53.685
35.5878
12.2639
30.0798
5.2052
12.4492
19.0355
41.2798
45.3107
33.5153
3.15578
54.3518
13.1176
44.0874
6.36791
52.1967
4.40607
28.3222
4.48739
54.3215
38.7511
5.46306
13.0978
4.19676
61.4724
13.4318
48.3031
2.81142
35.255
6.5859
16.0826
49.2724
8.11395
52.966
15.4429
16.526
45.4804
0.630847
43.7774
16.9642
11.6159
3.36371
33.0848
10.186
31.2534
11.2209
17.8845
12.5209
12.9482
23.5327
52.8396
43.7905
12.8411
7.31213
25.691
7.63566
63.3917
14.6716
12.0794
38.5571
12.5404
29.8473
9.21139
59.1686
44.937
40.5208
10.9613
9.96035
16.1238
8.0475
8.29491
49.8734
14.276
3.55011
31.7803
62.0605
21.1373
17.3729
10.4983
18.3534
6.02151
1.74501
3.18747
45.772
17.5549
12.516
15.1448
50.3466
60.2843
42.8979
61.2364
58.3579
30.9175
25.4404
8.9755
56.2095
4.91141
16.1443
2.93366
13.9501
21.9825
1.24606
50.1809
10.4613
29.9433
38.0044
7.85311
3.8703
22.5517
49.4133
54.1407
0.109114
11.7368
42.5496
9.58727
11.4949
59.7931
21.6195
29.6172
2.88916
15.2509
12.4824
10.947
5.31254
5.82828
11.5587
36.6734
55.9495
11.0877
26.7264
16.3771
6.54034
2.84058
12.4613
12.8894
5.67427
15.6758
7.79259
13.3306
43.3979
34.8147
13.7347
37.2926
4.35431
15.0311
13.8873
15.5971
32.2741
17.9535
57.7643
16.077
40.0459
6.12794
6.54474
60.0856
1.23509
17.5384
2.43228
59.5245
34.2109
1.20137
3.33093
34.9188
41.3306
17.589
62.3785
54.4777
2.05253
13.176
57.465
31.5653
8.2177
15.0115
1.26284
16.2939
48.1223
44.2122
62.1244
14.9218
57.2467
4.6786
13.013
22.1108
4.11711
19.0267
6.83526
15.1475
7.72098
16.7388
27.9461
48.126
5.92247
17.3414
9.68839
13.0232
0.953027
17.9331
6.29545
9.58243
24.197
46.503
17.9067
8.19004
28.6475
13.8744
7.84714
17.328
1.21154
1.80368
24.0238
54.7277
11.3425
5.72595
49.0797
12.5992
13.6299
44.069
8.57928
9.2979
15.8967
29.7601
20.5769
5.01237
10.3838
6.23928
13.5408
11.8974
1.20088
14.2483
8.99652
0.0255849
63.4593
6.43219
59.8171
57.8888
55.4091
13.3945
63.1566
36.3689
15.2987
9.62011
63.4855
6.46673
61.4653
34.3136
49.0228
8.33276
18.0693
14.8365
11.5993
61.8279
43.3833
17.467
17.6502
16.9455
7.8025
4.03564
25.1875
16.7883
9.332
51.5341
11.0342
0.0582226
2.19182
38.5868
17.249
8.37446
58.7337
19.0753
46.6225
7.77296
28.0231
3.16622
11.261
12.5407
15.8977
3.58531
9.23865
10.1048
55.4661
17.9527
9.12015
33.0228
62.1049
41.3047
0.345241
19.1721
0.556218
59.7234
14.6588
55.3757
56.8975
31.5278
15.3689
40.9404
9.5585
15.7502
7.2111
1.24801
52.128
4.74391
25.491
15.986
56.0582
17.3193
39.9362
20.8363
60.1628
15.6016
16.1155
16.1683
9.06396
8.70052
2.67644
22.8342
14.4257
58.8578
4.50514
15.3985
53.9416
34.7061
27.1375
30.2046
1.43531
11.4068
7.67152
60.3692
12.868
3.55585
14.8432
13.7192
11.6574
22.9775
32.9843
53.4173
15.8138
25.563
9.41734
2.67073
11.152
59.5305
25.4676
13.0289
19.0907
12.8883
4.94881
12.9739
52.3419
13.3597
10.424
4.11719
9.37883
24.8352
18.4201
16.3211
9.22617
55.9933
9.7158
47.1768
31.6287
54.476
2.8037
8.19087
45.7431
15.7888
9.59825
8.35458
16.5224
51.9514
54.1472
1.66161
16.8811
7.03878
14.3038
14.975
17.649
60.8374
10.2517
22.5913
36.8751
13.3286
15.4857
57.7808
58.0667
21.5609
12.6662
13.4516
0.589186
49.7052
12.7687
43.9748
36.2422
16.056
4.54136
37.5454
9.94871
4.26026
58.0055
60.8836
6.09238
59.6426
6.46181
3.11846
36.886
17.9673
52.8627
10.9614
3.6245
15.2284
57.4664
13.2928
37.9047
1.19349
1.6298
45.3235
1.10598
13.8275
18.0431
35.534
12.9159
33.4037
8.00701
14.1158
3.50344
19.4848
4.41351
28.4168
18.0738
3.05049
16.5211
5.3461
6.12084
1.66856
9.73611
53.055
41.3886
18.6674
49.6303
1.66357
46.237
34.5171
1.49867
0.458092
28.4232
27.0946
3.15553
55.5568
8.8825
11.8942
60.9286
62.3117
4.63404
46.9858
12.0518
16.5017
1.06591
15.5292
18.3486
43.0455
9.99251
46.0369
51.0889
52.7249
38.9471
12.0526
7.88969
10.5332
29.9583
18.4319
5.52774
59.5073
24.3715
55.3473
8.45828
17.1667
59.9859
5.96404
8.18756
8.56644
15.262
12.6188
62.3345
12.3754
43.603
11.8071
19.5914
14.4514
35.7156
47.4417
23.2574
13.5798
34.2646
9.36932
9.9174
35.9034
52.2384
13.2463
22.0143
49.9808
12.237
37.8979
42.6207
4.98085
6.46646
59.604
59.1349
5.34922
52.0462
63.6923
61.3157
8.86682
1.12558
14.2392
21.4742
10.1087
10.3631
11.451
58.0386
16.6999
4.27362
7.40183
24.0305
12.7981
60.6807
17.4478
56.7556
8.18791
17.2804
9.23569
52.3933
27.0811
35.1853
16.9446
13.743
7.90148
34.2032
61.8598
8.63364
47.5171
0.245066
14.3596
9.74778
2.14535
1.45371
13.6601
48.3902
17.1788
11.7436
59.1252
60.9613
42.4883
55.5872
54.5582
7.12855
14.0163
1.66274
3.49894
7.21274
26.2417
52.6425
8.21612
42.5488
9.72605
16.6434
3.70567
15.6601
11.6845
2.15902
8.334
22.2001
13.4796
15.0261
2.44058
13.3992
6.38744
40.5151
8.16567
18.9
9.68657
25.1947
14.4327
4.29773
15.2663
30.2592
6.41566
4.12944
15.5707
58.6236
34.8105
1.78771
13.7055
12.3087
14.9135
33.5043
7.95821
4.53484
35.8661
35.8655
6.96965
9.3769
51.8894
21.9378
10.7792
7.41552
13.7553
28.3317
8.3661
16.1521
4.28753
8.63251
11.8445
41.8517
1.75934
21.152
9.2879
39.665
9.7484
44.7238
24.9961
42.5028
39.0116
30.6022
39.3571
32.0565
10.7671
17.1186
8.51555
2.87775
53.4076
63.1252
31.8235
46.4303
4.82989
9.33042
15.6589
60.3273
12.2133
0.0975101
17.5733
10.2483
4.68845
32.4557
13.9143
6.80403
0.27901
53.1378
26.6569
24.4078
2.9259
4.09867
28.5364
2.83664
28.1585
9.32366
0.573598
1.76288
42.4874
7.18048
12.7802
8.66005
58.4112
1.59547
27.7547
4.89086
31.5212
12.7772
11.6456
34.2055
53.7097
22.8516
54.9208
13.7013
4.66112
2.64101
60.5194
16.7684
46.3249
3.32128
15.9544
0.588017
13.709
61.9149
8.16048
61.6826
7.37216
57.8959
15.4529
61.3506
50.8471
9.21787
22.1519
19.6449
24.5546
43.617
13.3142
10.051
20.863
2.80131
30.3666
14.996
1.98465
50.8018
62.6066
6.11
47.591
41.1205
50.9325
0.531599
0.677676
5.69555
12.6278
62.7275
0.148334
7.11623
13.9346
15.036
33.0546
57.5402
26.092
60.5002
44.7023
9.04587
0.913717
37.7463
58.3281
46.1334
63.0641
12.1628
22.2003
41.7607
17.8262
37.3402
59.0337
6.05922
9.98689
2.63928
6.26259
46.5403
18.9148
60.7205
34.7132
44.8324
5.33618
13.7827
19.2655
4.36601
3.57975
1.75524
30.4362
14.2838
46.5618
15.3935
26.0284
3.24031
9.16248
45.0033
29.0769
10.213
9.97088
17.3943
4.35918
21.1029
16.6576
36.2135
7.11949
14.49
7.92547
20.0152
13.0445
18.6218
57.4085
5.66172
47.6965
2.07891
45.0106
4.12199
5.97913
6.13597
53.8033
32.0318
34.4115
12.8731
49.832
50.0264
43.3331
11.5419
7.71099
23.8645
10.0033
5.64146
18.3827
31.26
62.4009
44.769
10.6771
2.57236
3.85505
46.3997
10.1281
21.8892
17.157
12.8748
52.1171
49.5875
10.237
2.59574
28.8932
60.5364
22.6366
6.65088
3.70856
7.77661
20.2762
8.80609
25.4263
9.13641
12.8953
42.532
15.4204
39.4487
14.3292
17.9995
0.649364
21.3211
5.49725
36.0235
33.5159
10.7441
35.8509
4.2724
19.1523
5.57461
20.8045
11.3226
57.7749
52.6216
10.8545
32.8229
14.5954
15.4933
51.7964
13.1051
0.223046
37.8009
15.9202
16.6253
21.9346
33.2646
27.7096
17.8243
12.4582
14.4039
2.917
25.2444
7.35212
9.3707
14.9939
18.2223
54.2968
9.67548
41.5391
4.37106
17.636
8.2574
62.944
0.966783
6.5817
17.9866
16.0253
2.58599
8.14747
6.98845
15.5363
57.1265
9.19346
57.0892
37.0726
2.00106
4.10634
0.165137
7.67096
42.2578
4.9638
5.63141
14.1407
15.1372
16.7492
10.7433
1.51652
25.1967
18.7935
43.2739
51.5176
1.47359
56.9434
8.06204
2.6752
0.653195
46.6663
9.31933
8.19857
15.7806
38.99
14.3876
49.7967
9.48585
11.0458
32.8371
12.3708
1.59908
18.2748
11.4778
0.895796
6.99201
28.7131
16.5972
9.09929
23.6166
16.4225
2.64769
31.6569
40.1693
4.72198
4.09688
13.8873
11.022
11.1019
45.1234
15.4411
14.2587
18.1008
15.2045
14.8117
0.388764
7.04029
6.9249
4.54512
57.3981
6.2951
4.44483
35.4248
23.0947
14.2795
4.68045
14.7052
41.0508
56.3564
4.12264
56.6434
42.3364
54.5978
14.4981
55.5138
15.0573
9.89984
45.5448
10.0175
7.82038
9.23512
44.9478
13.3064
15.4965
18.6647
11.7125
1.4343
17.3727
2.14107
0.036245
32.6837
50.4389
13.7794
36.236
30.8109
46.4895
7.08435
28.5508
20.5484
2.68018
17.0323
58.7525
44.484
38.1502
42.1938
28.3988
22.7004
19.1626
13.9002
59.2961
5.25353
62.1956
20.1375
60.7367
45.8402
3.00896
17.6578
1.89612
4.14291
14.2695
20.0695
42.3623
14.916
2.78573
56.974
61.3251
16.9129
17.9323
17.7877
1.68342
26.0937
17.3807
44.778
52.6364
16.419
16.3754
44.3212
2.73746
5.6758
15.9894
2.66395
12.2788
5.85088
38.2777
9.78535
0.862449
62.2377
17.216
10.9985
57.2272
0.185345
38.5707
47.5533
1.39947
39.2355
6.04183
15.8378
13.245
4.55465
5.48422
16.5299
10.9079
28.9299
61.297
7.0683
5.47305
8.21452
13.6366
9.84761
55.6223
60.1523
7.7312
0.425686
9.61334
13.1025
13.6243
15.4722
62.6135
45.3793
12.5182
5.68314
9.55571
15.0607
43.3376
15.8056
4.72932
6.5158
25.6565
5.29329
15.7269
27.5119
5.81316
24.9696
15.5421
54.2773
60.298
4.15352
4.76868
52.6937
8.67256
24.566
1.62768
18.3474
18.5981
13.3385
17.3451
8.90036
2.52941
45.7669
25.177
16.502
1.18506
21.7764
55.5397
13.7577
19.907
11.337
46.414
1.10069
8.92504
4.38084
7.76919
10.7467
27.7039
14.1037
3.6566
8.21612
13.8985
45.1689
42.7984
54.0619
10.9311
4.91259
59.8198
15.8783
45.9201
53.3213
50.8808
54.9178
12.1859
10.373
58.7482
33.8472
6.13124
5.95806
8.44785
12.4562
9.58345
10.546
13.2297
11.2741
26.4625
6.87135
7.71668
38.1682
11.4853
14.7023
3.40712
7.16515
29.1158
14.8146
7.27609
6.78276
6.05766
38.5006
37.0767
14.5217
52.1611
6.28125
15.7382
3.92185
40.42
34.324
16.3319
18.7613
8.04244
18.6665
24.9628
10.4605
5.08148
51.0841
48.1277
57.3823
16.1966
6.42936
43.2008
16.9571
56.4558
58.7414
16.5413
5.18069
15.3562
34.8149
28.5166
17.6001
41.3951
1.43528
5.09401
51.7734
8.79056
3.74552
1.59256
3.92467
60.2365
1.03853
62.2479
10.2775
17.1268
20.0538
10.4272
32.5098
1.556
2.32581
47.5517
15.8117
8.86221
17.091
63.9224
9.08436
54.9742
0.720607
15.5689
3.16709
39.619
60.7694
17.3925
31.0243
16.9944
60.6205
2.30467
22.2655
32.168
17.6696
54.3173
15.5702
3.90744
6.90236
18.7644
11.5336
43.7975
8.53689
10.4543
16.908
16.3585
18.4738
60.9456
11.4849
16.871
1.69455
12.4692
11.9922
1.66016
2.20069
44.2217
13.3172
51.1683
39.7143
12.1367
17.4058
20.297
11.4826
20.5223
43.8495
16.3848
3.12976
8.05822
17.1609
53.1093
10.3979
32.6595
8.74734
27.4635
53.2896
34.0711
8.09617
7.99466
14.0155
3.78232
13.6126
49.3535
63.4067
16.7789
12.3334
35.0969
17.6384
7.07865
35.3386
6.79386
9.85642
18.4838
7.29629
55.6681
50.6958
6.73056
61.3772
9.90712
7.61493
59.0299
35.8195
51.9762
15.0944
12.7612
16.2372
7.41114
1.62197
1.79905
11.0341
59.6199
12.3293
12.1097
9.38707
50.3477
38.1688
19.0778
5.95938
22.6666
15.6734
24.6781
16.8413
16.0989
2.96278
34.8228
13.8501
14.0798
3.20833
7.16752
1.64176
35.4951
58.258
7.69294
13.4302
53.0592
16.6572
3.544
41.6914
29.1097
57.3441
5.18887
1.27691
43.2222
9.40928
16.7157
19.1253
5.41433
54.8238
34.2465
12.1809
39.0101
9.91988
47.6089
50.3855
40.868
8.73444
50.1502
15.237
8.28975
12.6685
9.73151
45.0389
2.05828
1.83979
7.58546
53.7337
4.55755
2.16966
0.820712
2.20018
2.59443
9.58404
4.17279
4.1151
58.9894
12.7576
16.1866
4.17953
60.6602
28.9565
30.4901
2.438
0.16911
4.27817
13.2218
62.9932
12.2401
18.052
53.1883
13.1042
7.46747
14.9375
16.9488
55.1668
49.7078
12.8385
58.6294
47.976
11.7304
55.9363
49.7819
18.5097
46.0568
10.7754
1.61801
16.5158
56.9197
17.1778
3.06781
52.2677
56.3753
12.7138
1.21908
25.3043
37.622
50.6951
4.25822
11.6375
28.4133
15.0724
0.0585994
47.8288
10.3853
0.998435
46.0128
0.601714
40.6614
14.8436
46.7012
12.9856
17.3449
11.5571
7.5738
25.1036
8.15877
13.6522
21.9781
12.8542
9.88342
10.9137
9.34306
6.74054
41.6088
9.96959
16.8456
5.44178
58.3339
63.0657
11.5359
7.94194
47.8054
5.74879
41.4215
9.38677
49.3792
35.1418
11.0057
3.25701
36.1589
18.9143
35.8559
46.9838
27.4385
9.07
36.9964
40.419
58.7028
39.1742
15.0707
15.0823
7.11507
18.1127
1.81674
25.6581
1.62639
1.63405
15.4878
12.3089
34.8646
51.8474
1.63205
32.5805
1.04058
14.9688
15.2304
8.20197
7.38551
5.84425
2.87016
62.562
5.51543
13.757
8.49701
13.2388
3.13672
14.6068
47.466
25.3131
2.58062
52.2264
12.7848
10.4828
10.8882
21.7793
17.481
8.14709
3.57228
45.9488
51.2715
7.79114
48.133
5.09512
13.2313
38.5551
4.95295
4.10817
8.68688
3.04259
9.01031
10.8387
15.6372
22.4021
7.0096
43.7144
11.2718
61.7978
3.96828
11.8411
11.4729
0.166096
11.9098
7.23782
0.252911
18.7454
8.7955
56.9701
62.4979
13.6385
11.7641
11.064
47.1563
10.2721
23.7185
21.0385
14.8854
17.9015
58.4388
5.37915
57.1999
41.0955
11.9024
10.1483
4.01771
6.19113
6.12608
21.0029
12.8532
15.4698
38.469
9.65889
10.4952
28.2309
13.648
48.7587
6.7897
61.2719
11.17
51.852
13.0307
0.997908
1.42099
0.347092
56.4982
33.94
10.6237
49.8163
3.36936
18.7941
10.7772
4.44079
19.657
6.27021
16.8013
55.4464
34.7613
35.5669
22.092
6.85919
16.1286
11.6007
25.9599
21.4282
13.1649
0.758096
55.9418
0.642753
7.12823
35.6335
17.9436
26.0993
16.8211
16.5392
5.89787
35.7541
14.62
47.9584
8.32292
17.1929
1.54545
33.8042
51.6811
14.5614
5.39011
13.8956
2.69125
7.37673
7.28843
52.2904
16.6039
24.5644
8.65047
13.4804
11.2233
11.3185
36.3796
5.74013
8.49676
52.6177
28.7879
36.8083
8.02146
3.91525
5.03377
15.6515
1.50051
1.75534
32.7375
19.0038
60.5025
6.75874
7.18327
53.3993
26.6672
63.2179
12.3778
3.55714
24.096
40.5404
54.1159
8.3162
3.18738
63.0979
60.6006
3.39662
28.259
6.46257
2.40487
29.3688
59.7319
6.90778
60.9664
61.5046
15.7936
44.8479
16.0195
15.5652
37.5652
33.5908
7.03413
24.6238
10.1004
51.3662
47.1376
48.25
1.58367
15.7892
10.3025
51.1397
14.9986
18.0509
6.43994
26.0009
3.05143
50.9158
20.1019
1.48431
47.1021
49.3791
11.6629
1.8823
40.0436
41.1435
8.49108
13.906
52.5635
10.7892
41.7411
10.1079
39.0617
7.79331
0.582358
53.633
13.3813
5.62926
52.7554
10.1292
12.8004
10.5361
12.7626
0.488408
14.6997
43.6836
21.2751
54.8111
3.48045
3.9657
45.7098
7.60035
3.08295
27.5576
18.4543
56.9051
42.2975
63.3948
5.23526
20.5404
7.9409
21.7447
8.4675
3.51178
48.3854
11.8747
42.9148
32.8513
19.3029
47.6137
1.96186
18.8928
11.9087
38.6866
15.1607
1.04267
0.729315
56.5611
16.7072
10.8451
2.22786
16.8582
17.6376
25.8917
19.5638
45.1247
14.1685
16.5747
5.48282
44.4509
61.8987
34.1694
19.8669
52.1527
18.7954
9.04461
31.096
13.8183
16.9555
29.2284
37.461
14.071
18.4963
23.299
13.8859
16.3872
53.4095
60.274
6.27797
10.5905
9.8052
18.4023
48.5895
17.0738
23.0422
12.1688
40.7737
15.0139
27.0719
13.3097
54.719
13.452
12.6068
17.587
25.1323
47.7743
58.9407
4.89828
8.63808
34.5481
3.28049
17.2083
48.6194
0.754836
16.3426
2.01607
13.525
9.0265
46.8792
30.9666
17.5807
33.6724
17.0117
6.01221
53.2955
45.654
33.4209
36.5221
29.3672
7.32902
19.0059
19.0158
6.04379
51.816
17.7788
16.7813
36.2811
7.24127
10.5617
20.7907
8.40142
52.1385
50.494
57.9547
17.3818
35.2386
1.6615
12.9877
19.2088
56.1502
41.3225
2.94756
50.1122
5.55542
18.634
5.9829
6.02592
57.0753
14.3516
5.63015
14.4262
51.761
9.69948
30.809
15.0504
0.732497
5.86342
34.3305
17.3971
17.869
59.4106
29.5854
15.0201
14.6102
13.7408
59.0532
12.4366
4.94354
26.0077
7.64664
22.1949
18.9856
34.8742
7.53373
29.5561
5.52131
14.7729
12.9513
3.14496
49.3966
23.1837
18.3059
21.7914
5.94522
40.0311
16.1983
45.4055
36.2702
0.699636
45.317
41.816
12.7369
18.3624
44.2429
29.7373
17.2083
63.0487
49.8163
6.99416
11.4034
9.65371
7.9796
12.34
12.5575
15.898
8.10197
11.3571
31.6974
10.0809
53.1765
11.732
12.7853
3.65719
33.5734
16.1349
0.772543
11.4561
24.3433
8.67405
3.44431
48.2931
48.4657
8.26756
21.6245
59.0427
40.4043
13.1342
7.37348
18.113
11.2132
32.5717
2.55963
52.5016
63.4322
20.275
16.6243
34.0407
1.70344
31.3283
7.9406
54.6711
15.0524
30.6592
50.8206
29.1226
12.4345
15.798
10.0029
50.3067
50.8138
11.2765
10.8444
18.9303
8.5434
26.2671
34.1829
2.31751
41.2012
15.6582
30.9125
56.3506
6.4862
36.213
42.3012
13.7811
20.8743
7.87952
18.6644
18.4701
34.5605
54.5687
56.2327
47.6371
11.0358
14.2931
13.608
0.58519
2.27458
47.5722
44.9308
12.7787
18.9558
56.8959
7.9701
18.5591
5.91741
22.5206
41.555
40.6843
31.9446
51.7811
3.67789
34.7129
26.9457
1.49416
49.9567
28.2684
55.7804
30.9363
2.60116
43.9434
2.11273
34.6153
7.78224
16.9575
22.8613
18.3045
18.9244
6.4939
4.4711
53.4529
8.03588
34.0618
42.7971
10.9406
40.7791
2.86599
31.4888
14.1287
4.29354
46.1204
8.35928
5.92562
2.69205
6.469
17.3732
2.65353
4.60913
13.2798
8.10462
15.202
10.2811
53.0366
0.819831
52.5399
0.975322
28.2466
8.02015
3.4676
2.35951
15.9531
5.14344
14.6079
52.5896
3.76152
13.8424
38.7763
17.9907
2.47446
15.4304
7.26861
13.799
7.67619
5.4642
10.8504
25.2286
40.3
18.371
8.04921
45.7005
25.9839
35.7554
47.942
6.42196
3.47321
17.7506
12.0183
45.8967
19.1445
14.0456
46.9984
3.93953
21.3904
15.1482
15.2075
9.44246
62.6432
15.127
45.7455
3.74494
15.8761
34.9215
1.42073
5.71949
33.8012
17.4325
61.7289
24.251
10.6528
14.0236
7.54985
36.8272
0.916556
60.1367
62.8579
55.0533
4.6983
11.4988
9.85318
4.2416
8.89074
53.1903
8.36405
27.0475
9.33294
60.9497
8.22275
4.9143
2.13192
13.2396
6.56203
49.2323
2.15544
27.4378
47.7797
13.4609
4.95997
55.9867
14.4616
56.8153
30.4919
41.5657
58.8465
51.1506
30.7972
29.6059
30.9938
11.8666
4.92175
14.0937
8.31494
7.65995
14.3474
11.6399
17.5501
11.9879
44.9842
37.2282
16.5288
8.83271
54.9944
15.3045
12.1639
23.8053
55.8583
4.30965
8.32362
4.61004
51.021
36.5546
10.6765
16.7797
13.0293
55.3937
11.3492
13.5077
22.1898
6.85056
1.6238
1.53767
9.95467
25.2632
18.2202
11.9574
41.9174
37.6797
0.550953
10.4892
4.37092
4.85342
11.4007
6.19105
7.21551
20.6214
17.8922
14.6767
12.9158
20.8668
16.2867
10.79
0.830807
59.1423
9.35107
16.7773
16.5506
35.4002
55.314
62.7702
45.9895
42.6374
0.219255
13.5395
48.0898
0.934552
7.15466
14.4589
8.93138
59.8794
49.5036
12.8821
1.10909
24.008
44.6613
45.4106
28.8988
11.1805
2.9361
55.7218
39.6345
15.271
62.1723
13.7544
6.786
3.24842
5.07318
18.5904
18.1748
17.8451
10.1614
10.1223
13.6329
8.25986
17.8665
16.9882
40.8216
11.5624
0.773227
6.32969
38.2688
6.02816
8.21087
25.8076
15.1594
27.3954
10.5174
35.6954
15.1938
47.4441
3.29156
1.65497
29.9292
8.0575
10.9071
38.7157
8.86245
9.89912
3.19008
13.6373
59.1125
56.6418
17.5308
52.8726
6.19458
9.33163
8.41376
11.1287
34.7722
17.0145
60.7694
57.7645
1.55845
11.08
11.9247
12.9215
3.885
3.22943
12.8966
14.4601
29.1788
47.6998
11.3351
7.74146
13.5328
7.579
8.23919
37.5169
4.17506
3.38058
18.231
5.30412
11.804
8.73897
12.4096
45.9691
57.8408
37.58
19.6685
16.6294
4.64579
17.6097
27.0913
1.73216
48.3538
3.65309
18.2263
41.3378
15.8106
50.4735
3.52869
11.0531
7.31656
13.116
3.2463
42.4479
4.31278
58.2229
18.9983
33.9564
14.3654
63.938
1.67234
8.30057
54.1261
16.7827
41.687
55.3189
32.6131
8.2915
10.1761
5.93672
26.2033
25.6577
0.776826
57.9876
59.9633
5.8823
49.8529
7.24748
8.97121
15.4209
47.5608
1.22722
7.72438
57.3348
56.1211
5.73891
57.7917
8.11374
45.5246
6.59111
37.0859
5.08137
3.07742
36.3811
15.9913
59.0777
14.2923
19.572
62.0591
9.55326
60.3156
12.2866
53.2132
61.732
3.18857
9.95787
12.3126
6.27452
18.8908
44.6746
18.6328
7.39897
25.4947
33.0575
60.1371
62.1073
9.73162
26.0469
17.9128
23.466
49.1596
15.3713
4.76084
18.3597
11.1964
2.25184
1.55773
10.6826
57.4384
20.2059
0.0343492
0.103989
38.7767
19.5308
31.1261
3.28198
8.85213
13.5331
11.7983
11.082
6.43381
29.0775
17.8507
34.329
12.4534
38.6663
15.2647
37.2468
4.49576
61.8079
23.2798
59.5016
16.608
2.91009
12.9565
18.7479
15.458
50.9453
1.37279
14.353
17.26
41.8293
15.9043
15.803
5.31821
48.4496
47.213
60.4262
13.4215
1.51416
0.894933
8.19998
11.6294
15.999
47.234
44.8353
14.3631
9.25467
15.5695
5.22832
48.6673
7.00036
14.4232
18.5984
5.41742
4.69894
16.1493
29.9006
12.1689
61.6479
12.0435
56.4735
21.0589
59.951
3.87132
7.42432
55.0477
0.577987
24.7582
6.44462
28.8931
0.51958
40.3509
10.5264
16.484
30.936
16.4097
49.9197
29.1098
49.7885
3.80506
11.1361
7.23452
56.7513
10.4277
45.2432
7.27385
5.02849
5.6225
57.4468
52.2569
16.5874
20.2175
13.8898
12.0866
44.7601
11.6245
27.14
14.8988
46.5401
6.71782
2.70908
15.0847
36.1732
31.4768
35.8235
12.3768
8.72051
13.855
37.476
54.0037
6.53745
5.72125
9.79257
12.2512
5.89821
12.914
53.7545
20.8568
16.39
26.0496
57.3199
55.1796
6.98893
15.0821
3.65657
23.8687
37.6476
8.43536
55.9496
43.6645
35.1577
12.7387
26.5527
14.5373
5.24676
62.0426
13.1179
21.0678
15.2443
1.95463
58.7431
20.3553
2.41854
7.97784
0.642875
18.13
36.1551
55.4179
29.6861
5.15962
55.5841
55.3757
43.5381
0.708719
14.6696
11.563
60.5853
5.47092
13.09
36.9905
6.7603
12.5682
9.30285
11.4148
59.5736
52.1269
15.8944
35.1272
11.9225
0.0332381
16.9529
32.2375
46.736
15.4221
12.4916
1.86944
13.0597
8.24959
19.128
14.4145
62.7488
14.2199
48.7783
17.8852
29.1298
63.1629
14.1079
5.08277
56.0073
59.6256
0.454967
23.8392
12.5787
5.13528
24.8485
2.71006
17.3598
33.3666
58.2585
4.15439
17.6885
24.7015
7.19162
10.0111
50.979
40.4597
3.60047
21.6586
2.61486
6.60235
3.09622
21.5584
54.2693
56.8767
6.52965
36.3227
25.7926
46.3823
16.1513
24.1568
16.5005
7.28553
0.566205
18.8115
30.3233
51.9057
37.1919
27.8901
0.463262
17.1881
4.09363
26.5744
12.6799
40.1178
8.62748
12.3228
57.9291
41.9419
9.33626
23.6351
13.7681
9.86117
44.8571
3.13621
16.1609
18.8097
17.4029
13.356
9.36186
63.9343
46.5957
16.2206
48.7243
5.4472
12.0148
48.2403
39.017
5.55444
12.0196
18.9337
7.06553
18.9735
13.2394
5.21413
15.1996
5.23054
6.05688
14.1697
63.5651
16.6182
2.60152
14.0135
8.09117
0.72844
10.9177
15.5575
21.2034
9.32726
8.1783
35.4915
36.5877
20.295
48.3766
24.1866
24.4502
4.06192
7.35049
9.34536
0.512384
15.4416
4.06015
54.6852
11.2136
1.34167
7.43961
17.4574
14.0115
41.3541
29.9821
16.3796
30.9875
31.4513
25.7314
21.4174
5.25981
12.4679
18.0527
0.34677
5.20194
45.2443
31.2897
13.4433
27.6507
16.9988
17.9923
13.9871
15.8454
27.1175
25.6324
4.84688
6.72223
5.95382
45.1586
7.58686
5.17641
1.4205
18.6919
2.09727
16.8374
25.8269
4.5996
5.3323
22.669
10.6886
60.2895
49.147
3.04386
26.8032
61.2675
18.4003
38.9071
0.0915197
16.3842
39.6783
8.46114
23.5518
12.5838
1.40251
9.29283
43.9385
17.6105
21.2465
46.7986
22.6415
37.1275
20.7077
2.77067
50.2037
9.48696
22.6086
47.4869
48.5183
28.0316
37.353
11.0947
38.2335
16.5657
2.96605
7.59188
4.0251
8.2164
20.0753
9.89671
22.7809
17.9806
4.05003
37.1724
9.40349
38.4817
10.6713
15.3718
47.7726
38.0462
44.7312
38.899
0.474367
15.1302
17.1581
6.55358
18.7112
0.898395
11.9759
5.62683
10.9802
2.85967
15.8852
10.1429
16.9083
17.0646
10.1163
26.6236
5.7133
15.3682
60.4953
9.33184
55.7315
59.3526
23.2867
55.2025
43.9907
14.9402
43.0711
11.7478
49.8709
7.98412
11.9463
11.459
45.5223
9.59854
32.1334
32.1476
5.68541
8.10585
7.78759
61.9952
14.334
26.9146
5.64509
5.89923
14.3821
16.1025
8.70348
41.45
16.3082
33.8275
42.2807
6.18
14.4131
10.8766
52.4738
11.6086
11.3568
29.8268
54.4873
38.1614
38.1539
15.4586
7.29672
43.0614
12.1079
23.9031
13.8329
18.674
20.0687
12.7246
8.10907
4.11079
3.21459
6.57388
15.8653
53.2201
28.0753
45.9306
14.0711
5.27283
13.1066
16.6726
18.2535
2.90675
57.0539
18.0783
9.64984
41.6075
58.0315
37.1916
53.1027
14.2396
0.538689
39.4212
33.094
25.7877
10.9352
61.7612
17.5939
1.34255
48.2728
11.4492
10.5606
36.1696
37.8026
19.2915
13.1051
1.91759
2.64963
7.02686
10.0535
44.372
6.6575
24.3432
2.42823
0.779202
11.276
29.2802
44.6404
17.0297
3.66621
62.1723
37.2746
18.7265
4.27499
2.50533
19.1633
42.4262
15.2376
23.781
6.48869
11.3846
51.0854
29.4442
16.7096
31.0164
28.2983
1.3738
1.32319
7.19325
3.37299
11.5952
20.4598
44.2393
5.59023
1.99149
15.6166
2.71514
56.9064
14.1905
10.6666
18.2842
53.6373
4.21294
28.4871
15.8574
43.4419
17.3494
48.6901
26.9385
8.69144
56.3786
2.2859
31.3469
2.59587
7.94265
0.889025
18.7096
43.3476
2.76691
1.9318
16.1515
22.5674
60.4618
3.65382
61.5929
46.1404
32.8661
33.5292
30.6049
61.2989
45.4844
28.7947
17.645
3.83429
2.56817
13.975
9.03508
40.6222
12.3776
14.5596
54.4669
59.6451
28.5872
59.1169
3.82354
15.7058
22.661
8.43536
7.75164
34.7502
52.7178
5.04494
12.0665
13.3636
4.98448
44.3169
62.1165
15.6198
18.782
16.1344
9.02117
12.9025
0.328977
18.181
15.1423
58.3801
8.71778
5.56494
54.9042
4.95612
0.558229
21.6817
10.923
10.1324
2.54251
2.13627
1.31953
13.1868
25.3831
2.76996
0.628698
0.561242
6.85355
46.9657
7.75202
22.1183
9.82646
9.85742
44.6453
46.8425
12.1516
16.2476
42.9861
9.89561
4.04874
11.7842
5.71313
41.7477
30.1454
43.5104
9.09642
2.18826
24.623
5.0723
28.0459
30.1505
44.3427
39.6626
10.6708
11.5534
32.3557
0.484238
13.4541
12.0227
38.7052
7.56184
5.61991
62.6332
62.9155
2.70124
9.50921
63.1601
20.4225
3.08187
44.5376
52.4781
4.0659
0.346076
42.3664
43.2803
37.7334
34.5851
61.9431
56.0593
50.1223
0.702818
0.455585
51.7674
6.02711
56.8961
45.5185
16.4105
13.9102
16.3797
16.9715
39.5178
12.1285
43.0455
16.4293
11.2376
45.0648
25.7484
57.5258
5.15391
5.78865
1.58793
29.8129
6.73319
25.3915
20.4196
45.4748
48.6507
1.83561
0.96995
23.6315
10.3962
27.7689
3.88884
3.21925
56.6831
35.9768
0.969387
3.44996
29.8114
9.00718
11.0986
24.813
0.0709756
0.963253
11.3728
19.6963
17.7774
15.8232
38.5481
9.09005
28.0987
10.0431
27.7294
0.622817
15.4261
9.68342
46.1461
61.4419
58.8932
2.30868
8.90237
8.84567
0.918634
49.7275
9.00592
34.7379
61.4661
0.760736
33.5026
14.1579
26.993
39.849
37.8837
14.6672
3.59956
7.61421
0.209826
1.05211
3.38884
49.6519
9.42509
19.5328
27.0216
8.90811
11.5287
18.2757
13.6015
9.80975
4.67976
21.8678
0.452462
12.9777
38.5818
9.01892
62.463
3.19102
1.23083
53.1832
61.6702
18.3254
4.71473
34.9842
44.5458
10.6796
46.1983
25.353
0.0811576
8.41377
3.96276
41.9219
3.52998
18.2973
19.0058
48.0329
18.9597
46.626
19.0517
56.6256
29.0131
18.6914
9.44165
56.8997
42.9067
3.99431
9.28749
54.2337
2.85866
16.1334
2.76214
24.5551
11.2031
2.27196
11.38
61.2615
6.2949
33.0095
50.4538
35.8498
25.0875
3.71048
11.9139
3.60358
13.5781
8.43069
32.0891
14.0532
50.9261
12.1475
29.1685
4.24027
12.6199
1.06365
23.3461
10.1521
28.697
7.81001
1.67997
14.7297
51.1794
44.4306
7.96514
50.1541
17.1107
17.161
16.0214
21.8952
21.9269
29.8605
32.0756
6.22809
45.8857
15.3465
51.4337
12.0837
59.1743
9.80592
2.95436
16.0697
45.7927
16.4926
24.3879
30.7469
9.34051
2.37975
44.9855
1.56071
10.9767
27.464
13.6925
33.5183
45.3719
8.18715
3.54285
13.3058
8.13508
2.11266
14.8592
14.0659
6.69806
1.0902
16.7067
2.90371
8.85644
17.0853
60.3784
11.6348
5.93173
17.231
62.2953
8.86587
7.44455
2.92625
53.18
7.6979
3.66902
49.3856
24.3544
10.4862
14.5756
1.48696
31.4643
25.5131
40.2063
20.0452
1.79291
8.05226
50.7419
5.14911
48.1678
29.8356
3.66344
9.10153
43.0463
4.57285
12.943
17.8597
10.6191
11.0291
2.72693
49.4871
9.80347
51.9151
1.49769
3.27654
41.0819
3.84002
7.08828
49.0212
0.486909
2.19764
10.5591
12.8774
33.8958
26.1624
8.23737
14.6216
60.2052
26.6964
55.95
11.5807
6.57555
14.2467
8.55668
5.42244
50.1162
16.5123
52.7994
13.79
59.8596
61.2826
12.1365
22.1051
8.1936
0.222205
0.821657
29.2854
3.86832
40.8811
2.9504
6.331
40.9295
8.66615
13.4134
1.66073
19.0648
21.5873
43.9353
11.1586
62.8182
10.9819
1.22068
52.8585
10.5962
8.43245
13.4635
23.4626
49.2925
1.46182
5.24997
43.2693
1.68068
47.9872
5.73307
7.77776
59.3592
12.3076
41.8684
63.9232
11.2053
44.0349
38.6564
8.71614
33.0332
46.5066
27.9617
12.6824
11.5543
17.7081
30.3628
4.62913
17.1344
17.7131
53.1874
6.20216
39.7968
7.94192
29.1626
29.3853
18.8117
1.06039
12.6902
16.2139
3.75965
1.46388
45.3748
48.0561
18.626
31.6119
23.3991
8.5595
17.8115
17.9195
18.2953
32.3561
17.7732
13.8838
49.9605
14.2126
50.1268
5.83341
48.1865
2.24948
1.43285
10.6472
3.30949
58.3072
14.2152
46.6142
6.42352
54.1879
10.4964
39.9494
45.3953
6.2622
39.002
48.7252
28.6629
1.42796
42.7262
3.82556
53.6169
1.37098
6.13119
4.8784
58.6484
16.7416
5.573
13.0477
63.0399
21.2059
50.0806
18.2775
2.10353
1.73949
44.0957
10.9874
57.3717
4.46956
12.5366
62.7618
15.4791
33.3405
3.23253
10.2912
34.0166
12.5274
8.61659
14.2939
31.5383
16.9703
0.892378
9.9206
55.425
7.95151
36.6231
62.8168
13.9019
9.95888
27.3051
14.0018
8.99449
37.1219
14.3377
8.90601
29.6533
3.62563
21.0871
8.5134
30.0611
1.71503
19.1684
33.6631
1.50028
60.5707
39.1075
0.795912
40.0194
18.9173
9.2822
4.52026
8.21169
6.99473
41.997
53.701
9.90329
7.37635
15.5532
1.12777
3.4506
2.63423
14.4215
59.678
38.73
9.94745
48.9106
3.65775
61.7884
16.7344
17.0179
18.9169
17.3852
4.45036
15.7638
7.0371
20.1116
1.40105
48.5215
56.4091
4.54849
8.84617
41.2763
20.0935
44.7324
11.386
33.531
3.50432
62.1699
12.7222
41.3166
9.24055
4.58123
11.3194
2.57303
51.5794
7.28976
12.1502
12.2041
3.02199
9.2578
25.8999
47.0869
34.3547
8.1108
16.6272
9.44023
13.0955
12.5337
9.64467
58.214
11.292
0.319661
15.1204
2.73224
10.1347
4.17818
15.4858
43.5883
55.5671
58.9555
9.85992
4.65409
6.55825
14.5958
48.4132
10.5732
59.8574
15.8094
10.0553
37.3447
2.28563
16.92
11.7607
8.26718
26.6366
34.797
1.84423
34.6489
3.79609
0.0693799
9.32216
15.9775
39.3691
2.59803
8.96417
12.0093
14.8507
17.1399
0.663937
15.8687
14.4453
13.0676
18.872
43.0482
6.08343
48.3944
11.2282
53.3138
55.8102
6.41333
17.0715
7.88998
12.1634
1.31805
33.5676
31.9821
0.648358
6.51855
15.3749
1.76176
4.17483
3.62368
15.1049
0.358303
36.3029
18.5788
8.78231
3.35164
2.33005
60.839
35.763
61.5967
59.2203
9.62816
12.5349
7.50397
62.0953
59.5137
61.0806
22.5203
45.1247
2.02418
17.221
18.0502
15.4666
55.7001
10.2289
22.3978
37.8241
11.2155
7.19748
8.05472
50.3266
23.9506
55.8774
15.2835
0.357075
29.377
7.86626
16.6777
55.7397
48.7797
57.6924
11.2367
10.1523
48.2133
27.8786
55.5355
7.73811
46.2848
56.3112
17.6669
27.6577
55.9765
55.531
57.4005
4.30066
61.4892
12.1781
8.99766
42.7708
1.85495
17.7629
8.83837
36.1372
61.4789
7.58077
9.32426
14.3398
29.976
12.1159
3.5911
4.46838
3.65099
6.31558
20.1997
18.95
15.4245
12.9555
3.82495
57.0435
61.2112
24.3829
19.0009
17.4467
29.9667
5.86243
3.08643
57.7905
15.5493
36.7802
13.2786
57.5548
48.5317
55.8391
13.6988
14.4149
17.3044
37.5829
3.7327
31.2961
22.2724
13.8562
16.8975
39.6169
3.8567
9.34611
35.032
60.8823
7.56903
62.5107
2.85
18.4763
1.02339
5.75247
25.4033
2.7374
3.43823
11.3777
4.52773
6.46709
46.1769
50.9842
12.8609
2.72836
32.8086
14.87
6.00495
7.42256
0.555188
48.5831
46.9038
12.0828
1.74344
5.88355
29.8345
44.2161
38.6247
1.03734
63.5975
46.3166
54.4701
0.330261
2.21231
21.459
13.8275
2.1581
45.2404
1.38698
9.1279
12.1778
17.6889
3.8331
8.55925
3.55975
13.4149
47.6304
13.1304
8.21599
44.8429
29.1549
22.4849
28.5051
16.0794
5.2147
4.1678
10.4136
59.1263
2.28703
44.4623
12.7178
23.8207
12.5065
20.8874
17.0101
4.3374
8.57656
47.4863
8.92589
60.0083
14.0035
35.3212
7.41903
12.9502
36.2851
34.2041
1.23227
38.3008
15.0318
21.6038
21.3882
51.9707
61.8524
8.22223
58.8718
43.5299
5.90749
42.9572
45.6246
3.29757
0.99995
46.3861
40.7467
19.6039
50.2914
22.2268
46.7505
52.6747
63.8517
41.871
59.4551
53.2692
17.3648
13.9456
21.1425
20.5242
11.0293
3.64229
6.71124
28.397
0.552367
6.29461
27.4084
1.04577
31.7147
35.1047
8.02045
36.1816
23.2201
61.5126
19.1146
9.60744
28.3695
1.18994
14.5315
10.8655
29.5989
17.8687
21.1003
6.54584
8.0571
10.2407
47.1955
57.1082
15.6599
3.74601
17.4834
11.5408
21.4239
38.9474
42.5697
43.8326
28.0087
11.1188
6.99781
3.1266
19.1744
13.8923
7.51819
54.0958
5.57574
25.3461
4.14201
12.07
14.7082
47.4863
10.3214
6.16487
47.8769
43.5223
11.1231
28.8511
6.52235
18.1861
4.68275
27.682
7.15341
7.61362
11.3227
49.8905
13.0382
6.95414
0.46623
30.773
3.98476
40.0551
13.3879
4.23957
21.5494
41.4814
55.6951
16.3956
7.2907
51.228
13.5767
40.9666
13.8178
31.5984
53.2073
4.70322
5.60547
18.9046
10.3086
17.6276
8.66376
36.6589
43.3537
0.349288
9.43466
28.8869
5.41163
13.4861
19.5966
3.12914
10.4031
7.40036
6.4981
59.8902
44.3304
48.7034
18.8444
14.7055
5.13393
47.2955
24.9756
0.113162
49.7692
49.1414
8.72516
53.0213
11.1169
12.9939
10.0444
41.2366
10.3504
53.4202
16.8413
31.3284
3.12584
17.9892
17.9033
42.8037
14.7109
17.1036
63.6886
13.8478
19.0705
10.3518
15.5987
59.3265
35.9841
25.9043
44.6576
10.9547
2.15617
53.9483
3.3171
6.48887
8.8973
45.2083
44.2686
13.4859
10.2651
11.7119
5.36109
11.7463
50.3303
6.13475
0.778766
53.1903
33.281
3.24396
21.6509
4.97677
51.5543
19.4012
16.9558
0.530654
14.851
5.83965
3.19526
30.1239
4.12553
8.23374
23.4218
1.31661
17.6393
4.97298
57.9699
37.9208
17.0441
1.83327
16.0279
14.2294
13.2109
6.4175
16.4705
17.024
28.5902
5.49266
61.5541
29.5643
0.217437
3.22116
6.3753
50.8932
16.1826
15.4544
61.5699
51.2149
22.6655
43.0438
1.43109
34.6404
12.8623
23.7458
2.11089
7.14117
36.9241
3.48964
13.6362
47.9919
10.4111
55.6587
6.55782
12.0988
2.88926
42.6236
9.32916
2.74509
31.7654
10.3382
36.2467
16.6005
58.3822
8.39867
22.4265
14.6573
8.25882
5.36704
11.3326
19.6069
61.2837
44.6557
5.65824
14.9255
18.4213
1.73103
11.8472
10.2791
23.3524
40.2725
2.10729
52.592
15.1866
31.8318
12.109
12.921
2.26743
1.16499
10.0596
15.3492
12.9816
5.52587
23.5389
58.1531
3.62712
4.79974
13.981
44.2406
42.4163
54.0574
3.11011
18.6775
4.90292
60.4987
5.40889
9.13298
3.10233
29.6228
18.6968
60.9795
13.6465
1.88951
50.5234
15.4066
32.8829
13.2867
5.10596
47.0223
14.6789
47.2286
37.7903
0.865519
5.45809
42.846
54.1714
5.23671
44.37
51.1893
15.6089
14.0825
29.5877
43.0225
48.0984
13.4911
22.9406
28.9201
17.1312
61.2734
13.0595
4.75684
11.5943
15.8797
31.805
53.5543
0.323883
56.6661
16.3567
44.123
13.4042
1.258
3.41606
40.3774
34.8062
7.33351
13.9034
36.2705
43.5422
35.7025
12.6288
43.5193
3.01472
45.983
0.572116
48.6988
1.12021
3.19919
8.6468
3.50869
1.35872
6.84288
44.054
25.9182
42.7825
15.7596
58.514
2.67709
55
54.4675
47.1375
14.8808
14.5859
31.5525
1.28394
22.3778
42.1396
5.86788
53.7464
1.62996
14.5654
4.77925
15.4629
13.5542
54.7423
56.6132
45.0055
8.01689
3.83873
5.60292
5.95865
32.0115
2.46644
40.2274
57.4746
15.1795
52.6627
34.6762
22.1262
46.5198
55.7734
4.44723
14.7145
10.7227
44.3484
1.17561
11.0498
23.0014
51.1413
13.8449
3.95369
14.2558
3.47256
47.412
12.2169
60.7812
26.9634
20.1942
3.06882
49.7661
34.1601
5.23854
15.2499
48.8585
6.1567
7.00263
0.695454
10.6545
56.3937
3.41943
24.5367
6.57439
22.7811
51.5046
8.201
10.0494
22.5736
48.8742
59.8488
4.93463
12.6475
30.0016
9.26573
24.1887
41.8109
16.5327
8.98287
42.2911
9.98088
0.739778
27.3659
56.5754
15.4861
10.6473
2.04855
3.29251
1.60948
21.8875
15.2914
43.775
12.9993
27.8594
60.028
62.2263
12.3415
59.0387
3.14569
17.1274
19.148
53.4798
9.33195
8.6598
8.82598
8.65437
7.68055
4.12197
57.4896
38.1285
3.10174
9.31434
52.1981
9.90566
16.1365
18.1509
14.5966
42.1959
3.0219
26.5759
29.5719
11.2264
12.3745
0.563806
14.0861
13.1151
3.98748
7.05515
46.6841
42.033
2.22274
2.82531
2.32542
40.2962
6.72836
6.52776
9.92437
43.2274
39.4917
13.6604
5.60391
8.64558
16.7234
0.559107
20.8731
25.2221
1.84338
1.38637
60.2883
15.8012
18.2973
10.4437
18.3087
50.3394
63.8095
29.8733
10.7234
37.3933
9.83971
16.7858
14.7241
20.6444
5.66831
62.1737
2.79908
10.6158
11.0742
51.7146
39.5999
49.2605
16.0302
11.2087
62.4581
19.4914
4.35345
9.17253
11.7653
1.17713
23.6308
17.2833
47.1006
11.1642
8.83316
37.8807
42.9851
53.2707
63.7601
11.4197
7.80533
49.4777
39.603
45.7831
20.8271
6.12818
19.4567
12.1698
11.7349
6.53406
55.3035
18.1775
63.3153
33.8203
34.8044
1.77358
55.512
30.5286
8.53445
13.212
2.64757
17.2806
15.608
19.7735
27.2382
10.9099
1.49575
36.9079
29.7911
9.6439
8.51601
43.3163
8.43075
48.3243
5.03179
6.51373
31.2376
8.7864
51.5353
47.9659
43.7036
59.0754
20.0375
5.25709
30.6104
5.41996
9.06488
24.0627
16.6048
50.4418
7.121
57.3012
13.2934
57.073
0.135106
35.6176
7.2494
26.3799
3.16993
6.49286
35.493
6.65585
3.1588
15.6712
58.7687
4.65221
36.9165
46.4578
36.2552
49.2594
16.8185
14.9695
2.24104
22.6183
58.918
9.98684
1.71962
5.52773
56.6269
2.25169
51.2415
1.80718
57.0982
21.0133
12.0482
47.1586
3.23074
14.9748
2.54971
3.65988
2.89331
19.112
14.3386
14.359
2.6093
17.0848
13.9021
8.23095
31.6381
17.6871
35.4966
1.47458
5.63934
12.5096
25.8177
11.7875
58.4116
1.0987
36.1358
6.74973
9.56951
33.3565
12.3715
20.665
46.8307
1.23682
12.5753
29.7591
19.0102
36.4476
42.7801
29.4596
2.89903
52.2289
5.12022
29.8577
30.668
54.7619
5.44237
2.40784
4.39461
58.2246
15.9074
47.5926
34.8158
51.5186
0.885254
7.54976
22.3209
20.0172
8.55597
9.30351
18.392
14.7879
62.151
38.7392
53.9276
53.2206
5.88668
46.0138
62.6707
13.1446
10.0187
8.15997
60.4996
21.8547
59.844
6.61852
47.4196
43.2323
18.974
3.33463
11.871
31.87
21.5584
1.47579
17.0883
13.6401
60.3848
12.9671
22.2887
8.68428
18.8
7.58802
18.6095
10.7867
1.93974
25.5012
5.15565
31.9034
52.5314
28.6641
6.38885
5.56343
32.3847
17.4596
19.0636
10.3742
18.3213
26.0087
16.4367
15.4528
9.60275
3.36025
16.9231
9.98312
54.5266
16.4881
10.9939
15.3267
18.0421
60.0249
39.8736
38.9153
46.2252
45.0867
46.2928
41.8267
3.76787
39.786
4.89813
1.12204
9.3062
1.15977
5.57858
5.4191
30.7975
5.00571
8.65662
0.666711
13.6185
0.206904
2.54078
4.65967
0.591852
40.719
9.99577
59.2456
17.6551
0.724215
15.453
55.3344
2.84235
27.2372
8.8672
62.6518
13.5997
36.0257
14.9443
0.0270649
9.83138
18.7844
25.0774
38.3252
6.8908
20.9131
63.3799
19.2812
13.0599
32.8773
0.669706
6.36476
16.594
14.3916
38.3006
22.868
12.8891
24.8176
2.99826
14.2977
17.6173
12.1335
37.2307
47.251
5.77868
2.3469
47.1622
20.4945
3.97683
14.9579
13.6802
17.7176
1.81267
50.0991
9.86238
8.30342
18.3432
0.246356
15.2381
17.2077
5.96202
24.6517
12.1602
1.00251
12.9851
14.4892
39.5807
3.45439
17.0336
1.45194
19.1579
13.4896
18.7981
41.4433
9.99493
13.9046
63.508
10.0007
9.94442
7.02605
5.52889
63.5297
8.36457
14.9663
1.30291
11.164
13.9687
35.3325
57.5716
3.3663
6.32019
16.8232
10.5703
10.0743
36.0906
60.2144
24.4239
29.5545
48.2992
39.628
11.7079
18.0252
59.4125
12.5522
61.8891
2.61425
33.5964
23.0651
12.1942
25.9429
10.2714
3.6007
0.543855
7.69858
16.6254
51.5701
50.0968
10.9655
17.2759
6.99919
6.91867
4.77222
5.52163
31.873
15.035
2.21584
26.4024
22.7159
32.2287
15.5486
20.4611
17.4668
36.6277
4.89165
53.466
54.3519
0.871921
26.1206
17.4592
16.1787
0.266451
27.2205
59.9392
56.8751
35.5577
42.9079
9.05032
14.7646
22.2556
9.02118
17.2273
17.0543
20.2207
4.52733
27.105
50.8092
36.6687
1.48761
16.5342
45.8789
3.1266
61.5461
9.26566
6.51836
43.9267
43.005
17.3314
19.1607
46.0499
42.2216
40.6169
5.27097
10.3341
1.86316
34.8861
1.26856
47.2892
37.8473
7.45671
12.2698
34.9069
11.1679
29.61
2.85912
12.8463
25.8567
18.8538
0.113033
13.4623
0.123551
9.65484
18.463
40.0789
28.0741
55.5002
1.56357
16.9934
38.6431
35.6634
63.798
17.5286
10.1919
38.6819
33.7185
12.9019
3.92276
58.7434
36.2946
8.07023
10.4585
16.2313
15.5021
30.2934
36.3368
10.2396
10.532
57.1308
22.1284
15.3075
0.169594
14.1828
3.26378
1.79805
20.3965
6.35178
15.2235
12.4036
2.84959
48.7366
37.9508
16.3666
19.0901
25.9569
14.2152
54.247
7.32666
44.4105
50.9056
5.9809
16.2411
14.8128
37.1155
37.9241
15.007
54.4263
25.1044
15.1515
39.9016
40.1242
14.9561
16.4105
16.2373
57.3663
5.81625
20.5807
33.3923
13.3631
57.9193
0.314551
16.9319
17.3206
30.9311
61.4176
1.55479
3.5377
1.41492
1.42251
14.314
22.2394
55.7667
47.1461
9.09823
55.6899
9.10058
52.863
13.101
20.7931
5.52607
7.89212
21.2311
15.0455
57.9028
9.58709
55.7356
36.8452
28.6747
0.0617628
43.3013
0.75206
63.6545
14.9099
0.673255
41.8474
31.4767
0.463167
37.1707
62.8174
22.5773
10.1606
44.9035
58.4493
53.1071
2.29592
2.03164
4.5043
32.7915
24.1545
12.8912
0.865157
13.1591
26.0298
22.8184
35.9662
51.1382
17.0638
52.0965
33.923
7.42985
43.0065
14.9994
4.3967
43.1586
42.7631
9.47401
3.83122
17.1583
51.3569
51.9594
41.4275
1.18483
18.1761
60.9477
21.3802
36.1083
38.1145
58.3491
50.9981
3.68886
20.6996
14.2436
1.31356
21.7737
15.0311
13.7791
16.1404
31.4205
12.9692
7.89841
11.7232
3.06782
40.9954
52.5781
0.961963
1.19591
4.84578
35.6765
23.2672
10.1109
14.1073
1.98676
17.2094
60.9778
43.5116
50.1699
32.266
13.1604
8.12363
17.2543
12.7471
12.1067
52.2292
1.61151
5.19312
10.0571
7.1016
21.8686
25.9213
17.0986
8.60455
20.1734
9.34152
62.9408
6.7565
1.13504
2.00335
2.57599
17.0208
32.1581
7.7741
36.0376
13.8408
1.84722
16.3292
11.7618
57.1093
14.1341
11.836
4.52965
11.4372
18.9102
41.8683
17.356
2.18002
25.4237
16.1888
10.1731
5.14211
8.07302
62.4672
46.3859
29.8105
0.808456
30.437
25.388
10.1602
20.8086
13.7195
3.15772
15.9191
52.9029
51.1856
14.9289
51.0108
53.2258
22.5404
11.2208
19.1244
1.19826
32.3102
39.9081
7.09413
18.1384
22.4286
18.8083
14.7538
2.21527
48.3854
53.0305
44.3306
55.3606
18.2226
14.4655
13.1785
14.0193
13.7423
11.8903
33.5561
18.2883
4.05573
6.2565
0.0142299
0.456349
57.162
12.9872
5.05169
8.17135
57.7616
2.65418
21.6901
5.72089
60.234
9.03691
59.4246
5.59077
46.7357
4.10388
15.9832
10.8604
42.4144
16.4998
18.3302
7.92125
2.51726
14.236
60.4759
7.94218
19.4219
5.35662
1.68534
2.50911
8.03004
50.0391
1.89424
14.5966
14.3442
2.69133
9.02503
63.7178
5.41305
42.0366
50.7876
53.3728
15.4696
4.82164
50.7324
8.9834
15.1383
13.6281
31.0594
32.2816
36.6761
10.501
32.0456
12.7449
33.1772
3.38156
5.077
0.307907
48.7153
42.7721
14.2443
39.0147
13.1803
31.3895
4.9137
7.50194
27.0136
2.87339
13.4142
47.8531
5.23442
41.485
27.6458
15.7876
3.4309
10.6773
32.8789
24.8623
13.1872
10.5873
56.2734
9.10106
2.34982
17.7215
13.0234
5.31474
15.4773
4.34568
4.88196
17.8276
3.88702
14.8836
0.0306178
63.165
8.31128
3.84336
11.596
52.1485
2.1293
29.8855
9.97868
16.0935
39.8769
14.5222
40.7277
3.46595
14.6038
2.47035
31.3645
10.0009
11.7186
45.4236
5.70057
31.7957
2.39302
0.0529136
15.5622
51.8768
9.66486
5.62655
42.3854
9.498
3.51049
15.2483
36.9862
18.9581
6.36145
0.625692
12.3538
2.96816
25.7522
7.74096
13.6072
3.26491
13.9458
29.1069
15.8586
4.53772
17.0806
56.6895
1.98637
29.4769
20.7075
5.70852
13.1718
15.524
17.8132
41.0713
14.6156
11.636
62.2816
24.9097
25.8711
3.47638
1.68637
23.3236
10.0492
40.1974
8.87023
61.6927
18.2329
9.9926
52.9254
8.63367
14.4267
50.1043
62.1871
3.25087
5.91577
44.3909
11.1485
9.21292
18.7395
2.77771
7.60012
19.0291
6.09811
61.0186
25.5289
8.50412
6.81316
59.3146
12.9655
1.93546
8.39849
4.08711
16.6963
17.8318
61.7172
36.1006
59.9232
7.25775
47.1525
15.3433
28.2252
9.35522
61.1612
13.7197
30.0217
2.57898
5.11411
13.0145
17.7983
52.6447
47.8825
0.271594
5.72347
51.5721
3.85328
12.8932
12.5161
40.5298
25.6419
58.9923
21.8374
13.4317
15.6651
15.5844
27.0364
6.31323
1.8204
18.2799
15.9446
13.2081
61.3199
17.7402
7.2442
22.9961
27.4076
7.28359
63.0027
43.6992
8.93558
0.969109
52.6811
14.0214
23.1593
16.425
23.5179
6.56626
7.3379
7.25387
52.2364
49.3834
4.6516
0.593566
1.60938
16.7128
12.4078
15.3439
7.63551
4.56074
16.4924
9.20059
24.4841
41.8817
22.6267
41.0386
10.2962
0.183639
2.13245
15.0154
46.2122
19.2863
4.60239
9.82349
2.73269
16.6799
57.8517
61.648
59.4368
3.4122
10.5242
57.3426
18.3201
1.34719
7.45682
47.4968
9.28553
8.50667
2.19929
5.06444
32.865
17.7009
32.3559
48.5338
23.1844
18.5594
17.6412
4.33694
22.672
17.871
32.5235
1.01637
12.7643
14.1055
55.6181
27.3159
20.2868
9.63554
14.0492
7.20675
37.2013
7.89761
16.4813
1.13869
11.6921
1.46018
48.716
5.78804
44.6788
1.95649
1.77484
17.3869
4.95238
43.6011
9.24895
11.8433
3.96827
10.6353
62.2072
34.6918
9.52883
35.2896
15.6346
11.431
24.2754
18.1849
16.3194
15.1311
39.8684
12.0436
53.5443
6.54525
1.75786
17.1655
43.3796
58.5402
1.50328
38.606
25.1486
14.7029
37.29
60.5813
4.08335
15.2759
11.3488
17.0739
29.0813
4.75646
1.49086
18.3081
14.1197
63.5736
14.0206
8.63003
7.88519
51.3156
24.6576
9.55592
48.3773
14.7996
7.88811
15.3071
5.55528
30.6273
52.0456
29.5212
1.86136
19.3069
19.8826
17.1302
24.3365
24.6423
3.76158
58.5298
7.00368
62.0858
40.1914
41.2457
28.2364
5.95617
2.74724
5.3449
7.166
50.9342
8.88581
0.466734
11.3394
41.2984
5.05449
12.1175
37.6652
61.2889
20.1659
0.0837673
12.474
18.4922
3.6689
32.2866
59.4322
12.7606
32.6949
40.7211
38.7029
42.5282
7.33674
6.36842
37.7518
10.5222
55.6269
57.8073
2.04867
56.3396
7.62875
4.53208
46.2764
5.04114
44.102
6.9987
1.27166
51.8321
40.7663
13.8348
60.794
8.1382
13.1402
56.2127
7.88566
17.3741
53.2833
14.375
37.9268
2.85731
12.5051
37.0446
59.0856
15.581
17.3337
30.0871
5.67736
14.1968
50.3643
19.6624
6.17391
11.2408
2.67123
17.1774
12.2593
15.6295
7.68238
63.0815
9.61829
3.09545
4.28795
10.5526
26.9299
4.64568
61.4303
19.9481
6.05008
1.75943
2.42438
15.6052
26.8062
41.8453
4.20518
1.42226
9.08427
10.6682
35.3468
1.7974
45.3132
17.7689
13.3401
54
6.23085
12.1848
2.20689
22.4192
43.2766
17.7412
39.4346
3.97528
17.3291
48.7832
17.6221
8.61862
57.1494
31.4565
63.8231
12.112
37.7054
3.34388
40.7809
12.2041
26.0565
2.45395
6.1172
15.0914
12.9696
46.7929
59.2262
14.052
26.5134
40.5881
15.6767
19.0148
18.6465
60.9502
7.58965
34.1393
62.7184
9.93677
8.46471
10.8102
15.0509
26.0611
46.3053
46.5598
42.0218
7.09832
7.36879
0.253118
6.71282
18.3965
27.6556
18.7294
32.2513
15.1826
8.84038
27.73
0.45742
20.7178
41.754
0.716566
11.3495
42.5351
21.7704
5.04013
11.5422
14.3522
15.2836
14.5069
19.0956
17.8286
61.3801
54.8967
52.8205
1.79223
1.84106
8.56443
0.564697
50.4742
63.6107
24.0226
28.6193
13.4973
34.9157
14.7216
41.508
58.3454
45.9882
6.45254
13.4227
34.5273
62.4072
14.1348
27.7063
15.7804
23.7839
56.1366
25.9196
22.6189
2.97129
5.93436
0.578693
6.90877
43.679
50.2067
13.0873
17.3004
18.0571
45.0056
18.0661
20.4699
60.1599
1.35856
17.7443
56.1457
6.9574
17.6388
55.7298
19.8021
18.8798
42.1316
18.656
11.5917
32.4387
35.8396
9.03825
16.422
49.7856
18.9232
4.2703
6.94871
1.13075
10.1065
9.28842
6.62222
33.3557
13.7731
10.2494
36.9021
7.99859
7.49169
43.4738
3.94548
63.2455
28.6023
5.39832
16.0919
29.5811
13.7439
12.6784
9.6795
5.06423
3.71872
1.05962
22.821
48.2813
57.5663
54.8306
48.7277
1.2496
35.6882
0.479618
63.0906
7.27104
8.26828
11.7951
16.5097
36.4747
8.37277
23.693
26.8246
14.0737
3.16206
38.1992
53.4008
3.7557
24.6635
13.08
14.6508
34.6036
27.5977
5.36654
10.1816
10.3056
12.6666
5.2704
32.0474
38.7068
13.2474
53.7437
61.687
2.64318
28.7524
17.8665
59.7065
38.2827
23.1821
17.0605
0.937737
51.8816
7.69018
35.1495
2.34133
7.80332
9.66494
53.6618
25.4501
60.854
19.9076
1.23867
11.503
5.153
41.5829
10.4017
10.8189
16.9783
14.582
43.8685
53.5086
12.432
26.6269
4.14237
2.9152
12.8808
3.51595
31.2691
18.5219
6.29014
4.03899
46.4309
4.92568
16.305
5.56301
0.229609
15.8435
15.4589
3.39333
35.2028
10.1004
16.9214
10.3583
1.90255
31.7781
11.9122
42.3032
16.721
30.1052
29.4491
8.17132
10.3376
5.79102
7.38239
12.0875
4.96001
1.51369
31.769
54.1679
1.99258
25.4353
6.9019
27.1588
19.8887
5.70275
62.6297
11.2672
63.1203
21.38
25.5719
6.25965
18.1337
44.7068
17.3744
6.38892
4.70951
59.3084
45.7204
2.72201
55.3784
8.84435
1.01326
15.355
17.3076
56.5382
37.1353
30.5074
5.79357
23.4577
59.0693
39.802
2.49059
14.6003
54.6449
16.0814
0.852648
3.66993
5.25002
49.4081
18.3973
9.92345
56.6161
14.8569
3.7139
45.0049
9.77878
52.917
9.34804
41.9598
18.5751
0.0114508
0.583836
62.3095
54.0539
3.01831
27.888
13.1974
29.7101
54.2923
13.2085
59.8983
11.2929
17.4045
4.20203
1.89145
13.6425
57.6342
55.2846
32.4214
59.0462
38.2835
12.2975
6.31938
61.757
15.2123
14.6659
13.7349
4.73338
24.6099
3.05644
14.9138
17.8633
10.6154
20.6104
6.88697
33.1699
13.5035
17.0937
4.35925
16.5764
29.4462
0.0167994
10.8679
16.4566
4.10272
48.0182
7.38571
41.7218
9.42288
24.2332
10.9197
2.3103
30.3848
55.2469
47.028
2.19974
10.5686
11.9425
18.1828
32.5697
3.02757
18.703
63.0652
17.4726
38.0264
11.4973
3.85637
5.04713
3.42886
62.0127
14.5874
4.99619
49.3957
53.9415
29.478
28.9243
12.3176
0.750623
10.1514
11.2815
6.474
49.5291
41.0952
17.4537
6.77801
55.4115
3.03678
20.6518
0.513174
5.61037
13.7145
22.8852
32.9457
50.4791
5.39912
54.5462
16.5781
1.96581
12.3261
17.076
2.66183
12.9579
3.91097
12.4618
16.0307
13.4146
54.3689
26.4385
52.7987
10.9849
7.46036
26.4604
52.1337
3.62438
32.5601
7.74059
17.0524
13.3442
24.8567
59.7987
12.1326
16.0037
17.9006
31.0683
23.4181
13.5016
35.8332
13.5854
13.7172
23.7439
6.28207
33.07
20.9576
49.9569
63.4413
33.2685
5.23927
0.015321
20.5887
0.0607189
33.2136
63.2641
14.4401
0.14125
41.5213
11.7848
8.48184
12.1741
9.65749
12.5667
7.65341
14.767
17.3695
5.44176
3.93139
19.1058
37.2591
8.14507
50.3241
59.9784
23.4778
0.778254
21.0425
14.3772
55.0013
5.39973
1.51724
18.9658
7.23224
34.1155
52.3333
53.8236
10.0784
3.07186
16.7946
19.8467
26.1104
13.1818
0.345326
7.20916
58.5875
10.3328
2.73945
41.9267
33.931
42.2695
43.0603
16.4527
3.67956
4.14579
35.9077
0.259878
3.62349
1.65772
62.2091
13.2748
16.419
15.2396
7.7429
61.8178
1.00556
33.4701
25.65
3.00682
11.8533
48.1605
8.62939
19.9596
0.0544978
1.89647
5.89006
20.9155
12.7577
61.2471
7.51382
56.3813
3.83707
54.2379
59.7605
7.43302
15.1154
7.19425
36.5093
5.75606
9.88087
42.9083
12.9079
10.0479
15.0304
11.9519
10.8413
17.0748
62.3977
6.14869
17.7385
23.0089
7.58707
18.7432
4.89273
1.04184
39.7444
37.2185
6.20237
19.791
7.20556
0.697934
11.0778
23.3652
60.8529
13.5482
58.5493
53.9902
19.701
45.6719
17.999
31.7725
0.917395
2.03445
27.4072
60.1803
6.68242
3.75806
9.69389
1.10728
0.764071
43.536
17.7086
3.36129
4.14205
40.0278
44.7779
14.5231
59.4825
7.36802
13.0412
1.07699
63.9711
18.0138
8.58551
16.4904
41.2398
0.574711
54.8626
3.12533
38.0625
8.21655
0.0959456
42.1085
5.08682
28.8179
17.4421
58.0725
61.7567
13.1907
3.09104
60.6052
17.9771
56.0339
62.3736
8.60951
11.6775
31.4931
15.7724
36.4798
1.65298
44.5879
5.57052
22.402
16.5766
37.2722
13.816
15.282
2.55943
21.7861
16.8061
5.44935
9.37858
27.3558
14.4368
13.3065
5.94377
35.9475
8.52503
52.8896
52.28
63.4783
17.308
4.91399
4.15186
1.71124
60.1051
5.91967
7.03809
19.0382
16.1045
63.7451
17.5874
16.4895
45.7258
58.8546
36.993
17.7608
36.659
17.7234
7.44331
44.8107
26.3445
3.80841
0.316982
56.3692
12.5638
41.3301
3.37953
1.56726
32.0558
13.9702
11.4102
1.92009
1.59683
40.7518
46.8741
30.2558
28.9252
5.92522
18.1426
36.6429
12.7568
17.293
45.9018
5.1008
2.67304
56.9217
2.49944
30.6349
30.6148
11.4217
14.883
17.3989
14.951
13.6893
0.293884
30.3395
2.38225
17.0939
52.3985
60.7984
8.98186
6.68433
31.9059
11.5316
17.5234
2.65699
12.6757
1.61193
35.4032
8.7878
29.4861
61.7828
33.6962
13.7455
1.26183
18.5779
16.8502
15.1792
35.0265
19.4579
17.5398
13.0819
14.2626
0.849385
17.2207
34.7536
2.54498
8.1718
25.8639
54.4363
1.30559
43.147
10.5757
3.03212
0.687881
3.82129
2.8623
11.7727
17.7414
32.0035
25.2152
36.7894
24.3126
17.5332
0.785736
10.1115
4.09002
3.28591
7.93436
11.0684
61.1467
6.7229
14.6232
32.7041
6.01425
30.463
12.4579
62.9334
7.44778
30.4424
5.02819
2.27449
32.9907
9.13927
8.24002
37.2794
3.82399
37.1812
32.4823
25.3462
4.29668
5.43316
2.01579
54.7566
1.41226
2.39249
60.0748
24.6869
46.4473
3.08811
31.2666
0.493271
18.1779
10.0319
4.13554
15.0774
4.08232
4.14105
38.2953
20.301
17.8949
51.1835
11.3744
5.42031
51.5137
4.241
4.63859
11.0776
1.23362
40.7724
53.8932
18.7967
55.5952
18.3844
51.9318
4.3578
2.17314
15.7908
14.1616
55.934
37.5167
25.4624
17.9564
8.31274
4.6993
15.1899
9.71702
10.3103
22.5777
5.65142
10.9489
12.2313
19.26
18.6959
17.8775
9.49349
37.3207
2.59629
47.5828
8.40108
18.5451
15.446
5.02373
4.5446
0.54337
53.9511
7.31005
7.17913
0.6313
12.0612
9.68611
41.0587
8.8371
37.1783
5.93855
34.4976
16.1939
10.9849
2.57677
55.0072
18.7442
18.2435
41.9748
63.9529
11.8832
12.9715
11.2144
61.8336
10.9139
45.1713
4.66381
50.4479
18.9508
53.2736
16.1429
56.737
5.69107
11.0398
63.369
18.318
9.45281
3.70307
10.6258
41.4869
35.7516
15.6023
16.6584
51.3266
13.6484
32.807
16.7745
17.2503
12.7324
2.4939
4.07101
36.2031
10.4206
32.8264
15.451
14.9296
0.570663
41.883
2.86733
32.2437
37.9826
8.6563
36.7735
19.1043
11.7127
32.815
63.8591
10.4313
27.181
44.7693
9.96773
33.0269
9.66701
23.8737
16.8547
13.5553
17.4329
13.9777
17.7256
51.1402
39.0376
19.8877
4.84393
27.8433
11.1199
11.2966
6.61931
1.79037
30.9374
49.1218
18.2755
6.77088
16.7383
14.6182
8.3508
2.82966
18.1268
36.5594
30.2884
54.7209
10.1145
7.52693
17.8648
7.58103
16.0279
45.0922
9.60214
30.1259
8.99021
30.8641
47.5551
0.462718
42.7531
62.69
9.68551
7.26826
49.114
11.6603
63.7114
26.4232
46.6158
0.138313
6.04335
48.124
27.1726
8.87618
52.2999
16.59
38.6776
11.2099
56.339
12.941
58.8124
51.1065
12.9914
45.966
2.35036
15.4118
43.1174
5.17406
17.3676
1.52018
48.3552
17.7091
1.4008
15.7747
6.08638
2.02504
11.0841
7.88424
5.22435
47.5324
8.54142
13.6249
10.6615
19.3674
12.2815
16.4031
15.8788
34.8466
2.85578
13.1022
18.9529
7.18622
12.6563
10.0503
7.29873
2.40601
14.784
8.02168
5.09077
25.9526
17.4002
15.1761
58.0883
6.31449
43.8341
9.12795
45.628
10.6672
0.719811
13.378
4.20383
25.6275
17.8175
16.5529
47.0858
13.3485
17.8228
1.18695
4.76453
14.9492
1.6716
13.7458
15.3729
11.4847
6.37763
56.8969
43.7748
26.2719
12.0326
54.5741
3.45154
39.4122
3.94535
24.2647
14.8092
48.091
4.2784
25.9334
45.4337
16.6874
1.70933
5.61015
54.4453
1.30282
43.2376
61.0185
49.5846
34.0733
43.0637
31.6364
40.8191
18.4951
52.9883
9.12383
1.0262
18.3378
2.12254
10.7913
13.0821
38.0276
51.4088
24.6883
7.56638
5.6975
10.7281
5.37185
7.11648
62.9783
13.2618
38.0438
14.2905
1.91695
27.5022
63.2674
11.7748
62.9369
10.5721
4.38771
8.52562
28.911
4.56886
13.4313
56.5599
59.6583
14.8069
18.7129
26.9053
4.96471
14.5357
25.334
31.1804
34.2634
3.20122
41.9355
13.2061
15.0563
43.0066
13.1951
3.61795
35.3134
1.6379
18.6194
5.17411
7.80837
57.3253
9.98786
50.3172
9.84109
58.0045
8.19324
0.420386
38.9093
25.2952
60.3939
49.8061
24.3897
6.87998
45.9379
57.0076
35.0945
47.0249
16.7182
11.2542
2.56452
42.1183
36.6824
29.5404
29.1349
8.454
7.9459
59.5123
10.5477
21.2141
19.9263
4.93531
26.9165
1.22924
49.0473
35.9273
45.5307
6.85234
1.23821
28.1395
20.338
24.3241
4.80784
18.7178
5.31494
62.0939
12.3394
20.1886
43.6159
10.5552
49.9993
7.70041
1.43438
9.30905
59.9431
36.2306
15.9891
10.4597
56.6403
5.57908
15.0295
9.04801
15.0369
10.9609
2.40629
62.4051
10.1058
56.0118
61.9024
1.2509
7.24323
13.9732
31.8435
8.08992
18.3405
13.6615
36.8703
9.02015
48.0064
20.0236
8.5651
10.8558
1.69838
12.5389
17.1763
17.2342
7.42251
12.6227
49.5294
15.0193
60.4758
1.61871
54.0378
16.1052
18.5169
48.9837
45.4695
0.953298
41.9246
36.4796
0.248446
32.9249
57.2472
8.90716
7.25882
16.6151
28.9019
34.7629
8.17389
63.5281
35.5613
14.7902
33.223
15.8492
16.3869
3.40081
39.1529
7.15479
13.9769
44.3601
11.1869
17.7568
7.79701
15.5627
14.1453
53.8266
29.4567
12.4264
25.1362
15.5969
59.7123
2.9497
15.3063
18.7357
14.7563
35.3783
18.4479
63.4363
44.0426
2.6054
0.840884
1.37571
3.3952
16.6596
3.17293
8.22723
14.1505
46.8801
1.16999
19.1373
15.7093
53.6745
44.0233
1.57495
0.158107
60.467
36.6882
10.3198
15.3679
9.83182
35.4566
62.9063
23.0096
22.9135
24.6655
4.63545
16.477
7.37886
10.4588
14.2775
7.15346
15.1533
10.0815
63.8424
12.0281
61.5396
35.0135
9.08853
8.67568
6.09074
7.94365
10.2385
34.4158
10.311
19.7777
43.6393
16.8408
35.7565
56.7068
2.41319
11.205
17.5625
12.9293
5.04588
54.1586
45.6126
19.0391
14.5781
3.70729
21.758
55.4494
43.5302
43.3057
48.0425
54.8884
36.8474
51.4052
20.4951
15.1665
14.6802
19.1556
45.712
4.96132
15.3167
12.6741
12.747
62.1501
12.0196
17.1578
14.1548
25.1088
7.13612
8.64791
42.2338
6.19154
16.2295
19.1191
50.2188
13.3257
12.8068
47.2808
9.53497
26.0672
14.6706
2.24796
11.6453
14.7159
11.7721
31.3832
63.4877
37.5327
6.9744
40.986
34.6958
11.7212
57.0642
13.0798
16.1652
4.40728
9.40708
12.475
13.2471
50.7569
4.59121
8.19225
10.9351
3.94798
10.3805
4.47411
0.0575473
24.3626
1.99466
12.5646
0.0491946
57.1073
31.7946
11.7962
1.85181
27.3169
40.666
60.5454
11.7854
1.13885
60.4621
0.980654
17.7956
33.8513
18.3505
7.30015
6.88969
24.7708
10.0062
4.17893
5.66714
37.1459
46.5002
16.0268
42.1027
52.6774
29.7112
15.2053
16.2695
25.7129
50.3234
46.7351
27.6043
3.2969
2.34977
50.3977
9.11347
31.5856
6.44198
2.21483
63.0787
11.467
7.14616
6.97187
10.3074
51.8671
17.5857
2.16411
55.3243
17.5803
3.39901
25.5245
7.00708
3.53344
52.9444
47.7217
16.0612
34.2327
55.5723
29.5962
7.9212
15.8063
33.3427
54.0656
37.7171
21.4313
13.3564
26.6974
11.0232
55.0821
6.19515
0.815212
5.43162
1.04503
46.104
18.4196
62.9807
24.4412
10.6079
58.8906
14.2216
3.46038
4.78558
4.56088
14.3916
27.3509
23.8496
43.7065
12.7915
0.803144
53.9607
42.1885
13.8161
21.0843
25.7026
15.2255
6.05209
32.971
18.8966
3.24046
11.7148
51.1221
5.03683
17.5752
13.8155
11.4358
46.6635
61.092
46.4479
17.2061
18.0857
16.1422
46.849
39.2945
9.77862
4.39704
42.5123
28.446
9.75942
16.7515
48.1522
18.1935
33.8657
16.0309
2.17452
12.2884
0.29805
27.4502
15.3623
34.3158
48.8926
17.6998
17.7394
59.4084
40.5098
11.6167
33.4182
14.5943
6.0525
24.9313
0.755288
39.9717
12.8354
29.2816
8.13251
12.216
17.0446
9.14326
1.73634
48.1894
48.1501
55.529
6.87506
33.9455
8.85731
20.0334
0.642763
51.2902
49.4708
7.36027
53.176
50.8475
33.1666
5.77242
63.9792
15.143
3.54405
16.4957
16.2178
54.9002
48.2369
7.26044
53.8847
13.4807
32.7981
49.4275
0.881759
20.9045
60.6481
4.46277
52.8024
38.157
3.03906
8.40793
5.24277
6.30087
18.5008
13.5624
3.45357
48.9839
2.69675
12.0061
10.0142
2.26578
39.8998
25.8152
26.5983
11.7375
55.1629
23.7253
5.24314
41.237
29.5478
8.33705
23.1778
21.3098
55.3351
57.5855
17.6488
17.0461
0.336173
23.8696
16.0305
13.2282
32.9789
1.6767
16.8432
15.873
18.87
18.1906
13.644
8.95643
30.2617
4.74873
9.09038
1.10958
46.4475
13.5695
50.5994
2.56391
62.1592
52.714
29.6494
8.236
14.0167
16.0597
55.6432
1.18395
4.61925
36.5214
13.1517
34.0239
10.0138
3.93553
8.11572
42.321
10.5863
60.6363
18.9694
13.0178
5.11132
9.69139
16.467
63.9595
0.245802
50.4658
25.4737
1.00606
38.4899
7.56237
7.95653
30.5218
10.7892
6.8533
49.1912
6.23953
1.27383
10.7207
0.527357
49.8907
5.51944
7.02278
59.6153
0.9112
1.16159
3.84376
0.441296
0.952051
17.6629
40.9415
2.07755
11.9848
8.02974
4.1302
53.3689
16.7752
34.3501
26.5973
0.323157
36.0045
47.3464
10.6853
40.2267
5.18296
6.72741
5.04551
40.2025
24.2314
5.12009
38.2968
10.6646
10.2259
2.39867
27.2245
43.8983
9.62897
5.75073
60.1561
0.0638416
25.8519
11.4452
5.01739
9.67823
5.23162
50.2796
39.3981
18.4342
2.48832
3.28511
32.9545
6.03885
39.4962
0.832138
11.2703
31.6515
0.473257
31.7135
35.6568
18.882
18.8337
41.3163
17.7493
31.9534
60.9415
46.1971
4.07737
23.27
57.7234
3.31649
61.9342
12.3386
16.6265
0.456399
9.42932
30.38
20.2431
21.0435
14.2229
0.851723
52.3224
50.5725
6.23684
28.9948
7.15817
15.0179
3.85014
10.1027
11.1745
14.7464
61.6819
10.9862
3.71871
60.4342
4.32202
26.7727
8.62824
21.283
28.3443
17.1522
3.00768
13.2234
15.2258
3.40161
15.066
12.4982
4.50476
59.3889
5.09982
2.71085
5.83753
0.685008
25.9739
8.48575
8.43792
17.9685
16.5551
9.2944
14.4939
50.8745
11.5353
27.0975
12.3741
30.3934
10.9223
10.1297
20.8803
27.0476
16.9406
30.3725
18.7595
18.1821
57.6418
0.201662
42.8366
35.3336
10.0929
24.8759
40.6509
21.8604
12.4118
7.75061
6.77453
2.40146
43.2071
45.8808
4.15873
2.78547
20.4968
12.765
54.2074
7.57279
42.8862
8.03524
0.197801
6.48145
6.95014
15.3092
56.7024
14.9737
25.5167
6.31535
31.974
22.5303
35.464
11.5995
18.2169
53.7185
55.6706
4.29055
6.24399
5.0198
18.1497
56.4912
14.532
40.6876
25.7764
41.3842
12.2919
0.618044
4.92346
35.3569
2.46186
11.6406
7.17642
7.25769
14.7434
15.4457
11.689
5.59561
47.7506
1.97619
15.5375
36.3416
9.88995
50.0482
3.584
9.66026
12.641
40.8782
25.4582
3.09993
34.6562
35.4875
14.886
4.04187
7.12836
3.33123
46.9412
15.5557
50.402
18.6765
3.87852
1.31733
12.3787
11.8747
28.2301
4.7026
12.1626
31.8643
35.3636
59.6436
12.6949
0.0847516
17.5826
14.8478
4.51572
12.7077
9.71435
6.4086
7.1927
17.2595
25.7595
57.3407
6.74593
33.9294
9.74779
60.3101
19.1473
3.2818
19.9525
26.9736
5.94156
15.7006
7.76016
36.8287
7.02188
55.2028
60.6204
36.5162
59.823
21.3569
7.74802
1.0626
46.8641
0.920271
34.3662
50.6044
62.2014
16.8261
1.00394
23.0708
41.8501
12.753
5.09754
1.77133
16.5683
46.2312
13.0659
32.7906
5.41696
13.1526
35.8614
9.64943
13.7694
3.01546
33.6772
2.62642
3.26146
10.0497
10.6966
51.9154
9.69072
56.0194
36.922
62.4384
60.3181
55.7967
14.4666
18.3259
49.0762
7.97258
8.32232
63.8965
5.88967
10.4211
21.6769
8.51051
11.0194
28.4973
14.5286
17.9136
2.76067
31.8168
7.17502
11.9024
0.585685
10.2215
4.2945
3.38424
7.11047
7.52749
14.9092
14.5005
18.329
57.8205
56.7926
18.5797
59.4148
3.94508
11.9795
17.9537
11.9038
2.93269
13.558
34.5766
11.089
16.3689
11.9384
3.27668
49.7962
44.0416
2.33431
15.5788
6.39606
11.1754
9.00166
41.9576
27.9762
35.3608
4.18208
38.198
0.832784
5.23186
34.0629
20.14
31.3579
4.77783
11.6421
6.65553
17.6838
11.3279
8.78148
9.18354
43.3741
25.7699
7.90147
10.644
17.3089
14.9088
31.1693
62.5353
5.96952
12.192
6.81207
11.9543
54.5259
12.7657
12.3046
7.66907
4.27085
31.608
30.2389
11.029
1.34468
9.26673
44.3318
10.0917
47.0645
39.0683
10.7994
16.7662
43.7432
13.3465
30.9958
47.7582
49.751
2.26562
42.7513
17.173
2.21214
11.9203
10.0996
15.8245
49.3711
1.68468
23.667
15.2409
8.78736
11.8769
7.46713
22.4722
10.3887
30.8436
37.5924
24.5683
13.6452
9.50238
0.90452
5.30078
40.7434
44.1337
56.3059
12.7345
61.4616
5.48366
11.3565
12.1705
53.583
14.6691
2.16403
54.309
12.1064
16.0187
46.1239
20.6122
39.5538
12.8896
32.4163
12.4764
50.9891
60.2955
57.5785
41.9093
26.6857
20.6758
17.094
11.7677
13.2167
55.6788
48.4162
57.6222
61.2292
10.3414
52.9236
17.4143
52.4611
38.6283
24.7204
8.45019
43.9352
2.49064
18.4247
40.9018
58.1937
12.6921
5.21265
11.2422
39.8284
2.7526
4.7646
7.06634
52.7828
3.25888
8.41471
22.5648
5.11411
4.60987
10.9983
11.7526
10.4669
11.5912
8.32828
1.24529
1.20661
22.5456
49.4253
46.003
4.37185
48.732
0.294574
18.1313
10.2679
5.20934
8.66199
13.5501
44.6406
4.94935
58.2656
3.56479
3.41945
20.0006
9.49105
9.42354
16.3997
28.1022
0.146367
4.27436
5.85477
3.12257
47.7385
6.87309
16.7987
0.315731
17.2241
0.181065
0.113459
8.00105
46.5532
23.1648
17.2578
48.7043
8.72741
10.0442
3.78924
42.8239
46.6768
18.9816
8.21217
16.6588
3.00497
52.5954
53.9793
14.1289
9.49261
3.41348
0.601943
14.7899
13.8804
60.6922
51.944
60.732
7.30203
3.93147
9.7764
63.8387
15.8456
18.9978
60.1944
19.0625
15.4634
7.65595
35.0078
0.434488
16.8089
18.1867
30.3362
2.93746
6.88803
7.02347
18.8958
36.544
41.5204
31.6781
7.29887
44.8978
8.95971
19.9565
47.0851
18.1593
26.3302
48.933
9.75821
36.6445
44.7581
12.6263
3.76185
43.5078
5.682
26.3807
9.11595
4.43872
45.127
3.50714
15.3334
21.6458
8.30722
10.2017
7.82518
57.7015
54.6996
31.6854
9.73314
22.4936
36.6223
5.72116
25.7873
37.4328
18.4598
1.45258
11.3007
12.7833
1.08599
16.3658
15.6507
28.3889
27.515
4.20526
0.540253
4.52144
30.8327
29.6288
51.7481
18.9175
4.58264
42.85
0.48171
8.91638
18.7046
5.68555
54.5629
35.7032
35.5795
7.74477
12.2144
53.1332
49.7025
55.4676
19.2657
21.4899
17.4278
31.5057
12.1184
35.2547
23.5296
18.334
59.774
37.1305
62.7724
42.4605
6.63646
17.9241
42.0811
8.73346
16.3963
10.7012
26.2373
5.18308
35.3735
38.8787
24.6387
49.2886
38.1937
14.6768
17.2644
14.8949
0.513193
2.8827
12.2117
0.581787
25.1297
0.891216
47.6179
14.6487
5.52094
51.1645
13.9237
4.37593
34.9648
51.6008
18.5527
8.92904
11.8571
12.6455
1.50911
37.0528
47.0414
11.3707
13.5283
13.5988
15.2455
16.6859
47.1981
12.4365
61.197
9.25636
1.36497
38.0121
45.5092
1.26403
9.66613
18.7643
10.5556
1.41044
52.5264
18.9075
29.2106
29.0996
0.456845
56.4037
18.2591
26.6422
26.6194
14.585
0.26658
58.6396
5.54913
35.4218
15.5587
17.1566
49.8445
61.4844
24.0029
32.6548
9.74809
16.7173
6.00994
17.8917
12.7093
4.08793
37.3534
46.3986
15.1284
19.5717
9.02488
56.7712
9.00603
12.0701
14.9678
3.86214
14.805
27.1499
18.0085
34.381
10.8484
12.6856
47.8784
10.7764
12.2223
12.2625
30.6149
25.2796
49.4788
17.8098
9.41836
12.3147
0.877188
34.7267
12.7582
37.1532
1.17033
12.3083
7.42055
16.7666
3.5016
7.27489
1.04365
43.8132
8.85245
48.6986
8.41267
5.08697
3.85447
1.74053
34.6543
61.8693
49.1353
43.7506
10.6
0.20688
0.506593
14.4439
31.5737
4.71116
50.5915
16.3798
18.2711
51.9051
3.65035
63.2629
25.7903
18.2725
60.9268
2.85846
15.0187
58.5878
17.1323
9.46603
12.3721
5.92612
39.8549
5.76482
18.3681
3.27773
5.39621
11.6875
59.7532
23.7874
1.35724
8.85787
58.0962
41.7434
31.3389
47.1489
3.76252
63.9531
17.4296
37.0047
35.557
1.63675
47.2343
30.9954
24.7405
52.9748
17.9091
15.2777
0.484262
38.2941
16.3745
0.218552
53.8349
63.7609
57.0499
4.76213
16.7447
3.03429
56.5105
5.33863
59.903
60.2535
16.2949
56.2226
17.704
8.4464
16.7069
16.0707
57.0398
7.93298
2.38597
45.8005
9.11038
33.4242
9.79752
8.78557
12.2402
17.6341
11.516
37.8566
52.1288
5.79926
10.4914
21.099
16.6143
3.17041
3.39189
12.0039
9.04888
17.6927
6.93807
7.68088
5.24719
60.7958
1.7181
45.5408
14.7234
2.32602
0.584593
16.1358
4.53526
0.720429
1.34702
13.5237
57.8679
43.654
35.9425
12.6168
0.643926
18.0184
9.94326
63.0695
50.4095
29.3536
10.2666
56.8966
17.5729
17.2654
33.3673
6.68201
47.2468
57.6322
41.5856
47.7242
28.5042
3.48769
21.6611
61.6598
57.2127
6.45542
17.9219
3.54352
9.59307
10.8092
17.9137
0.0758793
0.926237
2.30628
50.3207
17.44
3.35024
5.27845
15.0476
37.9965
11.9923
13.7656
45.5501
5.28095
17.0147
0.806837
52.2581
9.58642
61.9191
11.5662
57.1649
48.3339
7.05631
39.001
12.2186
25.3558
24.7533
61.1091
6.62255
33.7197
5.44712
10.7327
12.7187
32.8532
10.2763
18.2103
58.1265
56.1082
38.2204
5.16593
8.70762
12.3769
7.56742
37.7143
12.6498
2.51099
0.0570337
26.2203
4.40565
53.8793
39.5123
6.84478
14.7311
17.3887
4.31209
14.1974
13.0163
3.65792
8.20426
30.7425
22.4593
13.7963
35.5335
27.9908
61.0106
33.1535
50.5448
4.63828
34.9556
10.574
0.850546
12.9748
3.21687
51.8946
54.8498
51.299
45.4924
6.09414
58.5064
1.80277
13.6204
21.6497
5.90576
1.81746
11.7359
8.72414
9.06847
39.3838
31.2301
15.1939
36.5839
16.5202
17.4639
57.0064
53.644
11.4306
45.0835
0.675575
1.37581
10.6616
19.3049
18.4831
14.2866
4.33747
13.8628
1.24669
21.1299
51.5158
4.49839
11.2462
9.90575
11.2702
5.66105
10.5376
52.7453
14.6132
63.4094
5.83752
48.6517
22.081
56.0098
5.58989
2.73297
44.7091
7.6998
20.8482
61.5624
42.3376
12.6284
13.0122
5.74805
51.3561
26.1674
3.91883
7.72561
9.1945
52.8345
18.9158
4.42605
56.972
29.925
8.74618
47.108
7.56744
54.8795
0.964546
37.6059
10.5159
48.4313
7.14452
17.9263
4.73812
46.4393
12.0843
10.3526
10.4614
19.1432
1.60881
12.1246
5.53938
26.2717
30.1688
12.7382
40.5045
0.746647
2.64666
3.10983
46.7661
44.9783
7.0032
11.9927
18.4631
36.4708
40.8063
5.84892
19.0392
22.1506
35.8733
25.5049
45.8357
56.5746
2.69395
14.5694
22.2964
41.4751
8.93533
16.7382
9.27508
54.2557
5.53014
15.4992
31.5094
25.1838
0.429536
55.0951
5.30295
20.983
18.1954
30.513
2.30085
19.2048
12.7573
2.87984
5.89153
1.29556
52.8958
17.516
44.7089
29.7328
13.6047
51.6674
62.7074
8.75386
2.60234
12.8682
13.277
43.0399
43.9702
60.2299
37.5947
5.96254
0.745564
25.9851
8.92142
14.7458
19.1606
2.8501
49.2553
54.8909
18.9375
13.0929
6.38277
59.4584
1.07789
8.5542
19.2144
39.1497
12.4753
14.7937
61.1395
45.1536
11.0375
16.0661
11.4633
4.32997
1.86879
60.1668
4.16945
2.04212
2.50401
4.91644
5.81538
49.3424
4.81028
19.3076
10.9321
15.8607
7.19719
13.3074
17.3217
10.6838
9.63967
16.5588
6.95787
10.4833
18.3226
15.0324
63.1857
5.35386
22.0427
9.9023
60.3958
0.323623
50.0083
15.7494
16.7683
10.0432
29.2053
5.81502
25.6571
0.33397
54.8808
33.0945
7.9499
62.4092
10.4581
1.46102
7.90884
11.2743
30.1997
42.999
6.06359
17.5709
7.06242
11.452
29.5092
4.67409
8.20882
54.9168
28.8367
26.7016
61.0041
1.16926
49.9401
9.89353
45.4859
22.1375
37.5996
6.07569
46.6822
0.18883
21.8793
38.333
55.3691
1.62794
11.2629
50.8776
53.4532
4.62756
15.5479
8.96085
63.724
23.2039
56.6768
15.1819
5.69469
45.4936
6.45317
14.8984
8.00802
11.813
18.1629
40.2421
14.1271
18.0946
25.4181
14.5149
8.03662
0.450405
6.07066
30.5861
18.9508
18.5731
50.8443
18.7934
23.9138
60.1905
15.1557
2.55932
46.4498
8.0994
62.8625
9.3925
62.777
6.9609
23.2928
2.07399
11.5334
17.2075
3.07539
18.1512
46.0685
2.78853
41.818
52.5099
2.16334
10.086
15.503
1.27672
1.27903
17.0826
2.9438
0.480472
16.8598
0.30056
11.0986
12.0572
9.88645
11.7849
31.151
2.86643
10.0039
3.99004
8.78537
48.4401
29.7233
16.3804
46.8292
7.61686
52.6303
6.65602
16.3233
58.8691
12.5526
41.1352
44.6826
3.46995
26.1992
4.3095
18.2481
5.50665
24.3268
4.05468
21.2951
18.4349
6.00809
5.4547
28.8672
7.54117
41.2577
18.5953
61.2532
14.0059
16.387
58.0492
2.68849
47.1801
14.8851
44.8215
46.4385
7.7193
28.6227
37.9888
10.6581
21.1061
28.7385
16.1821
8.6965
63.3836
9.77066
20.5839
36.1858
31.1803
14.0042
59.9845
6.33553
19.1686
4.12852
3.98649
11.1577
35.2543
49.1426
14.5752
61.2891
61.712
8.65564
11.1358
51.9825
1.19357
7.41868
8.53906
36.6178
58.486
34.3323
62.9662
2.96548
5.6879
5.86769
28.8466
28.5987
49.2799
52.0844
10.4613
13.4339
5.03221
12.3514
8.11688
23.6396
12.9554
43.656
34.4861
59.3596
9.61379
25.3072
14.7183
15.4881
7.85632
26.7934
3.86814
10.2507
7.43666
1.535
39.2131
3.9891
34.5607
51.7207
19.7508
18.732
13.5581
51.6467
34.7644
31.7525
50.7471
9.27326
41.1277
12.0849
7.4739
17.089
12.4448
27.5408
22.767
0.259217
8.709
4.58242
41.6994
9.0376
11.5237
28.2553
45.1172
63.3342
28.0611
7.41717
22.9608
61.779
10.8658
2.68067
4.4011
55.5924
39.1523
1.09529
33.9151
24.9756
9.30419
11.1582
4.94738
12.6348
13.856
11.3278
40.5375
14.2992
8.87991
0.665696
28.6022
15.4933
42.4178
36.1083
16.3086
11.5367
10.5336
50.2951
47.8851
20.3062
7.91428
2.70724
0.609841
57.262
13.2993
13.771
62.9703
12.0641
16.2548
3.05915
20.7433
46.1194
56.8666
20.3385
15.6083
31.3709
2.79841
4.42102
28.3617
16.6276
49.9009
11.3371
1.23878
10.6681
28.5421
10.9583
56.9605
20.2282
12.6814
33.3492
14.7266
7.23205
0.767885
13.8192
17.548
45.3896
18.3328
16.8273
2.48564
19.8274
0.728943
46.8227
14.0414
7.29439
60.6281
6.82735
2.20466
41.5556
13.5183
10.2041
48.7163
62.0867
18.4688
47.0277
14.7778
12.1289
2.33782
0.0578503
16.4652
7.10882
41.5231
3.9532
9.55978
48.1371
53.0856
13.8934
53.1954
57.6647
15.8128
6.16427
45.6848
11.1058
3.05938
4.67524
13.3844
20.9804
14.7062
8.99612
43.1147
17.3073
11.0169
31.8924
15.2804
45.4929
21.1082
11.4955
8.56016
11.5225
49.7527
11.9489
17.9166
20.9546
14.7858
1.57276
14.6568
31.5707
7.32807
11.7323
3.75965
17.7735
13.6438
1.962
6.63764
40.5062
16.7774
7.97297
0.0824368
12.143
11.8696
17.8233
7.67246
9.95684
43.0852
41.0988
51.2679
4.26402
16.1199
17.3927
15.9332
3.20957
62.8277
4.28361
6.03394
9.62174
7.2846
7.12884
26.9653
52.8196
61.9952
10.4146
16.7334
7.49677
54.7643
8.63036
17.2071
17.5246
16.329
7.97276
58.5655
16.5788
17.1192
8.46784
44.4688
1.29081
0.506448
16.4124
20.2462
8.75354
5.20852
2.25165
10.8046
11.6253
29.3234
3.50894
3.56223
0.836999
0.318615
0.672184
21.4008
3.00842
7.47227
18.6711
0.321164
17.2525
27.5625
13.2384
38.0108
8.22979
55.8391
30.1551
7.79487
14.2235
0.562714
0.118969
52.4131
3.55322
15.5889
48.8554
47.3684
0.687836
21.9608
1.90612
8.73942
14.5516
3.92873
20.063
12.1404
5.61311
25.2281
15.9966
61.0064
8.89048
30.2272
43.4375
13.4702
13.3449
49.1054
29.699
10.0131
2.08539
2.43031
55.9951
1.20635
8.68348
10.9266
58.8318
7.41324
28.9677
53.0219
1.78066
10.3967
12.0416
1.01948
7.16612
1.34188
29.6668
17.8596
11.3486
54.8418
16.2948
40.7961
1.84702
56.3985
12.0665
52.8646
51.0707
11.4955
16.7423
63.1892
3.68216
3.92615
11.9502
5.23241
12.9829
5.41615
0.0837907
2.19563
52.5353
16.6406
2.00412
23.3069
60.8415
55.1181
53.6481
10.942
10.778
53.394
17.0027
16.1368
12.7088
15.7562
60.1335
3.36678
8.97638
6.08864
18.4732
21.5342
58.5608
46.2477
8.08076
4.64757
14.5231
21.8162
59.0396
17.2314
27.383
1.23435
46.2162
15.4846
43.9274
35.1313
3.05096
12.5163
12.0671
45.4156
62.0651
54.3694
11.0224
49.4962
47.6079
13.44
36.7194
0.258821
13.9664
41.1723
8.89216
54.9167
24.0639
40.415
8.59369
3.55368
24.6288
9.73116
59.4105
19.7521
7.58859
6.79064
23.5951
23.5859
62.0515
16.8033
8.04085
62.5506
52.9149
36.96
14.5301
15.3366
51.7878
21.4808
8.43008
2.86061
0.656566
53.7688
8.57031
10.028
58.9151
13.1751
6.46903
53.4223
7.54985
5.93139
55.8033
10.5093
4.94365
4.96235
11.1705
61.5598
18.0413
3.50462
2.43677
7.78969
44.9558
10.8007
13.4356
14.8488
3.23399
23.1851
15.3228
55.7136
48.0327
8.61142
1.05654
57.019
17.3696
45.2328
13.708
20.7807
11.5048
15.3313
7.54668
12.6982
18.5281
9.99784
57.2486
18.9018
18.6804
19.1708
28.648
60.1619
20.8377
15.9689
9.31383
53.5289
11.5773
9.27395
41.1335
8.65662
26.0161
11.7551
4.76812
54.7452
49.3411
14.8848
24.2977
9.69703
11.3815
3.06318
21.9893
12.7328
62.0469
28.4388
1.26041
2.55042
8.09388
7.26906
39.2357
9.36612
48.3442
43.4888
37.6467
12.8384
18.0761
14.9421
12.2552
13.1614
61.3748
14.3787
27.6122
9.17071
27.7198
4.34057
29.1149
44.2784
19.762
55.4225
58.2225
8.30119
9.46326
52.9828
9.361
31.082
18.0977
3.31109
48.7405
16.2096
14.4152
17.1884
17.6418
11.4559
16.1013
63.988
25.788
7.1674
15.9741
40.8991
28.9433
6.40515
13.9434
15.8426
13.6451
42.7708
1.4874
7.06665
7.36325
0.647646
47.7459
25.5431
2.94146
42.475
25.805
20.1557
15.9175
17.9772
18.874
14.8477
23.5972
8.54658
6.86078
13.2053
44.7897
61.7746
7.87209
2.36332
56.5447
13.4659
19.6654
54.7026
56.7898
5.41533
8.6455
4.54802
42.115
42.2436
9.69585
12.7208
7.03721
58.5164
7.90374
19.388
54.9198
9.02472
26.7585
18.4374
30.406
14.6548
18.9647
16.3689
41.6551
2.55327
10.0474
12.6051
15.9725
3.6474
8.71743
3.51526
16.2499
11.7761
40.9742
0.0212941
42.1041
57.5962
8.90179
4.19026
3.16357
37.8985
3.91331
15.1635
48.4306
48.2294
42.5162
0.557706
6.42226
29.0811
7.53392
57.4163
62.435
19.0881
22.523
45.1276
62.3005
1.22204
15.6953
22.8812
34.0193
9.86729
12.6194
8.91074
16.6995
8.20824
30.7521
49.8282
25.5744
2.21937
9.65108
4.77263
11.006
42.777
1.60329
1.05441
8.21222
26.8084
7.34801
12.5339
5.71815
17.5187
49.8334
16.539
16.195
16.4233
13.4923
45.8956
3.68503
10.2416
4.5816
40.3893
3.83287
39.526
14.423
13.5018
4.43329
13.9804
63.6915
11.2046
2.30392
29.3332
14.2278
30.371
46.0586
3.71068
56.9872
0.606381
12.6444
18.6036
55.4252
41.63
48.6947
2.89553
10.7513
13.3064
45.5031
9.73509
48.0369
55.4088
17.4582
4.85551
39.6435
5.75147
11.687
19.1879
7.48109
62.4309
18.8319
60.6724
22.4882
27.968
18.8429
1.56239
4.0041
0.726385
7.7877
2.92822
57.9567
15.8413
5.56329
3.01183
33.3765
28.9699
12.2985
40.2925
4.26022
14.7304
9.11054
34.2357
8.31339
19.1378
20.7775
10.6525
53.1066
6.55386
14.2642
1.23493
2.90615
36.5252
5.37886
1.77562
1.31071
62.5549
30.6536
9.51029
5.31412
7.50322
3.09391
37.6626
36.0449
63.1796
2.892
29.2127
18.2698
1.26723
37.5121
8.03849
19.0074
48.7652
4.76446
58.0573
14.2348
47.3213
53.9302
0.0684826
63.8302
44.8397
2.09319
48.4705
0.822558
27.9582
6.72708
15.148
59.8505
38.1252
7.00772
15.5171
15.9383
15.5155
7.90493
5.16583
22.3604
6.81196
12.5732
18.6635
12.162
17.1167
11.1606
6.56411
55.8533
27.4757
18.5853
15.7734
40.7904
5.98823
3.78261
34.8229
17.5607
17.2711
17.1251
12.1584
46.7734
10.6932
48.6673
6.00074
60.2189
33.0201
14.8651
11.2788
16.3356
15.3297
17.7243
9.11758
33.0666
16.3909
10.8607
0.788724
60.9981
15.941
2.54813
14.8641
3.92707
58.8584
42.8149
13.1906
0.992925
10.6916
12.9382
18.6829
24.5196
38.8283
18.4798
52.7278
14.5569
52.6472
17.4646
31.3875
36.585
61.1343
14.3602
42.4825
38.6084
2.70756
36.0707
14.1418
2.63315
29.9045
8.98904
16.481
6.70497
18.8025
41.7784
4.08135
4.58924
60.4138
4.91514
28.1885
7.89695
25.0934
9.04462
6.28431
14.7692
9.72629
24.31
60.2783
1.09228
4.94774
8.98664
18.7237
55.3782
49.6565
37.6983
8.53889
7.8559
26.0622
35.1968
49.8605
17.6915
14.7571
20.5602
19.0559
30.5419
44.3153
5.1473
23.5201
21.3889
14.6418
15.4153
24.1164
14.2783
38.8681
43.8042
17.4956
13.2855
15.2673
33.4191
37.395
4.90157
31.0486
17.0575
17.1843
18.1784
18.3161
3.82674
13.9737
30.0121
29.9168
56.3612
46.7164
54.5351
4.51915
29.6368
11.7703
61.5822
8.3831
9.79991
25.2361
6.71433
5.96109
22.0358
8.6301
9.03323
7.84007
40.8614
1.46993
7.07504
2.24655
11.5259
15.937
17.6447
57.7018
4.22815
60.4771
44.0597
31.5234
8.90066
43.2398
44.6281
53.309
27.4105
15.8764
0.216172
14.7679
16.8577
20.8234
19.4029
13.6124
1.71072
44.924
13.5509
17.6548
18.0317
31.4945
2.5238
16.5251
26.9378
24.5874
48.2852
10.7392
48.678
19.0824
11.8368
3.609
0.543643
15.9234
0.530219
12.5765
9.44728
40.5766
58.7728
3.98435
2.66416
18.2012
12.4775
20.5684
10.6952
53.2075
10.7905
8.61179
13.8036
4.39896
25.5748
28.6592
2.03238
8.81941
1.87571
60.138
50.1433
52.2816
12.3051
35.7284
17.2369
7.82288
8.36193
20.3642
3.9587
13.4359
16.1535
42.78
34.1755
1.60034
41.369
59.7966
29.907
16.1354
15.4936
27.1887
55.7586
9.46332
21.0167
45.5138
9.69068
14.4437
40.5874
2.3246
55.145
13.272
17.5442
33.6051
18.8695
49.82
25.9235
8.45465
16.9672
7.12347
3.23339
22.5658
19.1254
2.65462
46.721
4.82122
18.2045
62.5333
9.31393
18.0351
8.58913
53.4338
7.00706
37.1157
3.21064
45.0177
18.9624
45.8248
7.37995
0.160024
1.15972
38.03
44.949
7.09363
8.01612
1.41828
3.7718
13.7265
41.1018
7.88466
6.51017
43.3311
41.2975
1.99099
6.14125
8.49895
11.5782
11.9983
14.6075
7.34093
19.1311
1.19822
6.13429
56.0133
59.8984
22.9836
54.2847
16.2492
34.9554
17.2316
11.8297
12.99
45.6498
16.3645
9.76686
8.58468
58.9975
33.2901
27.1134
12.4802
0.544975
11.5726
24.0097
4.35493
32.8674
6.64728
1.29031
37.8689
54.4038
39.1828
40.2947
4.07513
24.3139
22.1835
4.23492
15.5069
35.6009
0.15293
7.98573
45.1095
16.1858
4.27669
52.4052
19.1076
31.3246
45.5442
56.9803
33.146
12.9189
13.2888
9.70363
5.71723
5.69822
7.34469
3.28672
58.0975
51.551
1.82042
35.7548
3.33362
11.9262
4.23974
60.1779
46.0295
53.9951
23.2766
18.3168
34.5071
12.5282
4.87604
33.2256
44.0025
2.80826
15.1259
14.842
2.975
3.31974
17.2772
17.9489
8.25158
15.1179
8.30961
13.7534
7.33441
18.3633
30.3844
1.53711
17.8853
59.3817
19.1361
7.02325
61.1037
17.8067
41.7138
1.94094
1.88312
31.544
9.10352
2.52755
21.5979
12.5906
5.48765
8.06173
44.2008
10.5275
51.0389
36.5486
2.28431
63.7326
7.16603
14.9452
3.35011
52.6329
3.04643
19.5951
21.7993
10.148
39.1992
55.16
6.21841
7.46089
56.9456
37.7755
15.2985
13.7584
7.71516
61.7015
16.397
14.908
17.2841
11.3247
25.1041
29.3949
11.6525
35.5308
3.39909
9.30717
15.0188
1.60792
9.35938
10.6998
33.4481
42.9805
3.06596
29.6711
22.4968
11.2282
19.3353
3.42136
15.4749
8.94898
0.715304
9.1313
1.41049
5.21507
8.85082
62.9732
2.72018
42.7968
24.1758
46.7192
18.312
4.00813
28.0206
28.0199
49.8725
39.81
16.5896
8.4742
9.00417
55.4488
19.6869
10.2069
18.5088
49.3243
23.9601
1.01981
29.3254
1.55036
38.2064
15.4024
15.5601
16.2535
8.46712
4.45104
13.4506
11.3148
58.4547
14.7182
0.550655
3.65188
0.821823
10.9477
22.9566
8.02392
45.9884
8.25311
35.6681
26.4837
16.8198
33.6599
1.59909
7.24594
58.1738
53.4232
53.8147
46.6051
57.5198
3.69845
41.7817
56.8451
0.055114
15.264
18.1147
30.2648
9.03565
15.8379
42.7586
2.92377
6.00196
6.16111
19.3821
59.4598
13.8192
6.70997
13.0274
9.99234
14.0861
53.4148
3.65753
1.35937
7.42717
4.24772
12.7638
57.9901
42.9701
6.59809
60.9553
6.01304
3.89767
8.58814
2.88881
42.0414
55.4373
60.5085
2.48882
38.9757
0.809052
9.7844
48.2612
40.7883
0.28114
17.3998
7.9234
12.8604
15.7146
39.0308
44.3629
7.69422
18.4796
57.4892
0.360652
9.2238
63.568
5.27886
4.86051
39.3786
52.2488
7.21992
50.9049
26.4697
0.728526
2.80397
39.0989
53.9752
8.72042
48.7758
56.4599
45.4573
36.1203
23.9127
32.0362
11.4004
59.3621
31.5636
26.21
61.999
1.2054
14.362
34.8759
13.2203
32.2007
13.0833
11.644
1.19143
1.92959
51.9362
45.4299
29.3014
4.9967
12.5695
45.9061
1.91833
7.40516
17.155
28.2142
36.0909
9.74038
1.75255
10.0733
10.8082
8.17229
4.44869
3.58381
4.87744
53.0168
40.6808
7.235
49.9505
50.0035
13.7113
8.72399
14.1994
11.3501
31.9826
4.88473
15.6148
45.6761
12.0174
5.00813
42.4857
16.691
13.3783
34.5462
6.44918
7.3826
3.72831
5.28052
4.85674
11.6351
15.1657
30.4843
16.2848
2.99282
21.2629
17.9007
22.3229
9.15257
26.4764
2.22009
7.43983
29.6615
31.5271
1.07544
2.4249
33.1278
10.9159
36.0917
15.7237
9.04723
18.5062
7.17042
14.1385
9.30383
53.7795
21.0853
42.0232
6.24587
3.43649
0.837043
22.9498
30.7298
7.7567
22.1607
20.2409
6.41783
13.1025
3.21422
0.841945
8.93747
43.6155
10.2932
21.1319
27.1849
14.0071
15.7772
48.4081
3.31384
23.5581
45.6176
18.1241
11.2429
0.574263
1.69385
6.84188
53.277
16.4464
2.4959
36.118
21.4241
15.6305
13.7629
7.61512
31.6215
15.0475
50.3461
7.32442
18.1456
13.0811
16.5691
0.00870434
2.719
6.10542
1.35712
1.86197
7.74355
36.4407
10.8511
43.1528
35.9461
7.80473
34.6549
15.4456
36.5509
39.0438
9.32912
63.2851
27.7993
29.0982
13.8516
58.9609
4.419
10.0944
44.314
42.7201
29.3319
53.3848
31.0878
53.9817
16.6233
50.7687
41.7637
10.3677
62.0023
3.93995
50.0267
61.3876
8.88013
60.8249
14.7796
4.44802
13.2711
8.72044
9.71483
57.3715
15.7803
6.62397
0.742402
1.47999
11.4322
6.87055
10.8377
9.1782
10.8642
44.1934
0.689222
44.9263
57.3719
15.9963
8.78083
15.5909
16.7996
24.9236
14.0337
34.206
53.6703
4.50508
13.3453
9.23902
17.5304
16.8548
3.82807
23.9288
56.8266
48.518
7.44323
14.8327
22.2091
55.4912
34.5559
14.2506
45.449
10.2003
50.108
15.2834
8.82063
55.4537
38.824
59.602
6.35274
10.3892
42.2446
8.27219
45.8267
32.6315
7.0573
13.8128
30.0644
43.5351
32.9031
49.6896
50.5063
1.18316
63.1493
44.4558
9.26845
61.127
14.5132
59.9666
28.4442
15.1911
21.223
44.2046
48.4559
6.61167
8.50132
8.92036
6.8334
29.5795
6.15972
21.3349
0.47228
18.124
62.8887
46.5551
58.935
21.0259
19.9859
17.2934
23.3241
2.80086
56.5685
22.7793
32.6986
31.2734
21.5815
16.7293
5.82432
18.8556
1.99027
59.7092
8.58808
48.0857
25.2668
6.26393
62.3401
12.5225
4.28377
24.6765
30.9142
4.02011
36.2385
4.12024
17.4883
51.6014
22.2168
1.23356
0.985371
18.5172
63.9964
43.9484
8.87547
45.1943
17.3869
43.2671
4.32361
11.5437
7.60243
27.2587
0.543035
43.895
1.88721
54.1728
14.9743
18.5761
5.86998
16.3795
2.97862
48.7144
4.92229
17.1302
26.0683
36.4501
12.0058
60.9217
54.4443
23.506
12.7125
21.5713
7.35513
15.2828
12.963
31.0953
18.7347
0.70177
45.6565
10.9007
3.51342
49.3965
24.0112
21.3972
27.7704
26.2847
9.03331
20.3707
16.5894
54.2749
15.5949
15.8999
6.19235
24.3298
8.72797
53.9169
2.49724
9.04253
5.84988
13.7449
14.3978
11.032
0.717067
33.4641
9.6713
59.1127
14.949
47.2831
26.3481
7.87866
51.5347
44.675
12.5441
8.89968
9.77195
15.8855
5.21145
63.1305
27.7494
7.50765
52.1763
17.1101
63.4487
3.64799
10.9088
8.35642
5.46181
8.58961
4.35008
29.2592
54.1725
18.0993
14.3116
12.2703
22.2474
4.83283
46.1406
63.6545
24.9525
18.574
38.8742
1.28046
19.146
13.2636
8.60251
16.6553
31.5557
7.85485
11.1773
53.5112
34.1006
24.5275
62.0455
53.4488
17.216
1.80946
10.6077
17.1935
7.81077
25.1559
16.6587
18.2102
2.40606
59.6756
16.4125
13.7696
49.1335
8.09616
28.1103
6.45208
3.76529
13.2361
21.1599
26.0421
2.82088
5.04092
4.094
19.1984
10.2524
60.6338
16.3503
3.72661
16.6246
15.1567
34.7205
58.6032
36.0768
25.5296
30.3593
7.72628
35.3964
13.5371
37.6305
19.4449
22.155
10.4638
28.106
63.7558
56.1735
32.5679
10.1774
35.7585
20.6079
16.6949
11.4173
3.99985
18.2479
1.24228
0.399712
4.462
11.9895
43.8512
36.1102
14.6603
47.2413
10.9783
10.9936
46.7982
7.19343
48.0203
5.51276
12.8665
5.75052
16.0099
29.3226
53.7816
12.9161
1.62055
45.3971
18.9211
44.9969
19.3665
14.0871
18.2744
2.47624
31.43
11.1887
39.8544
12.7017
8.7915
52.733
52.2689
56.8763
6.4604
60.5854
4.38829
59.5224
18.5818
0.68144
47.0526
42.5947
12.428
2.91691
10.8653
15.4287
12.0641
32.8285
60.8224
9.64808
56.7517
16.5808
46.5037
15.9729
60.7889
46.2906
6.8155
16.8213
27.7373
20.5253
4.74618
27.8219
10.4418
9.26261
29.2651
48.6322
2.6051
13.6444
18.7571
4.12359
9.37341
27.9954
57.4569
33.9178
31.3639
13.183
42.3347
4.62648
51.6643
55.7922
16.5246
53.0961
41.6127
46.5035
3.49912
54.5861
17.1482
3.13938
6.75198
28.3369
27.831
28.3178
16.2721
24.3636
8.9385
56.8565
62.2826
25.5583
61.5853
3.96573
18.2006
44.7059
8.16717
28.7754
57.6587
8.00784
24.9768
10.7337
3.81397
24.3996
7.46392
55.8585
49.7003
5.75837
38.1514
3.9878
17.8928
7.34361
8.41269
3.6537
14.5378
7.78975
30.3885
38.483
53.8598
31.9508
48.1628
56.3672
31.4718
35.0107
58.8886
0.0739917
45.63
62.051
0.823776
0.821285
12.3274
7.05463
49.6258
19.6632
6.46176
56.424
26.9664
22.1961
20.1491
1.47534
16.2512
12.3443
10.7856
12.7725
0.684199
38.5743
4.14826
15.8639
59.2195
17.6052
13.9975
40.4446
15.6803
57.4152
39.3683
24.7651
15.4264
53.9368
4.4102
17.7864
47.5426
5.19338
17.4931
12.0924
24.81
57.6774
53.9267
15.213
14.4782
20.2689
5.03399
60.4153
36.6878
13.2117
32.4447
6.72056
0.696483
12.5117
1.79191
12.3807
38.6174
0.774011
50.0902
43.8775
41.7258
18.056
14.7394
39.1224
6.61506
2.31726
17.3796
42.7537
4.6335
10.7978
2.68763
17.4063
59.6158
18.5784
22.5788
4.98826
8.38143
2.03208
10.9932
3.13011
29.8584
8.22376
18.778
49.8184
8.27103
13.7387
4.96558
3.62789
11.1137
2.68757
49.6023
2.84859
26.656
8.25465
18.8934
14.772
7.48253
2.58244
37.2716
6.55776
9.26382
5.38921
8.96868
39.3149
1.97704
7.44253
39.3841
18.5017
23.7995
40.0837
13.5803
47.1326
3.38336
6.94677
21.136
8.85327
13.5607
14.508
63.0653
52.2678
31.17
15.6139
10.7279
14.2603
16.4031
52.2943
12.5587
19.9512
34.5507
29.6011
0.39787
44.6138
40.158
10.8422
60.8098
6.1186
18.7875
50.6873
0.0833295
56.3869
21.658
13.0279
18.0312
17.6798
42.1265
25.4141
11.6467
47.2836
62.1759
39.2223
29.8335
62.4457
8.00504
56.8671
5.88738
15.1858
10.9882
16.6656
14.3868
5.07657
14.014
8.2704
10.613
31.9251
1.14422
34.938
63.0297
14.3793
6.90541
32.8109
41.8422
58.8568
2.09627
18.415
28.2387
19.0772
60.9243
15.2869
5.11084
20.6928
59.0597
62.4266
1.99638
35.4708
63.349
39.5791
2.63694
9.92427
7.98406
15.8527
45.4935
6.57622
9.4291
9.05012
3.23457
3.42717
16.2397
26.5783
9.94013
12.1728
8.00482
12.53
12.1228
42.7223
12.7096
2.94722
4.74656
11.4234
15.809
6.17173
24.3317
16.6203
19.9767
3.12775
38.6387
40.1329
35.5715
2.36434
42.8709
47.5371
27.8914
1.4507
63.2451
18.474
12.2518
55.7841
13.4252
44.9358
28.2037
6.49987
18.0057
13.8353
11.294
9.37811
9.08513
11.2064
8.97823
15.4864
48.6268
35.6772
12.9729
3.43755
7.49151
15.2312
32.6531
18.1284
7.8988
6.81217
28.3535
61.7414
1.8642
16.627
5.97428
15.3017
17.2201
5.72519
58.8797
32.4917
15.3606
12.8461
23.8907
18.3733
7.68697
30.1205
17.6283
0.549548
4.07012
5.02187
2.23737
37.2674
16.7157
9.5315
15.9442
12.6087
9.71482
10.1915
44.1711
22.8342
5.09917
9.21482
43.5719
1.27542
20.6665
8.15645
10.3795
3.0962
17.3936
38.3424
21.2154
3.64088
48.9702
49.155
6.95913
8.95536
55.4274
21.2494
15.3402
30.711
14.1367
50.1331
54.8793
0.0911255
39.9804
21.562
53.9749
63.2424
25.964
9.93358
27.6385
10.5874
49.4089
9.09252
12.4879
59.3855
59.866
16.0763
33.791
3.26573
1.74499
16.9487
0.433046
40.1008
11.2818
13.1037
7.65717
11.4617
0.597196
11.3651
14.2693
51.1551
17.582
63.0779
47.9349
8.10597
9.12511
16.415
13.3209
16.4699
19.5346
9.54259
2.77714
7.77404
15.1415
7.89664
5.88792
3.66911
16.1021
3.84337
37.966
12.8652
3.3367
63.0915
4.55456
11.2978
17.4349
22.7001
34.6784
58.933
8.74578
5.80021
13.1715
53.2303
4.90961
7.67133
30.1968
46.5922
62.3962
40.1437
6.53874
7.47854
4.11808
17.7738
62.728
61.6855
4.69115
11.6656
41.7853
16.6533
45.6437
61.1454
20.8447
4.90692
16.1027
12.0565
2.53034
58.6484
48.7611
7.74197
8.08346
8.89116
3.08806
12.1289
54.2751
6.88423
10.8394
57.0275
4.106
47.0486
12.8136
17.9758
63.7395
23.3765
49.0465
50.9603
7.88008
61.0287
11.1824
41.3064
5.06959
13.2135
54.4867
0.0821144
4.53659
11.4594
23.6047
7.53096
45.2673
16.9289
18.121
7.24523
2.24051
40.1924
61.708
49.1426
25.9713
8.6363
11.2675
38.401
12.9754
11.6858
20.2246
8.32055
58.272
10.3208
0.295262
11.8704
7.77117
47.0741
61.0946
50.8844
1.09195
37.2579
18.4869
4.70806
3.60312
51.5444
6.07188
1.59819
3.01135
63.9723
22.2701
42.1231
18.5523
15.4127
5.4373
1.07924
38.7409
1.21491
0.0923076
61.6523
10.7167
21.9509
3.92127
23.1495
11.1846
12.6068
59.8665
7.13348
7.76103
58.3149
33.4346
0.864483
22.5461
54.7343
25.6996
62.7282
15.7711
5.85417
5.55487
63.6894
5.84473
61.8834
10.7046
46.5211
3.78039
4.01547
10.5187
6.48242
53.5277
50.9651
15.3829
10.8068
8.45747
34.4872
0.270687
51.684
6.99141
2.96515
6.31968
54.445
24.5912
7.08796
14.5541
3.24802
41.0173
38.3196
56.5545
3.97026
50.1326
46.072
54.1342
12.5109
6.76
18.4789
41.9814
0.658166
26.9674
51.5347
5.48215
40.0124
17.0286
0.816673
12.975
57.9282
27.7964
21.5383
0.787818
31.62
6.88325
16.074
37.7092
17.7101
8.81859
21.466
50.7477
4.33326
25.0414
5.63109
17.7102
12.0371
34.0845
5.30023
62.9126
19.5069
6.05082
14.8513
50.0822
62.0848
0.606934
15.6237
62.7293
39.8767
60.9303
33.8206
32.9249
49.3848
56.1329
18.0464
10.0844
58.9274
14.935
34.0434
52.3407
37.3515
18.165
3.05036
10.2818
11.5146
17.22
17.0672
38.6525
28.5662
46.3012
13.4354
12.9793
23.3479
0.821007
36.9516
35.8416
17.0593
17.8116
53.8194
7.21722
53.5978
6.32305
53.5587
40.4716
45.5507
1.62443
18.0711
13.2155
18.0423
18.3348
51.1132
5.7796
17.6232
51.5274
7.23601
45.2189
39.0265
36.0099
22.8966
10.5919
15.7283
3.87214
35.5083
1.42061
44.3393
14.3996
51.3449
9.59407
4.26794
61.7099
55.535
1.04818
10.2385
61.6512
15.0516
11.5592
23.9205
19.1836
59.1179
25.898
20.7681
43.1337
0.332051
13.864
26.6132
11.6518
16.4553
34.5224
18.8264
27.4978
2.10739
54.787
38.3186
35.0101
15.0267
12.9325
17.8708
7.89818
8.28331
0.476287
8.66608
2.86674
12.5549
8.03966
18.9502
3.21517
6.23542
44.441
1.33831
55.5293
10.3882
4.77398
5.34925
2.85973
13.7352
10.2518
11.2402
13.8787
11.9895
3.06789
8.7517
10.3314
2.42971
9.83905
32.187
31.3639
5.6334
18.0118
13.1716
4.40751
63.9424
46.586
0.0475748
16.3155
11.7866
18.4334
63.7526
48.4242
17.2064
40.5783
51.0761
46.2488
47.9534
0.765485
46.2455
17.4611
62.5079
10.1399
8.21776
11.6791
56.7469
14.3118
16.1231
9.05845
34.8843
11.9866
18.2715
59.1353
11.6506
62.2628
60.5964
63.5718
19.1253
26.9932
13.1669
15.5616
18.9659
8.32869
2.86036
47.9804
12.6768
47.4238
53.695
18.2272
14.2849
8.76247
10.4612
31.8633
27.0792
61.543
58.3187
48.7067
14.3585
4.89742
38.8111
1.8166
9.52012
42.4121
4.88832
11.3761
11.3993
61.4143
62.9176
11.9848
46.7889
18.8539
51.8473
47.0003
5.48731
50.8796
61.7499
10.9692
4.59607
4.37514
63.673
8.71347
59.5223
3.98228
17.2402
9.90275
17.6825
3.06734
28.7838
6.10436
40.0137
62.5293
12.1042
21.9648
12.2543
55.4032
11.5273
2.06493
7.5237
4.01338
25.4814
26.4334
17.3442
37.7715
7.26081
13.7697
2.67841
17.9258
55.6205
62.4829
8.11874
13.2506
11.36
4.12813
0.606795
36.6306
0.908757
27.3932
10.1393
11.8763
10.9924
8.55691
0.376055
5.83167
14.085
15.3951
18.2379
13.3302
3.34054
14.5152
5.31504
13.5601
33.0078
42.3817
57.5753
12.929
56.1097
0.704695
15.4303
1.19079
4.43868
18.1361
3.22613
9.75995
6.12134
46.9095
46.1405
38.6276
0.278839
39.4809
23.0725
4.27424
2.82903
5.52815
5.71224
19.064
7.54539
59.4186
8.07142
6.57876
9.45109
27.1179
24.0722
55.9183
43.4341
6.29935
16.1924
0.893545
56.1367
4.14064
0.437567
17.8867
3.4898
0.641091
14.1945
18.7583
10.3736
43.9847
23.7965
0.85008
5.3215
14.0777
3.21631
35.2677
12.5206
6.03581
17.9192
12.9736
5.30413
51.3686
13.4369
8.09695
15.6426
50.6855
55.7123
40.1761
2.38792
35.083
15.0339
6.73726
0.206261
14.1486
10.9368
0.349314
32.9681
11.412
54.5454
57.0216
19.0267
42.4366
18.2917
44.5221
16.3663
17.1352
22.6187
62.1414
35.2219
17.3807
13.5608
11.8772
9.64208
16.8303
0.802026
34.2074
1.81357
9.50616
2.21311
0.340146
16.0245
28.6227
47.537
33.1639
14.4507
15.4098
29.4416
8.05033
7.10326
43.1795
27.9794
52.5545
9.4171
11.0593
5.75879
5.18256
16.0183
51.6091
57.8434
59.6468
10.6681
63.2274
54.2714
0.331806
21.9667
31.7114
58.8072
13.6596
18.4609
9.19155
8.65259
16.5747
7.40205
44.7354
63.0724
20.9519
46.4477
8.99765
47.8189
13.254
36.3174
53.7249
11.8256
4.63727
47.0165
10.6287
3.89336
1.00856
12.6681
6.9011
33.2384
8.68757
8.44107
15.7758
2.28184
13.1347
8.46574
15.3435
26.1265
37.9882
44.2228
13.977
48.2174
47.3702
61.3529
15.651
20.6247
28.5402
31.4271
1.00267
11.9884
16.4579
39.8177
10.0975
11.018
11.7244
2.55775
8.70312
11.6497
17.0401
40.0587
1.64659
11.6861
8.86262
49.6043
52.3333
36.7633
8.81011
16.0782
19.1312
25.5758
21.5698
37.5359
18.3383
7.57527
6.73002
28.1441
18.9335
42.3284
39.9478
47.5341
36.4638
37.3983
51.5293
35.8162
50.1179
1.10055
12.8275
37.2209
25.6332
10.3347
18.3614
26.6316
37.238
15.6726
0.291208
31.0401
3.25659
62.9282
27.5009
28.7301
16.8164
6.56856
34.2204
54.5155
18.8347
21.5173
2.11838
31.1933
4.02439
3.50351
22.0053
3.35286
14.5859
17.8444
10.8961
3.80993
14.7432
1.35289
15.4463
2.33818
4.55416
51.6889
2.90053
35.0382
13.719
61.2123
18.3782
14.8648
16.5225
15.8191
6.16817
52.4974
36.401
55.6279
2.28622
35.1308
16.412
6.71982
54.0535
6.11436
50.6634
4.29185
34.0906
51.4919
40.5405
10.6604
48.4494
31.4628
50.9066
3.69529
21.1512
41.9554
34.3328
14.4455
9.95336
35.2948
2.24021
46.9974
9.58355
5.6128
44.0276
20.8224
9.46632
14.1211
13.255
27.8416
11.2324
4.12433
4.5608
58.0121
0.535165
50.7243
59.8383
10.8608
36.7798
16.4925
4.78254
11.0971
24.3852
0.40736
4.73018
1.8499
6.56451
7.06206
37.5401
11.8197
24.9941
2.97965
8.29339
1.27593
10.4733
30.5398
36.4699
0.535767
18.2711
15.1153
5.37515
10.9347
7.52245
0.0242043
42.3506
15.5659
35.8101
13.0157
10.249
57.4524
13.4244
0.87746
10.8116
40.8131
56.814
30.1218
35.0115
57.0937
17.1584
18.2611
53.3486
5.31033
17.3415
4.52292
21.3466
40.2153
3.38056
9.85108
8.20317
8.1782
16.088
8.52434
32.5528
2.56148
17.1063
15.9095
38.388
57.2274
1.65801
28.0269
13.1113
0.727076
10.3554
11.7279
24.7932
20.3371
15.6653
38.5668
1.9768
0.054971
9.14986
6.6763
9.9752
11.1632
14.8684
2.07091
12.2187
4.5286
11.1389
35.3361
8.34919
50.4991
18.346
29.5765
49.9187
10.0318
26.2154
14.5147
37.9548
32.3775
14.6089
18.0538
17.6119
59.6855
9.84571
2.08906
2.18778
15.3706
13.3105
1.04858
1.09988
60.8294
12.6894
44.1668
14.2317
1.58412
6.21327
11.7655
8.52487
4.93799
14.1686
16.9085
2.80708
57.2743
41.7034
40.7671
12.711
60.3923
2.92956
17.2417
14.811
1.01097
7.45867
28.1529
45.8799
11.0192
15.6462
30.0616
16.5244
48.2494
9.12057
44.4848
19.4456
9.62971
15.9664
0.0716078
18.0254
15.1316
12.2088
13.0534
49.4578
59.7937
10.3367
13.3026
4.29971
16.799
6.12429
1.06704
15.6305
24.703
63.8139
15.0887
12.9281
10.5875
23.4778
38.7575
7.01566
40.8006
15.6525
17.8031
30.2425
55.7543
0.480784
5.85176
56.0378
16.5268
14.0426
9.81205
4.58103
46.0163
46.1295
17.4239
0.955725
20.3503
5.89154
14.0712
17.2296
52.0619
22.0071
19.9002
15.8799
37.5602
24.7123
33.2726
10.4559
14.1077
11.8922
3.27745
33.6783
20.9491
0.255556
8.02669
18.286
25.9924
5.22036
1.16423
40.8852
19.2904
8.10626
2.36406
32.3704
11.8845
0.873267
7.40292
24.9958
4.82539
19.3645
58.0403
12.0273
5.99513
17.9305
5.76441
24.7362
8.31755
8.67216
8.84284
40.472
8.34118
7.3143
7.3674
4.9566
5.8805
16.4068
33.3656
15.7986
4.5649
4.57456
12.8949
53.6013
2.62107
6.74613
36.2775
35.8998
0.569231
6.74255
44.8322
10.9097
7.80735
53.0782
9.28295
5.81218
8.62287
42.0166
13.1896
12.0146
3.17435
25.8132
14.3232
32.8297
3.40667
5.71828
3.3754
21.1832
18.7125
2.42338
17.2508
35.8921
11.9223
15.7909
43.4853
24.6865
43.5904
53.022
17.2243
48.1823
47.0945
3.11852
20.5857
25.0695
36.7107
9.56689
50.9257
17.0346
53.9294
2.33904
46.821
9.18545
59.3522
19.0786
21.6519
28.6269
58.2145
57.4788
6.38222
13.2681
19.1306
12.6854
16.554
20.1009
11.5205
23.7605
59.665
9.55151
19.4088
62.048
38.2378
34.5431
12.0406
17.7896
16.2059
23.5322
29.1562
50.7207
26.5435
14.1221
17.9421
3.08508
15.4211
17.3731
0.86377
44.3608
10.9988
13.6545
11.4947
6.43583
9.83395
52.0852
15.8284
44.8987
22.1728
38.1825
61.1311
9.80988
26.4533
41.1098
31.7069
2.04679
36.1876
9.943
19.4748
7.88902
13.2341
52.2612
42.3878
3.93425
31.1548
21.6282
16.2653
34.0178
18.0726
16.7032
0.648661
60.8338
0.703895
39.3456
29.9162
59.7639
1.24472
30.3034
2.29981
31.0431
16.4464
44.7994
2.93887
50.4417
28.0746
8.81351
62.993
7.45845
15.7702
3.57935
12.5382
28.6728
6.82814
13.3252
12.1471
27.2704
43.9717
42.3938
51.2715
4.51527
49.3632
52.1919
51.596
16.9179
26.8475
7.68577
17.1989
53.1347
14.2326
35.946
3.7833
17.8206
29.2413
17.3073
17.9138
11.9505
53.9904
6.69995
1.58921
11.7824
59.5588
32.1837
11.3344
35.4911
18.1485
11.9898
63.6571
8.06974
30.3359
1.6833
17.6001
6.85135
12.3587
1.22211
6.17313
5.59321
2.66588
41.2513
7.66623
18.1205
31.5156
14.2994
1.1501
20.9415
5.72238
5.19449
3.42363
3.05719
12.2156
9.01144
2.84094
60.0438
2.07333
36.2718
8.67192
39.6561
1.10784
18.4625
9.63265
45.4692
3.31111
24.9983
17.4364
12.2313
22.4007
5.42122
1.05241
14.566
3.50114
13.1867
34.071
61.5241
61.634
10.6743
58.8991
38.7178
37.3368
17.4042
45.466
5.56267
51.37
5.74594
45.4127
6.59347
51.0318
37.2732
44.4919
6.75876
13.8531
20.3164
58.9647
7.81739
5.71392
27.6588
9.38199
53.4409
62.6614
1.24275
16.5679
16.474
16.5191
11.8664
9.78912
0.295207
2.06016
12.7048
32.2773
15.1143
39.4921
13.3824
36.7816
12.9973
9.67074
8.92706
15.578
12.1543
12.9031
48.589
34.3525
16.8938
41.8353
4.72681
0.137798
7.3135
19.4105
18.3447
16.1865
44.1287
15.7232
39.1601
51.1983
51.7838
4.84924
6.6739
2.79286
49.8814
55.7303
9.02492
13.2181
18.293
38.6933
20.3802
18.6163
6.136
3.38536
31.8056
8.55348
6.10199
6.22463
24.1864
60.6538
5.45981
19.1457
22.9217
31.0771
2.32657
57.9221
20.642
7.50784
11.4398
40.9485
39.5311
15.7824
6.98165
44.6581
45.9296
35.3279
10.2275
23.5061
14.5749
1.14256
33.6793
2.51018
13.6494
11.6757
1.17769
1.03361
28.236
24.7428
36.2906
1.49121
17.7059
32.121
11.6128
8.38328
5.5011
33.1528
43.3094
57.1065
18.8975
28.6194
7.83435
25.9641
13.8937
15.9164
49.3708
41.1372
21.0563
53.1736
31.1708
51.64
42.9683
17.2266
5.45191
11.1316
14.9965
10.8677
13.0476
0.691295
0.322886
52.188
10.7441
57.9908
39.1542
57.8391
14.2083
19.0494
48.0619
1.06791
0.598983
13.2115
2.58139
6.92526
9.13337
41.5043
16.2665
31.3414
57.1507
49.7865
58.8019
29.6621
30.0273
33.0214
29.4345
13.8132
19.3693
34.6925
36.9537
11.3198
0.722347
21.6753
5.21501
57.87
10.5566
14.3276
1.91377
40.104
9.4015
21.0867
41.4059
1.15943
8.04511
34.6414
31.646
8.45497
51.6505
63.5555
22.4963
10.2718
10.3339
43.2967
4.9288
25.5807
2.88514
41.9954
16.3854
18.8093
14.4232
11.4168
34.4301
13.1034
2.6643
13.4385
56.3574
51.9435
18.3952
14.1426
1.87497
1.43589
47.7176
14.4651
48.456
2.39755
14.6151
36.3624
15.5449
11.7206
31.0776
28.5572
9.44545
52.544
52.2683
12.4387
30.2983
44.7247
15.972
52.7318
53.6472
21.578
9.65567
41.0594
2.04676
34.092
15.2237
17.8203
6.44537
15.2321
34.5552
8.58951
4.71709
1.91146
5.9208
57.8172
59.6375
39.2419
11.9198
31.9451
6.66872
34.6568
9.1722
25.5596
0.719549
44.846
13.6983
12.8593
15.8549
13.9028
48.4853
8.44065
6.41068
9.20212
61.095
2.9691
2.38032
18.1748
25.7049
5.85013
18.8584
2.94137
17.3236
13.4055
39.9094
11.6933
10.576
14.3326
25.0478
6.84315
63.964
26.368
30.9625
39.1087
61.724
14.4477
28.2008
14.7745
14.765
1.90558
6.60528
9.3343
33.4145
1.9996
29.5479
7.96915
10.7051
5.68087
12.6571
30.1116
17.3992
24.6796
14.1772
48.7394
25.0107
2.15816
27.3067
15.0296
18.6072
4.66417
5.53268
25.6202
0.869284
4.43808
21.9438
16.402
12.9395
6.10707
13.9047
27.577
13.7649
6.29149
29.8312
10.8769
12.1908
17.9881
13.3428
9.74206
23.0548
42.0389
15.5407
42.3201
28.6645
0.821238
59.2612
1.08637
8.94913
8.01825
39.6449
16.5189
40.7435
11.9103
11.7871
18.2145
2.2894
6.068
48.3218
18.6183
6.33228
16.8663
39.1178
16.8925
13.0204
15.9865
17.5441
18.8248
13.2901
16.2831
12.1973
36.9589
60.1801
9.56605
28.2886
41.7796
14.9787
35.8291
38.4817
22.8904
3.38103
53.3537
9.75556
14.3902
26.0107
13.8712
3.92641
29.855
5.70872
7.49018
43.864
3.75861
41.198
30.5278
14.3056
9.48948
28.7284
62.623
21.3757
0.542316
42.6432
19.0205
0.331311
50.4004
0.486009
16.1838
27.0328
26.6866
41.6054
12.0525
1.12814
62.9312
1.15012
9.18945
30.1436
15.5949
5.15391
46.7493
33.6846
46.7796
6.8316
17.0621
23.747
21.8852
20.3065
5.51529
18.0735
4.2485
12.3939
48.044
52.2707
1.03792
17.8511
43.5217
16.1355
2.56101
47.5384
18.3669
15.7579
0.539342
3.57858
12.0548
22.0549
28.2647
22.3007
2.23067
8.16172
50.839
0.853645
36.1582
13.5845
18.4814
27.213
5.84077
1.58268
5.25353
63.7781
17.4174
12.3233
60.4961
57.6893
4.98118
2.96716
52.587
19.9702
7.46728
63.0797
0.100988
10.5874
9.56607
36.7121
11.5778
50.9167
40.072
5.6635
31.1429
0.263308
15.9246
57.2747
2.6437
28.8709
27.0627
15.5407
7.32402
9.73357
25.8056
3.84487
25.7653
40.1588
4.83613
9.84648
14.0785
14.1431
8.00421
59.5788
11.2208
15.8342
4.3642
9.79787
9.73128
33.0486
7.00099
0.795193
3.27605
23.1877
54.7701
61.3157
12.3715
36.748
21.6463
11.5966
15.7682
12.4115
18.3414
56.672
17.8323
16.322
19.703
17.2258
63.9861
4.83309
42.0304
20.2698
26.3354
10.0118
5.67183
7.24681
6.93051
16.8867
41.1005
9.94205
1.74716
39.905
18.6544
50.9789
4.14244
12.8082
16.1649
9.47896
15.7675
31.1886
22.2663
3.65708
32.3256
52.3708
56.9662
40.0313
10.4996
10.1789
3.41525
12.5032
28.6426
2.05758
19.8932
11.4287
43.4266
45.605
32.0699
9.97305
17.8705
7.24647
21.5942
35.1939
0.203367
36.7309
31.2926
35.523
16.6724
10.3898
1.14555
9.5566
5.03931
1.62739
26.7026
6.90868
48.4472
19.7742
11.3357
35.2987
6.6953
30.091
38.9834
1.8458
15.0144
16.259
7.40446
61.2411
11.9955
0.208173
37.8407
48.6853
10.5733
12.2306
58.8898
10.8981
13.4616
41.0087
25.8666
25.8391
13.6386
55.891
18.5349
15.6847
45.8569
3.73134
11.9933
25.6123
36.1104
23.6924
56.7158
1.48523
12.3668
13.4048
2.27147
1.21761
15.6223
14.3123
27.1874
10.1886
7.03431
0.191271
8.91786
62.689
0.593053
53.1834
13.7551
15.8516
9.51733
8.61229
13.1358
42.634
31.7708
16.1788
4.88369
2.25805
1.51093
2.74902
16.1783
0.766935
36.4415
39.0234
53.9656
40.4314
42.6575
30.0945
4.2613
3.11749
1.96139
24.502
5.30962
8.36497
53.7389
14.4065
0.659359
3.17184
28.5249
5.33729
45.161
14.8493
18.8109
7.47068
10.3293
6.5717
8.10277
48.0451
45.5307
16.3594
8.30941
3.53949
10.0599
1.24642
3.01101
30.3479
40.9228
53.788
27.6358
23.6086
25.5455
62.8316
13.5139
40.8262
46.0647
16.9203
6.00069
16.5876
31.8501
0.714702
63.1685
45.8745
62.7986
12.8361
34.7262
16.4732
1.69819
8.47588
45.7979
13.8985
24.8412
54.3338
33.9395
12.4547
27.4916
1.74245
42.0985
16.7286
6.15754
17.0522
35.2635
13.6402
36.5959
46.2395
55.6377
61.3565
19.0443
6.16464
3.74821
43.8628
16.528
39.8394
6.69518
33.4924
12.791
9.16629
14.713
10.0738
5.32459
9.6752
5.99352
11.9838
6.79858
13.3983
15.0435
20.5556
18.7386
41.0715
15.2492
32.6985
5.35982
5.87221
55.5099
34.2821
21.7344
25.8515
34.45
55.5493
18.5673
61.768
24.9405
17.3479
8.96969
46.7285
49.7694
8.62537
10.6938
17.6049
12.1948
2.58572
31.9706
18.1567
11.6584
9.62771
3.67036
52.6152
28.1223
17.1883
7.96126
30.1416
0.598315
33.3194
1.78297
17.3788
41.2234
44.0702
7.86711
18.135
18.2134
16.4697
53.0745
3.38353
39.2057
36.9575
55.3475
1.7796
16.1764
5.50609
30.7484
27.2074
12.3226
13.7413
5.42109
56.5755
42.6146
15.0176
12.9642
2.53725
7.52895
32.5544
37.1396
33.2943
4.30411
60.1261
15.4839
48.9841
2.14952
10.9334
5.70927
46.254
2.77934
6.9339
34.3242
41.1367
1.71101
13.3864
51.2354
15.0086
6.37757
14.5669
26.2139
6.5483
0.904389
38.9418
58.7645
34.4716
60.4641
49.019
7.65075
16.2643
56.3238
18.9588
38.1511
2.98609
24.0994
54.0552
46.7873
13.3821
9.07388
18.9498
62.0599
43.8604
1.0014
14.9174
16.8697
6.86766
10.736
18.4101
48.9739
2.19056
15.6619
16.8352
49.4746
58.7885
0.768218
59.8825
0.175873
7.64145
0.511106
32.1328
47.7685
5.44583
30.0265
5.64647
5.24546
18.0324
12.6692
5.0948
18.0534
6.10029
43.6168
5.79974
0.920937
1.27818
52.6261
7.71644
16.3721
11.191
16.042
18.7655
20.0149
25.1326
6.12316
15.9309
11.1677
0.174349
48.9655
17.6104
0.16678
1.51902
25.1256
38.9417
29.3464
41.594
10.8218
18.4727
11.5407
7.77314
33.9928
40.2075
18.1648
18.7934
56.2846
52.7663
25.4589
14.14
52.496
19.0278
17.641
16.0373
18.9477
15.056
21.0357
5.16224
58.0076
26.4013
8.91189
18.9394
14.7421
8.59012
33.7685
18.8065
0.495013
12.3519
0.626977
6.09066
3.23243
7.45021
62.0484
7.98152
30.1305
13.2664
49.0414
13.4237
12.1825
0.398902
6.72061
2.98804
31.2146
47.9716
51.5915
53.072
55.5178
18.5088
8.57081
49.7606
0.942782
1.4384
31.8892
19.1631
47.1941
34.8871
27.6825
4.93219
62.7894
44.9721
2.22626
8.6192
15.0406
0.505549
37.7983
16.9698
15.8495
17.8624
7.01779
4.60261
43.8039
62.1353
17.6578
13.1011
13.0256
12.2894
1.70527
15.2424
53.1682
13.2803
0.105752
13.9575
45.0795
56.9213
20.6255
41.3147
3.61293
28.4878
18.5176
2.69295
16.7787
19.8912
61.6762
45.6836
24.6549
45.2294
24.4477
42.8608
58.6349
10.1737
56.7565
5.42885
32.3806
22.3717
14.2173
47.6522
5.18672
6.53391
37.2735
6.69044
24.5486
16.9497
11.4676
57.5966
11.2763
32.3209
4.04041
17.3736
53.0024
3.3287
34.3094
9.24783
12.0843
10.1651
10.9656
47.6851
20.1604
5.89595
43.8389
4.00628
57.2901
59.4237
12.5422
1.74107
5.7597
2.85451
49.7226
12.2328
9.54322
19.0283
62.1859
17.4848
17.9381
1.10275
21.5783
17.6108
55.0338
1.8481
45.687
47.7145
30.2361
17.3517
24.4825
30.8492
6.46882
58.9428
30.4696
5.66376
9.53234
5.50709
7.40488
11.3726
8.39567
17.7699
18.3814
13.2385
17.8083
17.4489
7.33944
13.4384
0.376529
11.9304
15.3665
49.6259
9.34493
19.7193
30.8934
3.53337
14.7675
41.5833
2.81096
15.9001
20.4043
4.88858
8.10619
49.2172
0.453282
16.8751
33.6217
59.5628
32.467
29.8467
1.44376
9.15595
40.0463
5.01345
11.5137
12.9467
5.8173
1.01076
44.7427
22.235
18.0732
25.8591
12.1416
42.2203
59.2166
1.35292
11.8185
11.799
38.2353
34.0438
35.5384
9.55837
31.0026
11.4095
18.6462
4.00519
7.01773
4.4357
10.5467
14.0566
5.9978
18.1621
36.8984
13.3246
5.28207
1.67437
1.76428
33.2801
9.1159
5.22746
35.5806
1.4776
56.7565
13.2749
3.95296
61.0986
20.2349
8.94705
45.1295
31.052
17.0611
9.68266
18.1126
2.21995
10.7595
42.0269
6.32952
48.035
5.34713
12.097
8.68929
5.3727
19.8802
1.15951
9.21662
13.5982
47.9154
4.94633
57.3498
32.6241
36.6403
50.2451
55.3843
1.2138
13.9303
18.1845
56.6186
49.5334
35.9776
17.0719
0.667573
6.39923
20.1062
47.3744
13.372
20.8055
2.81791
43.6417
3.86672
15.5454
38.8682
45.5065
8.64633
28.7876
7.98085
45.3724
47.3316
12.1195
26.0549
22.8616
16.3346
9.29849
2.26899
6.69306
14.4136
24.8122
13.2043
10.6854
50.6742
8.79672
2.10519
16.3927
6.10555
18.7496
5.45239
33.8932
38.8374
14.749
58.8097
23.5813
44.4821
7.67357
19.1228
4.28268
0.0958837
16.4973
25.6056
45.2523
9.31782
6.03176
15.9961
6.48591
5.84235
1.19424
46.8052
2.35334
7.04543
16.0728
4.78994
0.179699
5.08804
11.9194
19.5153
13.8028
39.8093
60.9149
8.29843
3.82124
32.6952
1.08565
57.8332
5.8595
18.1091
38.2214
57.214
29.4306
25.9694
39.5186
24.9716
32.6272
62.3664
7.64838
26.3419
20.2762
23.9653
25.2831
4.29159
16.2888
0.912726
51.2724
0.808336
6.40488
11.9201
16.6785
2.95457
25.6261
31.9829
9.35453
11.7994
22.6966
16.5846
3.77042
52.6897
2.38176
2.84461
9.88699
18.5512
34.7798
0.917048
1.08017
12.8918
4.80761
41.5179
3.97201
0.224721
53.2981
58.2078
51.0815
14.595
11.0015
30.8276
5.68676
9.01863
45.0546
39.4834
7.35866
48.2036
1.42827
20.1388
53.2778
4.60921
16.2299
42.0274
15.0024
18.3079
44.0552
16.0748
17.1641
23.2275
26.2432
11.675
6.87716
11.3956
22.7603
61.5308
6.28339
39.166
4.15591
17.7385
11.7845
33.7299
2.19774
53.2522
16.8506
30.9753
14.2393
59.1307
18.4461
18.9214
15.76
31.0701
6.14154
9.13355
36.522
31.7363
9.88521
9.80618
45.9148
1.83645
3.9487
0.446618
5.8102
10.6836
1.24762
48.0347
29.7795
3.99507
8.72869
43.9899
8.93437
5.08926
5.80812
3.60666
1.25239
32.8391
3.6426
12.864
10.4056
1.02506
6.22404
12.4678
44.8134
9.8488
2.49407
63.9027
14.5823
13.5778
1.03719
61.6266
12.347
45.6792
5.78789
45.9025
7.88076
1.16522
15.9692
36.3366
0.893739
16.5207
3.33766
34.6183
17.9406
14.1415
4.81575
9.04105
30.1646
17.321
31.2851
48.7572
6.45606
18.9861
10.3991
35.3625
30.3335
62.6741
47.6783
9.50145
2.12515
6.50846
34.5217
14.0793
10.1016
34.1598
7.87455
32.1886
13.4071
26.413
54.7956
9.12955
57.6477
3.52091
33.3046
24.5382
9.32534
0.359292
8.29536
6.42289
18.97
13.0608
11.5478
10.2035
12.9061
18.3751
13.6123
50.4319
51.0895
49.8357
2.13688
7.04604
3.20716
32.955
17.6506
2.83474
20.4963
0.667874
39.9795
15.6097
12.2746
3.49744
17.5065
6.07956
6.0624
43.5941
55.7105
58.4607
11.834
60.5692
31.4836
18.5054
3.93466
28.3917
17.8615
1.31642
26.9613
10.6466
23.719
52.0004
55.2051
3.25418
38.5736
5.16567
1.55494
0.717503
52.2251
18.98
25.7423
12.7251
0.911033
13.3143
59.3501
48.354
5.18987
5.31804
39.3519
26.5639
62.1971
26.0274
6.43867
25.0955
10.2915
10.2752
11.0723
5.90411
52.8029
55.5086
38.2584
2.90951
8.2404
0.245394
4.3784
58.3616
4.62728
44.7435
4.34472
7.38673
15.9826
8.87237
17.6182
6.0026
7.0361
7.45363
3.14976
6.22462
10.7998
10.8351
13.4667
3.53207
6.64579
16.2417
14.5414
61.751
17.6013
1.9813
10.6454
23.7906
34.7212
12.8519
14.6173
46.7455
59.7504
27.0199
63.2825
11.316
7.88375
12.9568
6.09796
56.2159
31.4549
14.8134
5.83064
20.6027
47.9633
13.7239
16.7621
48.1711
13.3454
12.4246
63.3711
63.8259
9.00097
14.2762
17.9582
10.9634
57.8275
34.2084
24.6811
16.8701
58.0492
28.7787
1.58489
43.2938
50.6752
56.8885
0.93031
9.93078
16.8949
16.3274
37.5625
5.15665
17.3039
19.1495
17.2347
13.9986
52.2695
3.68905
24.8547
0.0165067
52.7559
26.7208
57.3717
25.9872
16.8825
16.6144
13.5127
26.7278
9.71738
63.0759
26.4892
52.5247
14.2805
19.0138
29.6606
25.2424
46.0761
41.8552
46.889
19.5268
7.18564
17.1778
58.8815
16.728
13.8813
9.55431
47.68
13.256
62.6812
17.6974
5.50142
19.9876
50.5182
13.213
13.6752
1.9302
13.3278
59.5767
34.7719
8.25126
26.0225
7.71721
17.5259
13.4277
17.1274
33.6865
6.51397
16.4397
6.49494
57.4994
29.66
48.1203
12.0517
35.6009
3.82437
14.3229
2.6009
32.6747
42.0052
13.8751
10.8622
59.6651
53.3352
42.9898
45.8177
46.8098
14.8075
22.6491
17.8477
2.90286
23.596
61.1563
9.37425
0.384613
32.7496
5.06828
5.31219
30.0199
63.7151
40.345
2.13637
16.9862
18.4231
53.6848
14.9136
6.40198
8.21374
46.2901
33.3234
2.47651
11.7366
10.0926
1.03585
26.7472
46.3195
4.50934
19.6744
42.1395
58.1397
62.2435
33.0616
55.5333
9.38528
42.5489
36.7929
29.7998
25.1118
49.0295
31.2296
18.9887
19.7406
16.5644
18.0496
13.7004
13.4452
17.7638
46.5124
53.3732
39.3392
24.2154
34.9702
19.0962
14.9689
19.3378
28.0436
1.1383
40.668
49.0913
17.9533
10.0073
4.72231
28.7827
8.18769
4.2499
16.078
58.418
22.3653
13.965
13.7329
28.8584
44.7857
1.44971
14.4605
15.7619
25.1093
61.3074
62.1346
3.25168
8.32716
0.108129
43.1521
17.9518
10.9856
19.708
18.5989
15.9284
3.06079
1.30816
46.6143
26.9866
48.4283
50.4246
41.3303
11.679
4.76768
8.59315
1.1883
18.2096
37.6962
3.96153
11.3182
9.93014
26.1584
15.4513
56.618
11.6777
9.94495
33.7645
20.7923
4.28387
42.908
3.33287
13.574
16.8077
10.3491
12.2386
24.9019
7.23714
6.30239
22.0001
16.5127
1.8606
14.2814
6.7423
19.6707
3.73824
63.2487
22.5288
7.86622
1.60333
8.37282
47.1649
10.7312
53.3245
56.1335
47.7344
53.5952
16.8241
13.1659
39.8878
13.0824
62.7682
16.5485
8.29076
11.6884
60.8346
6.57997
14.2013
13.1723
36.1204
12.0978
2.43086
14.9492
11.2571
2.05261
30.5211
47.647
18.3507
3.66911
2.47819
50.0803
45.2544
15.6016
2.71744
14.8178
11.1244
52.144
16.4169
50.8988
13.6529
28.3248
3.81105
38.9227
33.3616
11.0046
6.10548
47.1979
1.17501
46.6963
1.45779
6.44217
18.8053
9.89502
13.712
17.2339
61.4042
13.6812
16.4499
15.6259
16.8096
41.1772
39.168
16.8519
16.4569
39.7718
11.9646
57.8092
9.40774
14.6963
13.099
12.1869
29.2354
6.69509
21.1097
14.136
6.86089
16.5004
54.5098
28.976
0.0963413
62.0143
5.56988
8.91651
4.94547
5.36011
33.2064
61.9167
13.5728
27.2486
52.9982
50.3957
15.9832
29.2112
10.1648
3.72549
49.9387
55.4222
42.8701
19.1719
30.4078
39.7044
48.0305
8.62774
12.7085
2.83194
2.17218
11.8896
43.2298
8.1504
55.4899
63.561
13.3255
14.417
21.5612
43.0634
15.8135
19.2982
15.5017
10.6838
3.38085
28.3984
54.3307
62.3352
16.5907
38.2663
10.8385
13.2497
43.1271
9.64501
8.47684
17.0205
52.0769
48.1418
57.5152
56.4009
3.33916
3.52414
5.15707
10.376
34.6704
11.7398
15.1687
53.5824
28.5641
18.1699
16.3266
15.9176
6.28421
13.2851
5.77645
22.52
9.23132
0.305287
46.7705
30.2096
11.5288
32.3406
9.92324
63.9939
14.6213
11.0516
4.69883
18.7387
45.7098
18.0192
0.0180109
55.6631
0.642294
3.54413
15.9899
1.61046
3.80999
25.3008
41.0807
1.2918
11.1653
1.85937
11.8002
10.1052
49.3423
12.9364
56.2969
45.3226
0.487201
5.93717
4.5688
14.6726
16.8776
14.262
20.8262
22.2471
8.82322
11.2466
34.3406
6.00126
17.7342
14.0866
11.6266
51.3595
32.1396
40.4296
2.63666
5.94721
11.5883
45.1054
2.77088
11.3432
41.2417
54.6147
33.7625
45.5058
43.5441
57.1506
17.7097
56.3979
41.2912
15.9254
15.4047
30.2254
16.6824
8.8921
10.4487
1.94491
7.7307
42.1311
12.582
18.854
17.967
25.3062
10.6349
17.3087
13.9771
10.1845
7.78384
49.9008
32.3606
40.8591
5.94702
4.5557
0.648264
44.487
15.5658
8.85124
51.0794
55.8754
59.2144
1.68089
36.7674
4.95747
7.71062
61.4183
6.62167
14.7688
8.28333
0.169289
2.41076
8.67505
54.4195
54.4519
41.9258
7.64716
13.6956
32.5581
32.7671
8.22605
10.3135
10.5123
29.3187
63.8036
32.5086
15.4898
4.82613
4.17703
3.92556
0.694417
61.1125
19.3176
28.8542
2.79572
19.7917
14.2256
19.0172
39.2076
15.4484
12.4502
43.713
7.09177
41.6959
20.8813
15.0711
39.3229
11.2043
9.83328
12.8031
17.1283
40.8826
61.8567
50.8656
20.0805
14.2157
14.9452
0.477061
22.7811
54.0046
30.9498
10.533
8.40924
31.205
14.248
57.8083
3.31558
14.3312
18.6028
59.1087
11.2122
29.4655
17.4773
7.28763
23.4878
54.9837
16.1151
37.0259
0.254077
16.7864
58.598
24.6054
7.41283
40.9515
10.4466
24.4125
63.7277
54.8185
45.5995
12.4553
10.2953
8.16322
4.2914
12.8885
60.7457
7.07961
3.91
14.3737
7.07728
4.96891
14.3809
8.0274
1.07245
18.2176
15.8692
6.27472
26.0394
26.6351
63.9407
5.89938
59.5183
43.4945
30.3908
10.5486
14.9306
13.5099
50.7865
16.8914
4.04568
13.2804
40.1944
48.5412
0.730883
5.73922
7.86519
19.0337
36.4564
42.2039
35.3441
49.9549
14.6325
62.9879
18.0282
58.1749
58.5602
3.61588
30.1635
10.7474
12.8548
19.1922
13.0663
43.7043
38.6858
3.00475
25.203
4.35901
14.1004
16.0715
48.9551
58.9512
28.0253
18.7227
15.265
19.1265
0.00347471
10.1008
54.7409
11.1589
11.0248
59.5548
16.6916
16.7126
16.1967
1.22873
11.4326
16.5657
23.3137
45.14
13.3963
14.5695
6.46634
47.0331
15.0445
18.8432
19.8644
60.9548
9.87587
30.0242
53.6782
15.2103
7.43602
47.4852
7.34463
7.6202
47.9145
2.97001
5.68738
7.25853
5.46272
18.4347
28.6239
18.8294
10.2539
6.22963
30.7414
51.3171
12.3028
15.1625
55.5951
7.0264
22.5865
27.8225
10.3445
8.20197
19.0209
59.3947
12.6232
5.08595
56.1704
15.7492
3.70806
41.4257
32.559
36.4153
63.1318
17.7385
47.327
17.5992
51.0452
30.3632
46.903
1.2039
29.22
2.07593
5.28806
34.7244
17.14
11.1657
23.376
3.75946
2.71476
4.56609
5.55755
47.7723
48.9453
18.8477
22.2299
18.5175
5.07478
4.93703
18.8324
13.0422
12.0124
9.37917
56.1771
55.5738
9.25399
17.6681
42.8771
59.2794
50.5618
23.9131
10.5541
15.7704
7.6994
10.2715
1.97776
58.0324
7.28574
20.475
14.7581
3.9109
25.6837
7.24473
5.74259
33.3619
6.02025
8.54077
31.6043
6.13072
5.88104
3.71446
27.1527
6.65123
14.1963
6.17797
42.8882
7.24707
2.49596
0.040916
8.54419
48.5256
57.2251
40.8892
16.0376
7.81001
12.5359
39.1009
13.4775
9.18735
0.477179
6.08631
42.0217
14.1246
7.93841
5.07408
13.8532
32.3922
2.38664
52.6952
22.9143
17.0767
0.167273
60.4627
16.9786
8.18417
8.48024
47.3466
17.6073
0.673808
6.38119
6.72521
9.41531
35.9883
49.1417
15.2465
10.5207
30.2676
15.0795
6.82686
9.48698
10.1603
6.2388
16.0048
48.6171
1.91461
19.0445
36.766
23.0737
5.54934
12.2418
6.81671
52.1899
43.1743
1.72144
6.26437
27.5178
2.17558
60.2804
12.8633
32.8149
30.0343
13.0029
16.6661
47.6907
0.87447
34.7525
4.7182
36.2653
48.0616
0.386977
17.2645
9.95428
2.72173
17.8923
10.0521
18.2445
9.2561
16.0228
37.8867
10.1585
3.57218
51.6548
17.5723
27.2893
1.20355
4.56526
3.02033
31.3211
19.7525
25.7955
12.4424
57.908
44.7234
63.4628
3.69708
5.82205
39.3043
6.96411
33.1891
7.32921
2.21204
0.680631
11.7709
34.7428
12.6617
32.1602
28.4489
25.0232
11.1356
0.397717
10.573
13.2786
24.2547
27.111
10.676
62.4256
17.7085
7.95974
22.4296
60.2068
14.4453
12.3239
18.4355
18.7635
46.8429
42.3393
13.3779
27.7188
37.8671
31.164
17.9538
47.3388
12.8448
5.48289
19.4976
25.7031
1.82198
24.4052
21.9455
2.07881
17.114
49.8239
38.3378
8.45363
45.5592
5.52314
4.50508
16.1895
10.1596
23.1591
18.3964
0.482447
21.7069
1.66815
24.8468
11.3191
5.53578
19.1095
56.4819
18.8087
4.63314
45.9504
14.1288
12.2256
12.1228
0.994332
14.8437
15.7821
15.5659
35.2152
18.4946
38.7479
16.8103
3.20333
56.5651
11.4786
4.5879
16.3579
60.0626
31.64
11.2746
18.1789
6.36867
7.48898
50.9636
41.5066
57.2569
9.0582
6.29942
8.76893
17.1355
32.8926
26.6376
10.1157
15.4693
16.8827
7.50959
29.448
4.44005
39.5178
5.74444
23.9243
9.81944
17.5336
39.2898
35.3877
26.881
63.4328
7.63944
47.9719
5.8805
23.487
8.08753
40.1891
5.24166
51.7764
14.7609
14.494
10.9332
25.552
11.7185
10.9013
9.46353
53.3549
9.02832
40.0844
27.4825
45.8578
18.7814
15.0385
45.4017
10.3025
39.2723
9.45903
31.4487
12.9215
13.2967
18.7391
39.8077
32.2553
14.1217
19.2202
13.8022
24.5155
15.1816
49.9132
21.5113
39.964
9.26858
1.6418
56.6063
3.73683
26.4664
11.5502
50.2059
26.3392
11.8949
10.9136
11.4947
10.9011
54.6719
3.1035
51.0819
28.0249
17.5238
42.8509
28.9672
50.3246
61.3672
55.7268
30.612
10.8808
19.3842
6.03622
8.14769
39.3237
14.752
15.0712
15.488
7.4853
11.6618
61.7066
14.2086
13.2667
16.507
37.7451
14.0407
8.78837
14.8102
6.50011
55.4689
17.0762
55.0475
35.2154
8.01934
4.11488
6.26077
15.8054
9.61415
18.0134
27.9696
2.23702
46.3826
60.2581
51.0802
1.31981
8.40396
12.3085
29.7021
34.4629
2.76714
61.563
45.0341
0.17574
18.9212
9.72584
14.373
17.8052
10.6489
46.5621
13.9447
29.5536
15.6402
56.0557
6.10969
16.9558
6.58413
53.9815
9.85593
37.1382
8.03614
1.94477
19.9429
40.6913
40.1625
53.9274
1.20365
52.7474
17.4662
18.9162
18.7461
63.9668
37.3535
39.2891
29.0549
17.443
18.0943
55.5899
30.8509
16.4208
57.5148
48.5835
5.46625
4.52962
55.1022
12.9528
40.7151
58.5946
20.498
56.3464
60.5852
52.5647
4.8581
13.4271
4.87788
19.6632
54.9908
17.3973
9.03959
27.57
18.6379
11.0372
2.16874
11.1598
60.6385
10.0565
2.53516
5.964
56.5761
1.32144
23.9567
3.49046
10.0962
9.94683
37.3042
61.5233
7.3325
32.8232
11.4035
38.867
6.19456
6.89062
17.9974
15.0059
55.1742
29.6363
5.21047
4.42086
17.9512
4.45468
7.33584
5.6335
1.35362
47.8363
16.4842
45.7409
18.5586
2.25605
2.09251
7.00827
18.7341
17.1519
55.4271
39.1938
22.6656
27.0257
54.3762
55.2038
63.9966
44.8515
13.7061
50.0589
8.38253
6.93064
7.25458
54.455
31.7463
0.833897
10.3873
53.3876
18.352
48.5909
9.72026
17.8184
39.8301
51.2183
23.7632
46.9728
9.12134
56.5804
16.7175
10.3655
14.1674
54.5957
45.5216
10.1915
10.6072
16.7687
28.2916
49.3928
63.6439
21.4723
9.07926
4.46503
13.2584
4.68284
29.8393
10.3279
52.116
43.7256
14.8954
45.0658
7.06253
25.9785
0.546057
60.592
13.172
50.1854
31.6689
12.5799
12.728
4.59865
13.0216
13.5603
9.66171
1.03318
2.40315
47.3887
3.4657
11.4956
15.8735
13.2307
6.30786
30.0154
1.1271
16.5311
23.1679
6.6243
3.2474
21.7461
6.33273
3.90772
5.31131
30.0904
9.11746
4.6503
10.0805
25.8299
49.709
10.9919
40.2022
18.9455
17.1811
6.41842
2.46778
15.7999
15.0482
4.52624
16.7312
28.2232
16.905
17.1355
7.57295
16.3122
8.98443
63.8878
12.5985
5.66452
39.7916
0.398661
5.19602
4.01737
4.23545
36.4507
6.19121
10.2166
6.15607
48.4166
17.0482
6.73084
38.2167
36.7092
43.2075
31.9432
25.0774
11.9536
51.6684
51.604
54.6322
10.2551
15.8518
51.3517
60.5272
49.0073
7.25033
16.6845
40.3096
6.42345
38.9648
5.2944
28.1317
2.38638
2.51807
3.62378
42.0632
43.1135
5.27921
1.13488
60.5805
47.2547
12.6823
29.3511
0.219132
31.0828
8.50625
7.30883
58.906
10.0203
0.680232
6.69871
1.54618
23.2602
10.3809
24.6981
18.2065
18.6247
12.6245
12.8157
3.91382
21.5486
17.1035
12.5167
16.5006
4.10807
10.47
13.0665
0.856986
18.904
14.7517
52.2593
45.9029
16.6101
4.52959
18.8923
18.3463
19.3758
29.5212
56.4064
9.93815
28.3259
16.1554
53.2071
13.2756
59.0972
13.2544
1.73012
5.85391
10.8747
18.0108
53.5188
50.997
10.8132
46.9697
16.8054
8.37964
43.1048
32.6461
60.0328
15.4647
28.696
16.0885
2.8006
14.614
17.146
29.1426
3.70885
53.9713
26.0431
59.1801
23.6628
7.52225
35.6236
8.07095
17.8219
12.9852
6.20625
32.7209
57.5292
52.2902
13.0299
7.30388
44.7134
10.3337
9.06145
55.0002
5.91074
2.46643
14.0883
6.18137
1.80491
17.0054
2.51213
24.5766
38.6876
5.44492
35.745
5.73324
6.19932
1.2972
8.88976
36.4769
4.14812
54.6562
10.4184
63.9645
6.51075
29.7371
6.74358
29.6377
18.0505
14.9853
22.7044
1.71099
11.2854
52.4379
0.567585
2.01639
16.1092
15.5989
32.1499
16.1158
42.921
31.9379
35.9506
8.17065
55.9054
55.1576
14.5991
19.9826
59.1231
50.2281
17.6455
12.7882
21.4985
1.65815
3.77195
33.4265
54.0065
6.2845
17.7004
9.64693
0.414636
47.9646
1.82851
33.6746
23.0668
0.232241
10.2132
8.40052
6.29755
7.55758
54.5541
16.1241
5.66158
14.0355
2.4826
60.3927
7.3671
13.2991
10.0909
18.5219
16.692
46.5601
18.0472
18.0184
12.1222
11.9088
2.60425
48.2077
21.5917
6.85871
13.798
5.01601
10.321
18.9479
11.1922
8.82521
49.7449
1.31117
12.9215
1.25278
17.4796
5.00913
17.2552
53.2582
16.5231
2.13095
16.437
9.01748
28.1654
2.5551
22.633
14.6257
18.1574
50.1522
35.7073
31.2368
42.0296
15.6099
1.26511
25.4436
16.7833
63.2128
9.08146
19.1146
4.72783
34.847
41.9508
9.51681
18.3499
0.373435
39.3022
56.958
63.4457
11.9946
34.2807
29.331
20.7124
6.44536
2.05095
9.33629
52.6505
60.4253
38.2855
17.9971
8.43919
36.7293
35.5018
19.1635
1.40486
10.3295
40.4054
63.5315
1.64091
14.1565
43.9299
60.8259
31.9546
22.3083
13.5581
2.21883
33.3449
62.9121
53.9267
1.37906
5.51226
3.18103
21.5033
55.6583
14.242
48.4599
8.75423
32.7001
3.52208
12.14
28.6171
61.6596
25.7701
54.5719
46.6058
15.5126
27.7943
12.7546
6.35055
12.9554
5.66172
10.4453
44.8845
33.1522
12.0871
27.715
10.1906
60.5319
5.23731
17.7782
6.69053
45.4231
9.7127
23.6976
11.3281
18.3495
13.7006
3.26341
1.03941
18.9567
4.4916
7.23026
38.0631
10.7978
21.5696
52.2086
28.4921
9.85478
2.50404
11.4431
12.3889
16.573
2.19843
25.0172
13.6556
10.489
60.3339
17.8663
37.4493
28.7758
17.4203
4.38523
32.2447
59.8749
48.0637
32.3122
8.0204
6.22505
40.5796
49.4985
9.33957
16.7634
9.5742
58.9847
9.17575
51.911
13.3834
21.8596
52.323
13.2297
46.0787
60.9284
10.4198
54.178
9.75282
24.3867
0.35717
6.04031
18.1818
28.1512
5.69028
0.503944
12.4283
56.6314
19.3279
3.32307
46.8399
63.0572
13.9626
28.9025
1.87864
5.36366
50.6105
9.21717
52.817
15.4869
1.79298
7.817
14.0971
62.4378
41.8023
4.42868
44.6468
35.5479
10.5587
7.7204
16.5784
37.1495
14.6542
15.4309
3.80355
24.0875
9.82936
59.1429
3.94042
52.8671
55.385
34.8598
1.98054
8.35796
1.32589
3.5497
49.4478
9.60287
26.8046
0.151291
11.0488
55.8224
25.0235
19.6275
19.435
15.6489
19.1107
2.50221
29.2264
7.16258
0.083039
55.4675
27.8102
61.5821
1.67217
11.4618
31.4099
7.71031
17.5398
40.1711
36.1744
10.4765
11.8827
40.7569
54.084
8.38522
31.2951
1.20628
0.761692
11.3461
32.9445
7.85318
15.4128
56.0649
11.5384
9.87187
25.9392
5.27615
5.18237
41.2487
10.8826
53.0931
47.9424
18.567
3.37977
3.29387
8.54136
5.69457
1.5339
11.9617
53.7088
58.6658
13.9391
6.81093
34.1473
10.7625
40.8679
4.53507
4.25408
11.9135
32.5279
1.52865
17.7301
2.70435
6.90251
18.7779
24.1888
14.1506
11.9336
3.67942
13.0558
50.2556
10.1332
48.4942
51.5058
14.8551
17.8305
7.02291
8.469
56.4321
9.70344
15.6821
3.44623
4.09986
4.56001
26.479
46.6284
0.569609
37.8596
7.4317
18.068
16.8015
7.42036
51.9975
56.2453
18.3349
1.75765
11.9766
17.8257
18.8551
63.9395
5.28333
12.5706
0.330399
3.75709
36.9573
1.0448
17.3746
2.2196
13.7113
17.3786
17.8256
21.1747
36.301
10.5146
50.2465
14.9766
12.1085
43.0026
51.022
3.0386
17.4739
61.7794
8.40207
45.7942
48.6693
53.6015
6.80568
3.69494
7.13047
9.8169
21.0932
15.0592
63.0099
43.2787
17.0519
5.15101
46.2598
17.22
4.40613
16.3952
15.9507
10.9999
25.6172
19.6277
36.4836
1.79784
59.1333
6.14899
41.3321
10.0256
60.19
18.3776
56.8308
50.1243
32.1441
3.5463
5.97609
9.50743
3.27316
22.0678
25.5673
55.1745
6.83372
7.70224
5.68582
14.809
2.69242
9.88216
5.11933
44.156
12.8333
15.5995
28.3933
31.6295
3.27967
26.7438
2.87204
10.1897
0.716965
1.80637
37.553
34.831
21.8465
53.5221
6.87724
48.4073
16.3811
51.0378
26.516
1.43417
62.3178
9.03315
30.8713
31.707
63.8697
8.33073
26.7701
3.11559
0.9617
5.56163
24.2971
31.1294
50.3723
17.2668
30.1801
60.2816
13.2166
17.3216
2.26402
16.8959
24.3443
15.9126
0.696033
22.1064
8.86906
2.99173
38.4822
14.6238
17.3719
3.7365
4.07855
21.0169
17.7222
60.5006
8.49022
8.32617
18.5327
14.0403
39.8081
2.40127
23.9693
13.7491
12.1339
21.5338
3.2788
2.53686
47.5278
26.0018
38.2992
32.6326
16.1338
45.3432
31.1436
0.991315
13.1868
5.88895
3.22478
32.1413
44.2485
51.8833
14.5906
17.3973
60.4127
50.0268
51.8809
16.7997
51.7464
7.78347
46.0304
15.3829
15.5099
56.8858
0.86964
8.20712
14.7328
6.72422
9.48451
48.7186
5.29887
57.7916
12.7274
38.8738
6.23451
3.90807
60.7444
5.08302
2.89101
44.0649
14.5384
17.5698
43.6375
57.4755
3.30033
47.4603
1.85807
47.2373
14.0615
4.94685
7.70792
0.930485
16.8437
21.0083
9.94356
4.74098
16.7421
5.80289
1.49949
42.324
16.8655
63.4159
39.6648
5.11602
5.54563
12.3531
8.63694
12.1858
0.846371
23.8012
47.7469
33.701
9.58957
18.5891
46.5789
33.7215
59.4982
39.4221
18.8802
60.1678
3.55177
17.1396
42.0225
51.1396
46.1904
6.46768
11.561
3.26158
1.94068
51.768
42.87
21.1515
48.9194
0.192635
60.3682
3.4008
8.10465
5.37232
9.17104
10.3508
34.7055
47.2783
50.3452
46.3222
9.87427
35.1158
13.0183
11.4716
34.7284
19.0935
31.6086
13.3905
17.1115
27.2851
6.18371
44.7013
17.4345
25.9472
52.8414
17.7448
3.47323
23.3318
8.33264
6.51929
32.3304
49.3931
9.90203
48.0751
54.0261
36.4153
12.8144
4.37248
52.8899
24.1025
12.1007
45.8751
3.05649
44.1411
12.8617
26.378
3.33377
6.09895
0.627539
13.995
9.04987
9.28756
36.944
43.5898
9.75165
16.7085
26.3478
17.1853
27.5449
22.1027
9.81288
44.7365
17.4989
6.26131
51.1959
11.534
51.7917
33.586
61.5323
10.4424
3.63059
2.5684
17.3658
17.9902
11.0849
42.172
1.88522
0.759029
9.33283
14.8574
3.69703
57.8893
30.8054
7.63752
18.8022
7.49958
15.7261
6.57228
53.4596
17.9568
34.4345
13.9942
18.5894
4.04519
27.9054
22.8324
12.9035
36.3504
49.3847
39.6954
45.8705
11.6921
4.59449
41.5716
9.16528
12.3981
30.2811
21.5045
40.1563
61.0387
60.0777
16.0822
13.4007
4.57151
56.9331
8.39844
2.14026
3.4487
13.1973
18.8225
40.2211
11.6724
53.0584
14.3616
17.1638
9.16699
18.2144
5.90801
10.0483
56.6563
39.25
5.61039
38.2056
7.01477
9.52524
9.83062
13.1957
9.31427
12.4364
34.7701
7.25818
32.8766
9.05219
17.9079
13.5845
12.1499
18.6282
21.3073
14.125
4.65416
44.7803
44.1838
2.86857
12.93
62.0798
13.7768
17.141
13.8785
49.6957
11.3603
3.48362
14.6182
0.399917
6.06373
57.0994
9.72216
2.79702
15.6572
16.7895
17.2311
7.94758
56.3615
18.858
31.3581
5.15915
0.922981
6.761
33.0649
36.1386
57.3805
7.36708
2.31594
15.1775
6.42021
9.39519
13.3445
18.3554
2.36315
44.7964
1.71043
12.7173
39.8295
44.7591
14.5379
16.8799
26.6516
35.5847
62.9141
61.5174
0.425525
12.6862
33.4083
39.8699
3.33649
62.4236
2.43717
33.0609
11.1079
8.05889
13.9756
52.5888
36.5529
10.9309
41.6646
6.16879
2.71294
16.7284
32.6196
34.2133
3.92361
26.1613
12.0104
1.43367
4.94162
56.7258
8.8777
57.9297
41.5465
28.3496
2.17669
4.77812
23.6054
48.0517
12.9945
33.7091
13.5752
8.2077
16.9084
45.1037
43.8727
7.72403
18.4106
6.10932
0.0903814
12.854
12.2098
5.79019
4.01885
11.0304
25.3996
54.018
27.7917
44.5724
11.1751
10.3907
6.7014
20.0976
16.7315
18.1241
33.1652
30.5715
30.5366
6.89778
40.4481
40.2224
31.9874
16.9482
14.1935
42.0032
9.41112
0.724571
46.0912
52.1572
16.8179
9.7095
14.6001
8.45186
1.317
16.8117
6.50385
5.49435
4.571
23.0254
50.1737
1.6397
7.42451
10.0495
4.034
4.90465
15.4676
31.4748
8.68062
41.0953
17.2976
9.95331
40.8205
10.0143
1.23375
61.5256
44.6377
40.0964
52.3826
1.08378
23.6441
1.08724
7.99262
1.68748
49.8623
12.4452
10.4538
63.9734
7.47652
18.5914
6.88396
5.66763
50.2775
34.1337
59.497
6.86737
10.9213
49.3286
52.5156
0.19934
16.9813
27.8075
24.5899
59.7177
12.1968
30.018
1.88505
12.5948
17.551
17.2792
56.4023
6.47141
5.64544
13.8921
38.826
11.9263
15.8344
13.455
2.42493
9.29268
7.21301
36.9784
14.625
47.8855
16.4484
9.17741
29.5713
0.111674
48.6892
10.9169
14.6993
18.9688
59.0467
15.4132
15.3028
1.78644
8.6035
30.2347
38.3457
62.5454
58.752
28.8804
16.3587
16.6839
30.1373
62.9874
54.6547
8.49623
5.49639
19.1114
52.756
43.9828
4.54823
25.2687
51.3166
37.4718
25.6282
20.2435
4.17644
2.59786
1.86225
12.9422
39.465
28.9165
44.2556
17.7627
4.87262
41.5136
51.715
25.2241
11.6704
14.8304
15.6815
5.411
4.12151
36.557
2.43871
18.7672
51.1697
55.8001
3.78449
3.28206
55.7464
11.498
16.6577
44.8516
54.9941
2.72465
8.50088
19.6748
49.7398
35.5925
24.272
28.8888
22.0426
8.88708
6.49516
23.7945
18.1968
16.3194
30.2548
14.5563
12.1591
63.4843
50.8706
12.9596
52.4353
1.928
21.6902
16.5216
4.3365
10.447
9.04492
10.0845
4.77879
4.13458
2.24465
45.3442
1.58051
9.3881
28.9381
3.04273
55.8548
5.10754
0.93572
62.5481
51.4887
4.19467
35.9708
5.01021
1.47988
1.83948
2.70542
15.1013
16.3925
2.83892
17.3211
0.990813
6.47462
2.48804
27.1853
12.9992
34.2322
16.27
4.8971
4.12263
48.046
18.9362
1.08614
54.4533
14.5548
26.9365
59.8138
12.1754
9.07083
0.949072
61.4954
5.19454
2.52987
10.0981
17.7694
7.84157
9.77978
27.455
18.3811
13.2669
5.71471
13.5188
4.56376
36.4064
9.85904
53.1619
12.5206
0.139464
14.2018
2.74173
4.44283
6.32976
13.0842
6.37599
46.7689
43.7203
28.4236
11.3451
50.8316
6.82946
1.81374
17.8012
14.8419
19.0212
56.6517
17.2978
62.8994
20.0937
21.4199
15.7569
18.4135
48.7178
7.28727
18.0243
6.81582
19.0821
34.6039
17.9805
6.14247
2.32683
27.224
58.8141
5.26868
11.7176
20.9202
49.6701
13.9959
9.10015
11.227
2.61987
7.94549
1.88648
3.5462
26.299
2.76286
55.9599
8.49836
0.834514
21.3736
5.91935
13.8156
7.05696
43.0284
40.5464
13.04
22.5217
4.73303
44.9726
18.6752
2.61412
13.6164
14.8507
24.8665
8.00319
33.8536
5.60259
56.4548
0.0794497
21.1686
2.84431
12.188
27.4811
41.2951
6.93399
2.36544
8.87366
63.2663
11.3701
4.53727
1.28042
10.6905
57.1559
17.1291
30.8582
6.71172
15.8402
7.05249
10.4534
43.6412
5.3874
42.8936
13.2468
19.1152
6.93869
29.1165
12.9598
16.2951
16.1813
0.0997863
17.3435
8.66167
15.8677
4.73505
24.7673
16.508
27.8898
3.44796
18.3008
63.6981
17.7503
1.70791
54.6664
14.2924
26.2891
14.2489
2.83701
49.9298
0.422092
18.8917
3.47988
1.56005
8.1511
18.865
18.8995
26.9744
63.4417
54.1285
17.4947
62.4102
38.6245
5.9367
4.83828
4.99938
16.8982
53.3228
29.9807
10.3571
6.0729
18.0863
5.54228
63.0564
15.0994
11.4955
8.96372
18.6219
2.17474
11.9702
4.39213
12.2963
4.00917
29.7482
16.0706
34.82
31.1657
29.52
1.5975
39.5562
3.00461
2.6709
11.5064
1.94747
55.8451
17.0307
38.5249
8.03845
44.0384
18.1749
10.4121
53.1514
6.8832
7.06824
5.84372
1.63072
63.6799
1.09558
12.4131
3.02608
8.7305
59.1314
6.90491
12.7914
13.7921
3.45268
51.3879
5.25972
1.56288
2.77003
5.63443
59.7671
15.6891
12.0172
51.7208
56.7114
16.2943
39.5656
11.7892
18.2218
13.5002
61.9185
5.41851
1.45359
18.1915
44.3167
42.7988
7.27329
6.54801
17.9724
2.34673
43.3423
15.6221
19.5746
17.9795
62.1431
6.60521
4.58112
10.4372
63.861
35.8183
59.3182
13.6701
11.9666
13.6274
5.91563
40.9273
55.546
39.3937
31.5202
15.7859
20.2624
15.9574
14.0347
4.77377
22.8866
16.8925
63.9876
18.9551
15.9199
1.50067
14.6516
7.34328
12.1495
35.5123
18.7314
3.71418
25.1644
57.6351
57.9935
16.715
59.083
31.2989
9.34079
34.8296
29.4468
8.95295
8.07993
9.45615
29.8664
27.8894
52.6022
6.79943
13.4249
0.883005
6.25248
24.3506
55.2369
56.5971
0.915548
17.457
17.4265
49.0115
0.321572
34.8692
55.8436
5.65949
26.066
37.0318
16.1707
8.91726
48.2591
46.5881
8.55537
20.4945
10.0057
18.5184
7.55569
52.8886
4.41449
32.6129
1.33843
17.2361
17.7948
0.677428
0.697194
0.582991
3.33558
17.6178
29.2968
41.4614
62.9495
16.9812
15.3838
12.6006
21.5093
14.8827
2.81244
19.1383
21.8804
15.0408
12.4089
43.1114
11.9106
24.6894
6.80067
13.4204
55.8726
52.3107
16.1274
32.1177
16.3513
10.446
39.0979
5.46572
18.7507
15.5193
43.6546
50.4677
22.8083
26.5575
5.11169
50.0474
2.18497
5.80807
29.5011
30.0004
5.3912
40.7296
7.22873
34.6935
23.1138
16.6919
9.51464
7.80118
48.4524
9.43062
6.40833
14.0019
26.6141
59.9358
7.87514
57.6096
8.13318
2.54153
12.2347
12.2628
32.702
4.15429
17.9541
31.3161
0.864453
2.29604
11.3695
21.7892
19.0795
14.3152
1.99859
9.49081
32.4703
24.2525
10.2934
18.4446
22.5638
19.0316
47.8915
0.90923
4.49243
13.8567
26.4459
12.8513
18.732
54.1327
31.5356
3.37068
3.30181
12.9823
0.7168
11.9413
14.9093
63.7765
25.9143
52.2627
45.6566
45.7071
35.2406
17.6378
4.0037
6.62617
62.8593
23.8607
5.16504
33.6807
49.0851
16.2888
61.3983
6.27332
46.5106
19.0628
3.99911
13.7175
37.3594
8.11051
29.9369
8.13619
44.7262
2.05686
30.8177
20.0401
53.6737
4.59117
16.1536
7.89506
8.79568
15.6556
60.7166
41.5532
11.6126
45.5565
8.23053
12.7183
1.65441
62.0698
30.223
3.36767
23.0833
6.24403
15.4747
12.5028
13.5792
10.783
17.9606
15.6007
12.4299
18.6139
47.4387
7.04673
11.8335
4.74859
46.2671
12.6089
53.2998
47.0607
51.6102
56.195
17.4032
13.2691
7.91072
18.0792
22.0211
55.4311
20.5733
17.6138
18.8748
5.15969
4.07124
1.74355
7.19817
13.3677
0.619721
18.9083
18.8535
5.84559
5.00861
54.8065
9.10968
26.1231
53.5863
27.6638
46.8574
14.7051
7.21374
16.8003
3.84349
40.9175
43.6013
38.4577
16.8345
37.0468
43.0278
12.7376
25.0494
36.7543
18.8962
12.9748
6.77654
42.5137
44.8558
25.1492
11.2476
0.713166
18.9845
18.311
57.9804
57.4456
29.5511
14.221
6.10346
19.1089
3.30761
5.39075
23.1567
20.5928
2.55381
29.657
9.05329
0.51918
40.2999
28.1139
24.2361
6.5007
14.1355
32.3387
16.1024
3.94444
5.31482
12.1522
5.78472
39.8355
41.9317
47.9395
1.44999
14.9646
15.0201
10.4441
4.16539
45.6771
53.6719
3.79885
24.7855
3.81322
33.7039
5.19215
0.739943
13.3622
9.55878
59.306
7.71507
9.04674
46.6321
30.2684
15.1313
12.4337
7.71936
49.1147
14.9264
8.85712
46.5379
5.97299
43.9426
49.254
1.93672
58.152
17.2868
22.5205
62.1766
33.4571
57.7494
39.4852
49.2662
46.3163
59.6973
14.7956
9.71067
3.96599
4.8774
9.85508
14.0784
3.27529
0.781979
44.6303
14.5432
18.4056
19.0513
42.1775
49.1161
29.7497
45.7732
56.2221
62.6316
18.4919
1.08875
1.14403
13.0385
18.2567
10.8856
1.80331
22.9518
29.3513
54.6961
32.9942
28.6623
60.9235
63.0246
10.0219
9.052
7.73758
14.1267
12.4325
31.5391
14.5348
18.7313
17.7086
48.5855
15.0176
51.3055
63.4265
5.75978
1.59005
38.6171
23.0825
9.04974
42.3932
10.1536
50.5565
27.7252
12.5016
17.6179
22.2968
53.9994
52.6971
54.6857
6.3449
17.8316
21.8926
38.626
17.6607
10.348
49.5357
14.4756
0.727829
52.8018
26.9294
13.9102
62.217
12.7925
14.6564
9.76161
35.8093
2.89888
9.14138
6.2799
15.2952
51.0195
50.9753
36.7903
63.3539
17.0151
30.8424
6.16201
14.5222
27.125
49.521
51.138
15.8526
3.82343
2.09754
36.318
31.0757
63.0664
26.1546
61.2629
7.2436
9.93834
17.4559
4.87119
20.6199
5.62263
10.5423
17.4729
52.1367
0.410168
11.0038
48.397
1.22897
30.7057
41.3845
14.9168
17.5163
45.3962
15.2897
6.79982
8.55194
54.9344
2.28317
2.32762
48.9062
18.0447
4.64292
10.0513
4.27469
12.7059
3.64326
9.19522
53.1071
54.6689
11.0485
63.6904
8.20617
18.8183
3.1779
43.3718
13.8259
11.4927
44.8214
15.1234
13.172
4.45521
15.3036
1.67343
7.33244
15.5978
23.2146
53.4148
12.8106
18.4253
17.1574
11.6946
37.9255
48.5012
0.256662
43.1834
37.8737
61.5743
25.8938
16.9577
28.433
10.6279
53.6394
7.6358
1.14312
13.6296
8.33432
17.4035
3.27219
10.1951
12.7916
44.6042
13.8946
58.2458
10.822
6.06269
24.0137
29.5074
51.9111
25.0673
46.1379
21.0408
61.5611
5.27175
2.67892
9.94005
25.8685
15.3698
12.409
15.3215
17.7726
28.9125
13.6076
41.6798
5.1718
7.86474
30.8809
13.9836
4.28185
46.0558
5.27299
17.4948
1.47301
61.266
17.9391
6.53139
18.9554
21.3743
16.9283
0.212975
44.7876
35.3458
38.7978
10.4177
52.2981
31.4119
25.0055
24.1659
59.7412
11.2671
28.1212
60.6646
50.1185
2.55152
46.0142
7.02009
55.6077
2.72008
0.742662
60.3199
0.990974
33.6534
15.5597
39.4645
5.90843
55.2967
62.5185
7.63793
51.6126
19.6021
52.8468
14.7529
16.0492
2.55762
9.71346
29.224
32.3512
28.502
9.34374
58.3484
55.5383
3.17356
9.02593
60.5411
14.8649
6.28914
21.2889
11.5737
61.1124
57.284
11.5669
62.3326
2.81677
2.9845
53.283
2.35084
1.01441
7.62695
8.47875
11.8826
3.95494
16.0836
5.88198
14.089
10.9097
56.694
0.886001
45.898
56.2024
61.5515
9.03811
18.8266
2.16414
42.5168
36.2714
0.715847
22.9418
23.6484
8.6965
0.906358
22.4018
46.0681
2.02274
4.78137
16.7522
51.0176
9.01791
12.1676
32.1703
16.6449
36.0751
2.90533
28.7771
15.1375
18.1136
15.2936
17.5932
38.2664
59.8112
58.1054
4.37823
0.94349
16.9513
30.6308
11.746
60.6687
17.6504
6.03901
15.9067
31.3894
14.8544
14.452
30.7658
38.9761
1.29914
30.058
4.68182
62.0565
30.3091
1.43072
42.7588
14.2482
58.8462
19.0883
53.8539
1.85158
21.5222
17.5824
1.39214
5.63238
9.50665
37.7921
6.25551
5.63816
7.87892
28.4603
63.4091
1.59924
16.1582
1.77451
19.9095
53.3334
16.4477
32.7836
47.0829
25.2848
42.6543
15.9153
14.5171
8.74643
0.793876
3.81258
16.0531
40.0306
12.4279
12.4115
14.4805
12.2983
7.19474
57.3524
1.73005
62.0782
5.75294
27.3694
12.2346
9.67318
30.7317
12.1021
5.39149
3.15631
50.1868
34.6215
7.23698
21.2306
32.9316
17.6492
63.0417
9.70833
48.5794
14.4716
16.59
26.8092
0.694677
45.486
54.7932
16.3146
10.397
6.432
28.6474
16.067
12.9926
4.91637
1.96967
10.6402
14.368
6.58793
16.0747
1.302
15.5234
2.72012
26.7723
9.7312
11.1805
11.46
36.1197
1.65251
11.6727
12.7249
46.346
5.3577
25.2559
5.05666
50.3896
5.18725
13.2743
25.5942
1.74996
30.7059
10.6645
44.2425
35.9265
62.5441
14.032
7.68159
12.9225
10.3449
38.5036
55.8468
8.54126
18.6159
22.1575
14.9594
3.78498
59.3224
39.7728
13.5076
3.98559
2.60767
33.2143
37.9977
5.63829
23.8263
57.9561
0.0620937
9.13342
27.2872
17.1104
16.4831
36.5506
7.15998
15.126
6.77619
27.9402
44.5003
11.2482
20.1487
10.211
40.6703
15.9903
16.0443
13.0645
4.07976
17.8516
12.7268
19.9756
17.4489
8.92136
10.4165
6.62287
15.7097
11.784
18.5968
60.9481
1.19863
43.0777
9.13393
12.1797
8.2421
27.1286
45.6296
16.6117
17.1769
17.0013
39.8055
58.8879
10.2944
6.44061
7.17329
14.172
13.5182
24.8496
36.7068
24.3012
3.92365
33.8146
5.3833
3.19516
42.3722
26.0802
0.451161
28.2609
14.2574
19.4735
4.35003
49.9345
53.8007
19.1556
62.8345
51.9229
37.4538
59.2836
11.8118
33.7064
58.1707
24.0156
10.5881
10.6367
43.3425
4.02983
40.5034
62.5844
6.93116
44.2907
16.1521
57.7536
10.7143
8.38722
13.4565
45.8532
22.775
31.7937
22.1363
0.875949
46.742
46.4168
4.27675
48.9877
17.4054
60.0977
25.0918
15.8637
36.3544
20.0156
2.64087
44.7763
50.9784
13.9309
2.25793
17.0385
12.0068
6.47886
44.4764
10.7721
12.2234
14.4293
7.21543
52.5108
52.5754
14.8215
14.8884
23.618
34.3761
5.66506
4.82557
9.59835
56.8876
49.4953
26.0225
7.33823
33.7935
45.381
4.58338
12.7907
43.1683
14.1991
5.53489
11.8848
13.5525
25.9693
10.6711
51.7288
25.5101
25.8813
19.129
9.15381
53.2312
33.7052
54.3869
11.1933
32.4931
36.7385
12.3135
2.69126
31.2675
1.10348
58.7618
2.55034
40.3519
14.4361
2.39399
52.6197
54.9096
13.4498
25.2194
8.53652
40.2367
3.20076
6.67714
61.6287
31.9502
1.84809
43.5555
9.60405
13.3623
16.4907
5.65812
18.2363
11.6256
9.74799
28.0367
2.1494
25.8152
5.5477
48.8863
4.74352
1.15187
18.4607
15.0642
0.347363
12.4841
26.7105
6.67969
29.0748
61.4623
17.3447
41.4393
13.2968
6.75464
62.5562
19.1234
44.7863
39.137
17.7949
1.30633
13.5239
8.5397
6.49747
6.53148
4.91777
4.43196
27.2153
10.8659
24.4048
30.8627
8.54671
17.7786
21.1782
10.2842
0.996853
50.4568
38.6997
1.96653
52.5677
16.6082
35.633
53.7394
18.3671
32.2385
35.5761
28.4074
16.7522
6.29623
17.2785
6.74296
5.95555
1.99541
9.00086
1.153
19.9333
3.67544
1.21193
18.5799
0.0420044
16.8138
19.9713
43.1895
34.2225
54.0585
25.8041
2.28179
0.505991
17.2462
15.6186
3.89166
13.8758
13.3445
18.0223
11.4926
16.5198
12.3837
15.0762
44.9367
8.21348
20.5528
50.8711
10.7884
3.63607
5.06925
20.438
5.2107
11.4644
16.6307
9.30031
8.13049
17.2488
7.44171
53.6387
5.50077
7.64925
36.5511
0.978763
33.6015
15.6579
58.1809
45.1255
3.723
16.9644
53.3481
12.5311
14.1382
48.0516
17.3678
9.06355
54.3626
35.9287
18.2953
16.5012
32.0802
41.9999
43.573
12.4651
14.6419
5.87068
24.5338
1.4588
17.2824
50.9815
12.6929
46.1591
37.7655
8.09586
18.038
50.0619
33.8538
63.7582
6.11353
55.4474
53.7106
6.02557
61.9167
16.2209
38.6521
30.8945
62.0649
12.0112
13.7249
50.8222
2.31318
21.7053
6.5218
16.5182
45.3688
5.5073
10.0884
46.5231
7.38001
20.8492
63.0324
18.1206
62.5657
22.7093
39.1144
5.24474
13.0637
11.1835
32.385
14.0093
9.22219
42.8889
5.83528
63.2747
57.5951
55.235
2.14921
16.1788
6.86789
43.8626
5.1888
7.56345
60.8822
9.26192
13.6281
4.21946
16.1595
1.4298
13.7268
18.3907
49.5051
38.9334
0.666114
8.65033
5.2176
60.3953
24.7201
4.99223
7.47642
7.54535
1.49073
8.48643
63.7161
41.9991
11.4516
1.48092
8.58481
0.467172
18.0105
6.25918
0.43366
12.9391
59.9143
61.3482
17.2905
9.48927
30.6907
52.261
19.9348
1.69799
18.4859
46.7517
30.7594
6.56333
4.51247
1.37899
61.8617
25.9195
5.85493
15.2889
3.39575
2.43279
16.7341
5.96971
2.65582
14.852
5.11129
12.6
1.49731
14.725
7.44481
3.82726
8.61411
43.873
39.7316
6.60714
9.36309
57.2628
7.68206
21.3968
61.5062
52.7183
0.635203
28.7757
41.58
6.69644
22.5613
37.7267
3.49775
0.95128
46.3718
9.4165
48.3693
37.3903
45.15
18.3049
4.2277
14.434
58.9678
15.291
2.64992
56.6105
28.0499
12.0891
0.0479679
9.96764
5.56399
13.4319
7.97984
17.2091
15.3389
16.9514
15.9315
24.9158
0.883362
51.505
19.1303
36.8708
4.40712
22.1113
11.5149
6.71596
14.6963
11.8448
14.6178
7.40168
52.7369
48.9592
52.1828
3.94335
10.7965
18.9452
14.9306
3.44808
10.7192
10.2253
1.01051
6.75541
3.6169
32.8034
13.2953
22.3445
8.50271
19.779
24.5113
8.47415
6.36492
15.3378
9.20402
13.8967
16.8242
52.2871
13.9258
16.8715
25.99
0.657204
49.4681
24.5089
5.54993
13.281
2.68741
5.06296
11.6421
6.97275
25.6164
47.9262
18.1285
51.8787
61.5905
45.6673
18.5286
8.98195
56.3052
8.28217
22.7386
4.96174
3.9455
9.1777
56.4737
28.659
52.1178
17.5113
0.974188
25.6558
11.0031
10.3717
35.982
2.46389
8.77442
58.7637
29.7789
15.2845
4.31042
1.0164
4.42894
7.49614
1.15356
18.3344
17.5299
38.1047
17.3208
26.3433
50.4369
39.7544
7.04839
46.8795
47.2124
4.14565
43.2681
9.47513
17.9958
56.4894
46.4775
46.4279
61.2635
15.8589
3.87176
28.8128
34.1012
14.3354
12.9563
24.6362
3.38179
25.3715
17.2466
8.64757
14.6695
6.09309
50.0089
44.4188
47.7842
6.81483
44.7002
39.6157
4.83508
15.1794
13.2992
7.46636
27.9644
3.82433
50.1771
46.4731
15.8717
16.7937
5.07031
18.6355
11.913
60.0114
26.5841
17.1228
62.7344
15.4261
24.1898
13.5117
16.7592
32.3242
6.72935
15.9966
7.91157
19.1709
14.0478
12.8602
53.1172
10.6351
17.5791
23.1281
22.7742
62.6259
1.71754
17.91
14.5146
4.36938
56.5954
16.6471
14.7138
44.0731
21.3127
12.3591
7.2863
53.4581
12.8117
30.5814
14.7521
10.2109
13.5543
2.35825
6.99727
44.5439
4.0589
44.7803
52.4777
12.6297
16.2257
29.9292
6.27494
44.813
31.9575
9.34055
43.1314
32.3852
5.8918
29.7768
11.2334
38.4391
0.80136
3.84608
41.6984
1.26215
0.324346
10.5662
20.8423
50.2655
3.93764
18.534
6.55745
17.5564
12.6696
8.94761
17.0845
18.5497
13.8343
19.2473
42.9711
5.87975
42.9962
56.39
17.201
28.2359
1.24311
9.23341
6.04999
27.6576
10.0851
50.3579
10.5924
2.08948
23.7655
56.7908
5.18898
10.2023
30.3118
11.2735
5.54173
10.9644
52.4982
16.9213
9.63131
20.6449
54.6123
44.5085
53.3652
14.7036
21.2658
11.693
13.6821
14.9458
12.7346
28.6127
14.2693
15.6128
3.27524
13.2949
8.80064
16.0886
9.28112
22.3423
63.0744
46.5362
6.56935
3.44301
57.0859
36.5913
1.40896
0.039723
55.554
27.171
8.7179
7.35071
10.7242
16.3461
18.1561
4.83947
6.65625
3.86587
60.2759
32.7776
9.73581
25.7498
63.5231
43.1774
17.0081
5.4491
24.4788
54.0909
11.5589
9.7169
9.57617
15.5832
63.5862
18.8688
17.1311
7.15313
16.0574
34.6526
57.1248
7.89115
11.8277
2.95469
12.2846
16.4704
7.3596
27.8546
12.8795
21.5607
28.0797
6.41791
37.8838
16.5231
45.7528
5.18143
17.4301
16.143
11.0108
9.84984
18.5301
61.4191
9.02648
36.3475
8.07571
11.1625
48.7773
63.7702
23.805
12.9483
11.1559
25.0818
13.1656
6.35021
16.6473
0.795606
3.36704
16.8278
19.1018
38.7199
47.3753
2.49858
34.7701
10.3933
36.6722
11.4709
19.1019
16.8444
0.508507
9.37172
0.875165
61.0119
4.44316
6.32665
17.6719
5.84985
13.8168
35.9089
26.3943
5.03213
18.6331
5.36541
3.60776
2.16372
13.0587
24.5176
63.9961
62.0011
3.82577
7.90905
52.8017
59.2778
1.05277
16.6719
14.6389
34.7814
34.2119
36.3239
9.76295
10.8989
8.31507
3.99429
4.28286
11.7503
53.7191
4.45823
6.85839
1.49304
1.18442
39.0913
51.0887
10.3444
4.14249
3.82874
20.3492
1.27072
56.3267
48.2986
26.7944
11.0683
12.3166
62.3078
45.059
16.3782
47.1451
21.3438
50.0321
37.2151
16.6202
16.8243
62.9876
1.49141
34.2158
7.30222
52.9134
0.542719
17.0824
1.41009
29.3042
17.6444
5.19092
5.00402
53.1278
6.18464
15.2399
8.97742
10.0172
53.5554
2.40103
44.0636
13.1115
3.62367
15.579
9.39322
25.0695
11.6422
8.63528
12.4161
16.7884
23.0209
31.8266
59.6783
18.7044
55.6092
2.25441
9.95567
41.0257
13.5537
61.8982
1.15116
5.10614
11.8316
49.0935
5.32518
11.6384
13.6875
4.97274
27.559
14.4929
1.77684
28.1049
15.6597
7.66114
57.5806
60.4997
5.03729
41.1865
57.3568
15.9137
18.5248
14.5257
14.2346
23.256
11.0211
9.73858
9.30262
57.921
8.51124
16.4636
16.3801
34.4923
62.6292
39.4429
49.6747
35.6092
14.1639
20.0526
19.3015
0.299472
3.45734
4.53906
7.10638
61.0637
7.46334
11.705
32.8247
15.6621
8.7392
43.4922
1.92613
1.43072
61.7051
9.99577
44.2596
2.5985
59.7729
44.343
23.8325
12.4811
41.0059
46.9926
51.6671
60.5368
7.99967
37.6968
29.5351
9.88008
25.1835
3.15901
1.27589
34.1539
28.0633
3.0473
2.82467
48.9293
14.5706
47.0164
2.51575
1.6323
34.4077
24.7887
24.3131
16.5943
37.4495
12.0987
33.3929
5.51264
13.6457
38.7893
6.83198
59.3387
4.85592
24.0965
15.6417
1.17708
5.0314
29.9621
41.1357
14.8817
15.3651
3.40872
5.24016
11.7868
4.38518
6.67564
4.75261
43.8712
11.193
2.87826
3.11342
54.4077
4.73092
18.9088
54.7519
18.5536
10.4447
56.2589
20.6272
0.443387
13.5597
17.6762
17.6519
26.1088
10.2849
17.7449
17.856
7.24534
29.0726
16.9903
1.2605
17.1397
12.8548
17.8089
21.386
17.4822
31.8305
17.6389
11.5013
17.0224
53.6042
47.1527
34.8696
8.09679
53.2046
11.9901
58.522
51.2651
31.7371
37.3163
13.0125
14.8506
4.3511
60.0098
62.6268
14.8244
13.3266
1.88275
2.27646
47.4888
18.0696
29.1542
14.1671
12.8498
5.33426
7.85601
17.4578
58.4784
62.8766
35.9946
11.1931
9.04847
51.622
12.1797
7.53291
44.675
17.4094
2.74856
45.8706
10.8513
47.1398
19.071
46.8673
5.92126
1.56932
5.90791
1.56796
1.39382
11.3081
6.6921
57.7506
15.8275
58.9747
55.5708
1.16338
55.9588
2.00233
5.95866
49.0902
17.3346
16.5461
37.7424
25.2947
63.0946
27.5454
58.6615
6.93496
12.5062
58.0139
8.87213
14.2011
9.20487
48.5334
60.8526
58.5198
9.77257
18.4288
30.5677
16.371
9.39426
36.8315
7.32503
51.8812
51.4006
53.1565
56.4638
7.59464
3.92813
17.5543
18.1663
58.2075
28.7522
7.45686
11.139
32.4687
43.0111
62.2437
14.8803
11.1108
6.38035
8.89066
57.7547
9.98606
3.79763
57.3866
15.0686
4.29018
4.66886
6.68713
16.3381
17.883
40.6877
13.5945
59.917
24.9183
57.7655
3.03
6.9245
34.759
5.81
9.72373
41.6762
60.8574
29.2705
55.4276
61.163
36.3546
8.19889
0.380391
0.921081
27.5831
12.1757
6.99103
4.90443
26.9313
3.80531
4.73585
32.0537
1.37475
2.07258
42.6317
5.24532
7.27955
15.8882
7.78085
36.4483
27.9133
28.0099
15.1115
10.4413
9.50779
17.987
35.6654
0.523315
12.8924
15.5268
49.2645
62.8909
30.9287
8.48148
5.51696
13.1059
31.1507
34.1604
22.0888
5.31667
15.7409
11.6757
12.2908
5.26632
13.9584
17.2572
40.6619
35.5712
40.6191
58.3061
7.10408
13.4082
46.2776
21.1868
41.8857
44.7795
5.01524
51.1697
4.18173
6.68546
10.1421
44.101
38.309
26.3776
17.0292
14.0771
32.9068
17.1474
0.250295
4.27585
50.4103
4.09597
8.2522
3.39387
11.1994
9.37707
3.82012
9.49055
17.2839
56.9483
6.69013
14.4717
1.20037
17.0113
36.4802
7.61905
17.1912
42.4646
11.6963
4.14015
17.026
9.7158
16.5485
57.8013
10.6691
45.1187
18.0114
7.77784
17.9065
5.44092
11.6325
14.8842
36.6714
18.5486
52.9553
7.11947
25.973
19.3143
34.51
36.8769
5.47364
15.2532
54.5937
14.2828
15.6541
2.70851
15.3282
8.06678
22.6591
5.58586
14.8431
53.2263
8.30704
8.03694
9.44048
38.4028
57.4992
14.0622
62.9381
8.68009
14.4845
14.3039
15.4892
14.4634
10.6006
42.0281
8.22489
51.5942
13.7181
59.3168
13.3324
61.662
5.87943
14.1737
29.7576
14.7569
4.58981
51.3306
37.7199
53.3227
6.9912
5.93057
56.8573
25.2295
3.98
4.94016
13.0013
16.5889
17.1095
31.815
2.94288
7.55385
60.3199
28.8159
13.0312
15.8518
57.0654
12.0429
32.4026
27.2082
6.84224
17.3845
51.3428
30.3703
63.5962
8.75284
21.8975
1.31901
51.2571
7.82197
17.0801
7.37968
35.8891
3.00016
0.166666
13.5022
6.51409
11.6903
9.29465
11.0004
13.4053
30.5881
50.0826
47.3778
47.1209
18.2057
1.36128
17.2947
4.66309
9.19798
41.0468
1.95614
50.0739
29.5031
10.7063
19.6481
15.0877
3.94322
17.4598
8.43598
41.8975
7.42035
58.7064
8.35426
22.8716
32.5322
12.574
6.41735
4.82084
10.8967
5.70805
27.9802
6.46282
17.5534
34.1588
6.10015
25.7285
37.9192
37.9542
22.4597
23.8137
56.4389
1.14792
48.921
48.2408
11.9617
28.6586
43.9617
4.96353
15.4313
47.5354
0.719282
60.0913
13.0364
17.6501
55.8704
0.365424
11.662
4.90709
59.9455
0.0785536
3.89712
13.972
31.4616
10.6993
15.1997
9.87156
12.2514
10.4253
4.95622
16.2856
5.75951
30.7046
7.37408
42.8489
44.4936
7.76199
11.7464
25.1325
14.79
50.3883
41.4454
20.9004
7.75876
4.43904
51.7738
34.429
38.1251
33.7998
0.780293
6.29693
7.3176
31.5241
4.18015
14.0096
11.0437
51.7921
37.789
53.8794
12.0629
61.198
1.46219
62.3052
13.8577
26.772
18.5366
9.57243
35.0719
63.1203
3.37091
11.8543
0.88593
0.619822
3.94257
62.5548
10.9715
13.8279
34.8326
6.57479
13.378
32.2112
17.1726
45.787
16.9371
8.62063
29.9349
42.7805
2.67005
16.7551
5.76023
12.1005
6.42508
54.5904
12.8829
50.1589
61.0837
40.918
9.91643
6.08423
2.92233
33.1003
13.1823
55.5305
22.322
24.9176
13.6905
35.5992
54.9882
39.5161
16.5307
50.0303
18.4055
17.6117
47.2384
4.23843
9.23417
10.2432
24.0021
16.4202
32.1626
60.3987
63.021
22.5197
6.34181
4.62863
14.6442
2.51932
4.34185
12.0214
31.2329
3.3282
12.2052
5.50985
4.5659
2.83522
16.8875
12.1926
1.86953
47.8553
30.3852
30.8053
5.97961
14.4455
11.5316
13.7939
7.66959
2.28997
9.88857
44.8205
35.3574
15.7193
12.6111
3.45865
45.6221
18.7601
5.55363
10.756
10.6215
7.81112
17.4775
0.154046
52.5043
1.76108
13.3765
0.0474145
47.6214
47.8795
35.798
41.1807
43.2703
57.7482
15.385
17.9037
50.8802
38.4268
25.2557
17.9294
61.7018
17.7796
11.7579
47.6117
51.5965
4.43946
18.6406
7.73896
16.93
2.97907
14.0802
23.9828
19.7339
15.7422
4.43684
42.6694
6.92476
14.2615
45.1296
21.171
7.90098
51.2803
20.9426
8.17279
0.308376
40.0661
6.87349
10.2403
57.4575
21.4018
58.9443
23.4723
4.42825
9.42592
29.7455
15.9413
12.7812
16.9733
10.687
61.5579
5.10512
33.7304
30.8336
43.899
1.04987
39.0583
28.5704
15.5179
5.6847
10.2107
52.2577
8.89774
6.95978
5.43
9.48797
63.1604
40.3355
7.56709
8.59766
10.5721
30.1293
14.0238
25.204
22.4692
19.3684
7.00173
47.3929
48.8661
12.1542
26.4364
25.906
12.0821
57.9619
32.4678
3.65556
46.4405
5.88089
17.2244
40.7756
35.4571
24.227
16.1056
56.2869
14.1696
53.531
18.4463
63.0137
16.3772
10.3531
1.1367
53.2907
16.8942
1.97955
50.9097
13.5906
2.87632
3.95207
31.6674
14.8234
39.075
61.1151
0.388665
3.71985
2.09999
49.1271
13.3856
17.129
3.74967
61.6243
24.4739
11.122
23.6649
30.388
21.604
5.74091
16.8604
5.97434
62.9755
10.0874
15.0999
4.47943
15.5752
6.45173
14.7903
8.40998
2.35765
15.8465
51.9756
36.4992
10.5588
14.3639
33.0474
50.4405
18.2318
28.1915
19.104
18.3371
15.1389
8.89712
0.993522
10.4734
29.7323
16.6846
26.2095
14.4278
15.4246
1.80374
44.7963
24.5009
12.9992
6.00365
31.9733
37.7706
16.546
17.6537
38.4864
12.9807
18.2878
1.18321
19.2283
1.39791
0.226885
1.51377
37.1539
43.9583
46.0085
2.81898
45.6858
8.87295
57.4561
0.773088
41.4136
1.09235
3.09771
17.4983
37.3139
36.7547
17.2305
60.961
4.42146
5.75889
2.26264
12.0439
36.3166
50.2327
17.961
3.42219
46.6885
12.8736
49.7384
42.1896
13.6909
62.8442
37.2437
42.7427
29.7195
15.9127
21.6856
55.4299
14.1934
3.5612
46.7743
16.37
24.9548
17.8494
56.9965
2.97251
24.3922
13.2426
35.3235
34.5286
52.465
48.336
7.70398
23.7907
18.2628
36.0386
21.1012
2.71271
16.678
39.7595
6.04197
17.4345
47.7883
61.2844
34.0503
6.83212
48.4194
45.3035
26.0304
53.3375
11.6521
52.9056
58.9031
6.66435
9.32511
28.0096
8.79264
62.1457
58.1231
51.8862
7.80181
24.2866
61.7267
19.8748
11.6302
0.33961
36.9166
12.5698
5.98648
41.2933
9.67621
25.2149
34.8169
30.7608
30.9652
4.76551
32.183
14.4024
6.52107
10.7103
4.95429
5.34394
51.321
10.6333
6.32025
14.2098
7.35381
35.6005
27.7072
56.3207
38.4563
2.22325
52.9915
13.3022
14.9106
42.7204
8.23691
4.69924
44.1299
14.1034
1.83903
55.2665
57.6101
51.6192
15.298
6.2101
15.4722
51.0847
61.4293
6.0065
4.56774
7.6399
30.8291
15.9988
5.79245
20.6639
14.3628
9.68388
7.62958
25.968
54.4216
33.7055
63.9548
49.6268
56.945
58.7622
2.53134
53.0058
14.8253
5.89919
12.7199
1.59522
11.8605
12.0781
51.226
50.2018
43.7937
18.852
49.6909
37.6315
4.05151
47.4438
23.0754
41.4022
12.414
2.22027
5.58561
8.96589
41.3213
2.37332
16.8531
20.7468
14.3464
8.80871
50.5615
11.0381
56.0203
16.195
13.6327
10.1309
7.18162
6.06334
31.7001
11.4661
6.76781
9.98714
42.8423
58.7131
9.9213
9.27569
9.94901
18.4595
4.00315
18.7579
7.95781
10.9702
6.47177
41.0595
32.419
10.1565
16.2616
10.168
11.0496
3.85281
56.689
23.6581
17.0189
26.1148
0.337293
53.0431
19.4602
29.5547
12.7158
17.2828
19.274
59.6034
25.4277
47.7402
17.6659
60.2904
58.3075
5.66233
3.01399
1.08771
2.77562
51.3809
11.8514
15.2959
10.3646
7.32335
10.7362
58.3147
6.75654
7.79921
31.3147
15.3136
6.66854
5.0861
52.6521
7.25154
57.0624
51.9885
26.1238
6.96543
47.6536
36.9586
8.7781
48.2326
55.2226
63.8502
19.1415
3.12361
7.86278
54.1808
15.1674
13.4181
50.1643
48.7939
15.7705
38.7399
38.26
9.87926
53.0797
22.4569
6.29625
52.5413
19.478
0.822417
45.2448
15.6448
45.0512
63.0968
45.6616
3.47345
52.3534
54.5265
5.98904
0.875334
8.88915
17.8102
3.51403
3.89678
11.9055
59.2005
3.88467
26.5126
25.4892
43.6034
28.2795
15.0522
1.39949
3.6569
5.04252
27.5249
8.07278
14.6686
17.4272
0.162287
13.9978
0.570754
3.20558
1.16883
7.61358
45.627
8.93124
14.1852
10.2083
6.69293
7.68117
50.6209
18.8402
10.872
29.316
56.7906
34.2821
45.2532
7.21603
12.3322
4.16899
11.3988
14.1019
53.6489
10.8566
60.4842
12.3735
29.3538
4.15906
41.2039
0.910244
2.65667
1.28504
32.4782
12.0297
18.259
46.6364
49.4877
18.1833
16.7561
1.58514
62.1909
32.209
9.65031
63.0353
46.6789
36.2441
12.6374
45.1298
8.72968
14.4719
47.1565
37.0056
33.5201
32.6843
10.9895
18.4326
57.9535
2.41399
2.37745
11.3426
53.9887
2.08839
0.0070921
4.49945
53.9703
5.66435
5.25338
12.1724
5.14855
34.2717
40.9492
13.1884
29.6958
3.92873
18.9414
22.7353
10.5875
32.4327
0.138255
8.3644
4.51738
51.7233
17.822
7.21327
0.107177
16.2471
9.29395
10.476
62.0475
51.8882
19.0394
52.2775
7.25463
44.4958
16.239
12.1731
18.4585
8.12311
39.9006
26.8614
47.708
17.1228
13.345
7.39841
6.50389
1.84986
34.5775
35.4296
10.6991
8.45034
31.8164
16.8647
6.86328
42.7211
1.70218
33.1895
17.1873
0.281216
41.9151
1.23146
0.497454
4.64921
31.2229
16.8963
39.1555
12.4677
50.206
60.3467
11.6761
27.4517
33.2809
18.5588
60.0479
1.36905
33.6788
6.75115
5.67887
60.6212
21.4983
13.3362
14.5295
7.80583
50.7374
25.2604
9.27724
12.034
9.84538
2.71753
9.57182
6.52239
20.0789
35.8569
28.7948
39.8524
4.27595
43.1585
18.1171
33.9355
46.4244
39.5309
5.99933
1.07731
11.0999
16.914
53.856
8.32201
13.2858
13.6746
2.4056
61.1432
54.1677
4.50566
4.80669
58.1621
55.597
42.4387
10.4597
26.0526
12.9236
3.68551
31.8833
3.1248
6.49937
20.4555
2.26437
4.15698
1.28124
7.87294
23.2802
11.1456
2.06801
0.920394
45.108
43.1815
1.30142
47.1329
25.427
7.88156
45.7926
28.6176
5.68139
22.3902
48.1354
14.0489
14.4368
42.3563
60.0406
9.74687
0.118226
12.1234
47.9927
9.68269
48.7778
3.66745
42.1223
35.8496
3.125
26.0638
60.9328
39.643
7.09001
56.4967
13.8825
2.9249
48.3838
0.701336
7.38634
0.300619
2.96312
20.4243
5.88234
19.1387
13.5567
17.1616
63.1162
6.85107
1.19105
35.8339
33.0851
22.3972
16.829
45.7592
10.7316
17.1768
62.0029
15.7142
16.0153
56.5359
1.73056
11.9341
5.44326
27.0439
12.2817
33.6741
27.7695
16.6805
1.19162
54.8652
44.786
5.04443
2.67745
9.85557
24.9088
9.24191
25.0607
9.1732
9.83635
15.0792
27.0972
2.83142
44.4453
19.7738
26.3625
11.2609
34.9258
28.9341
12.7029
26.2379
3.67144
9.84488
4.29218
15.4493
6.36541
57.3412
28.2804
14.9586
16.0286
15.4843
56.8246
60.3867
39.9605
17.1536
24.8321
61.1087
35.7593
11.4806
26.8592
9.72325
13.945
1.78138
45.6775
3.78671
8.74212
16.5438
13.1833
59.1142
37.1292
48.4797
12.7781
0.476728
49.0992
33.9641
0.625526
13.7928
12.3088
16.1994
23.7168
16.0921
12.1632
8.98944
4.19368
61.1403
14.5657
9.53118
8.61821
0.0900024
40.3933
1.1023
30.351
2.27745
59.3197
55.7397
54.9712
24.371
17.3872
26.2469
0.0977612
30.1952
18.3561
32.6545
23.6576
1.5954
48.2283
33.9016
22.462
11.594
0.895332
40.7598
23.3358
16.039
18.7835
20.7321
16.313
63.984
6.46741
33.3354
56.395
8.86116
8.80299
9.64147
40.1366
6.12846
38.1924
27.7473
3.55883
57.1056
25.2118
61.9923
18.9421
12.4843
57.7155
10.4063
5.51684
14.8725
1.13712
0.746932
15.8781
40.3437
15.3546
3.36661
5.60896
44.2682
0.0348101
0.131935
22.9579
27.5053
48.2222
3.30868
4.11342
6.74401
0.0986976
7.39024
38.3593
11.6426
7.0791
2.93041
10.5044
62
63.0465
8.96787
2.90497
15.66
11.4193
7.74181
7.43739
0.0493788
14.9544
15.5016
10.1213
21.1009
2.24268
8.1468
23.9066
6.11045
29.5138
0.742184
8.79197
32.0525
32.4726
12.6958
17.4913
15.1958
60.9734
25.5155
37.4237
38.5905
13.1623
8.41756
41.2196
1.86455
26.1724
43.8026
1.70962
27.714
5.49162
27.191
5.42998
16.2599
9.91835
26.2313
6.0233
18.5822
13.63
6.62671
20.9303
29.5567
47.3167
33.9258
39.3001
36.5104
0.804981
7.95311
12.0813
19.6589
58.5312
16.666
7.80652
7.28793
5.93648
16.5893
16.7652
11.2141
40.2343
1.86111
29.9996
17.6822
15.2384
7.80405
9.58398
15.5274
1.64291
52.9536
7.49891
10.1002
3.87654
44.9781
15.2568
18.9631
47.2141
2.77012
59.7456
24.4554
8.89743
1.19166
40.4594
7.15264
18.1362
49.0473
26.9879
13.5457
63.4281
40.796
16.7775
41.9791
48.0624
12.368
26.4862
59.2089
2.07506
17.0394
22.8278
33.3173
14.3826
10.306
45.3131
5.44501
57.2756
20.5377
0.706314
42.0078
54.9731
3.30507
26.0291
12.3857
42.2517
33.7842
1.64279
50.9844
52.244
0.064283
6.48313
61.4188
52.637
8.78552
8.36036
0.604005
62.6842
13.9896
14.3377
9.03451
8.20059
9.71088
4.57487
15.4078
11.5738
62.0236
14.6273
51.2436
22.8926
46.8336
9.3401
14.8749
9.07685
8.49745
8.74225
54.3662
25.3474
57.0074
1.05169
33.0759
40.1188
59.7786
17.4656
4.6028
45.509
16.8075
11.1854
39.1268
10.397
26.8169
3.66291
16.4389
12.718
60.1378
38.0173
5.7658
12.8425
10.9326
12.5178
17.783
29.3327
2.85464
14.3243
17.3644
59.1159
43.8641
7.28378
40.3818
1.73727
48.286
10.0057
2.11046
6.66613
15.1781
3.1194
29.61
12.4406
18.2767
14.3215
9.9829
44.1954
2.86431
61.2986
12.2755
44.8207
47.1345
7.14911
15.6572
8.20907
37.7237
0.738983
18.973
6.93
1.19758
50.7056
10.717
18.1612
17.4102
25.3067
45.3304
5.42168
27.6532
37.7934
49.9002
8.78821
35.6499
50.3175
46.0039
23.1338
13.0439
63.7373
25.1484
15.1203
11.9644
3.20338
15.8015
9.00083
56.1015
62.3847
39.496
17.7001
28.0485
49.3556
15.424
56.2781
13.0374
18.9295
25.2413
15.3229
1.13096
15.9362
61.1418
39.1504
61.6976
10.4774
14.3691
3.20586
18.7385
6.55968
13.5911
28.6619
10.5932
11.359
17.4536
13.2946
47.6048
18.4804
39.7335
5.856
62.4173
57.5457
44.6858
0.311404
18.0053
19.5485
14.595
0.388381
8.91122
29.8879
3.09878
56.7673
8.38801
33.9774
2.57433
17.8788
16.9808
35.9706
57.7921
35.6021
3.70104
30.0095
18.3096
58.0526
56.488
44.94
12.384
40.0481
5.06253
24.2082
35.465
16.1634
62.9262
51.3811
13.0207
8.31129
29.8923
34.0094
1.9655
37.3745
0.0596768
11.522
20.7251
62.4215
7.45813
62.5347
63.6845
7.14012
41.3477
16.9741
41.962
7.40879
13.4443
34.9494
15.5273
2.98054
10.5088
4.94295
3.76271
6.97284
60.4148
10.9679
2.31974
1.12408
10.8944
13.0779
0.363656
2.65718
10.2358
21.0834
5.2292
22.5552
8.6995
33.0572
4.40487
37.6808
0.0887491
5.53528
51.5186
10.0948
32.9779
21.6413
16.5744
32.9843
10.6322
11.3687
4.2087
24.1322
5.33258
19.6514
4.15847
44.5107
47.844
52.024
16.7031
16.8403
24.9022
15.5762
14.6584
35.9921
15.5885
0.032009
47.5971
38.1614
9.22617
6.8112
29.7999
22.1523
9.67752
59.9867
41.0911
63.5358
38.174
9.94879
27.4984
17.6699
54.6329
17.517
53.9853
25.6569
52.3976
16.9749
29.4766
56.7716
49.8848
13.0142
19.094
16.5246
2.01096
50.9208
55.4494
32.1084
61.4401
2.10099
10.7914
63.1989
15.1381
4.01021
62.6918
57.0297
37.0692
13.8855
3.22748
46.5797
16.8968
20.1326
39.9743
50.0767
1.74918
3.85869
41.7255
5.86186
52.3457
0.301563
3.14802
42.6269
35.2013
9.09347
7.91906
43.5203
34.8406
8.68161
2.33551
1.98221
59.2645
14.0897
0.679027
1.91715
51.9868
7.58542
10.6066
15.5699
37.679
13.7249
26.1931
23.0912
37.7253
25.9413
49.8207
7.43206
33.3213
59.6556
31.3963
58.6052
48.9125
36.6501
2.59114
35.4068
15.6523
7.97092
33.1288
10.1455
8.20377
2.10412
12.7747
10.122
17.9669
22.1699
3.58072
6.9536
10.4405
2.85705
41.309
55.21
7.80087
17.9994
14.4383
13.2591
1.62584
16.4492
24.7669
25.2636
15.4541
9.5612
5.32027
15.9348
12.0393
18.3646
17.9527
36.8966
14.7234
0.271617
56.9682
11.2735
13.7856
56.9017
0.571404
9.8636
21.7571
48.3625
0.221679
2.14341
7.94805
45.6766
14.6262
2.35635
6.28148
13.4462
27.7003
16.1148
7.51369
59.2833
27.6668
62.9785
7.98408
29.5024
10.7396
